<?xml version="1.0" encoding="ISO-8859-1"?>
<requisicao-nova-transacao-celular id="bae9133c-62eb-4f9f-9fe9-2d093283c857" versao="1.3.0">
    <dados-ec>
        <numero>1001734898</numero>
        <chave>e84827130b9837473681c2787007da5914d6359947015a5cdb2b8843db0fa832</chave>
    </dados-ec>
    <dados-pedido>
        <numero>803585136</numero>
        <valor>1000</valor>
        <moeda>986</moeda>
        <data-hora>2013-02-18T14:54:37</data-hora>
        <descricao>[origem:172.16.34.66]</descricao>
        <idioma>PT</idioma>
    </dados-pedido>
    <forma-pagamento>
        <produto>1</produto>
        <parcelas>1</parcelas>
    </forma-pagamento>
    <url-retorno>http://172.16.34.66:7001/lojaexemplo-2.1/retorno.jsp</url-retorno>
    <capturar>false</capturar>
    <campo-livre></campo-livre>
    <gerar-token>false</gerar-token>
</requisicao-nova-transacao-celular>