<?xml version="1.0" encoding="ISO-8859-1"?>
<requisicao-transacao id="f094958b-3b68-4c0b-9e68-3137f24fb308" versao="1.3.0">
    <dados-ec>
        <numero>1006993069</numero>
        <chave>25fbb99741c739dd84d7b06ec78c9bac718838630f30b112d033ce2e621b34f3</chave>
    </dados-ec>
    <dados-portador>
        <numero>4551870000000183</numero>
        <validade>201508</validade>
        <indicador>1</indicador>
        <codigo-seguranca>973</codigo-seguranca>
        <token></token>
    </dados-portador>
    <dados-pedido>
        <numero>1739114311</numero>
        <valor>1000</valor>
        <moeda>986</moeda>
        <data-hora>2013-02-18T15:06:15</data-hora>
        <descricao>[origem:172.16.34.66]</descricao>
        <idioma>PT</idioma>
        <soft-descriptor></soft-descriptor>
    </dados-pedido>
    <forma-pagamento>
        <bandeira>visa</bandeira>
        <produto>1</produto>
        <parcelas>1</parcelas>
    </forma-pagamento>
    <url-retorno>http://172.16.34.66:7001/lojaexemplo-2.1/retorno.jsp</url-retorno>
    <autorizar>3</autorizar>
    <capturar>false</capturar>
    <gerar-token>false</gerar-token>
    <avs><![CDATA[<dados-avs><cpf>12345678901</cpf><endereco>Rua Teste AVS</endereco><complemento>Casa</complemento><numero>123</numero><bairro>Vila AVS</bairro><cep>12345-123</cep></dados-avs>]]></avs>
</requisicao-transacao>