<?xml version="1.0" encoding="ISO-8859-1"?>
<transacao versao="1.3.0" id="394a9152-d713-444b-a65e-b18422d3014f" xmlns="http://ecommerce.cbmp.com.br">
  <tid>10017348980002AC1001</tid>
  <pan>LNMbscj+qFet4cz181fX+3NhM3H5VRcrnaaN0ELzAVo=</pan>
  <dados-pedido>
    <numero>803585136</numero>
    <valor>1000</valor>
    <moeda>986</moeda>
    <data-hora>2013-02-18T14:54:38.507-03:00</data-hora>
    <descricao>[origem:172.16.34.66]</descricao>
    <idioma>PT</idioma>
    <taxa-embarque>0</taxa-embarque>
  </dados-pedido>
  <forma-pagamento>
    <bandeira>mastercard</bandeira>
    <produto>1</produto>
    <parcelas>1</parcelas>
  </forma-pagamento>
  <status>6</status>
  <autenticacao>
    <codigo>6</codigo>
    <mensagem>Autenticada com sucesso</mensagem>
    <data-hora>2013-02-18T14:56:39.464-03:00</data-hora>
    <valor>1000</valor>
    <eci>0</eci>
  </autenticacao>
  <autorizacao>
    <codigo>6</codigo>
    <mensagem>Transa��o autorizada</mensagem>
    <data-hora>2013-02-18T14:56:41.556-03:00</data-hora>
    <valor>1000</valor>
    <lr>00</lr>
    <arp>123456</arp>
    <nsu>000684</nsu>
  </autorizacao>
  <captura>
    <codigo>6</codigo>
    <mensagem>Transacao capturada com sucesso</mensagem>
    <data-hora>2013-02-18T15:18:54.787-03:00</data-hora>
    <valor>1000</valor>
  </captura>
</transacao>