-- --------------------------------------------------------
-- Servidor:                     sedaerotica.com.br
-- Versão do servidor:           5.6.22 - MySQL Community Server (GPL)
-- OS do Servidor:               Linux
-- HeidiSQL Versão:              8.3.0.4694
-- --------------------------------------------------------

/*!40101 SET @OLD_CHARACTER_SET_CLIENT=@@CHARACTER_SET_CLIENT */;
/*!40101 SET NAMES utf8 */;
/*!40014 SET @OLD_FOREIGN_KEY_CHECKS=@@FOREIGN_KEY_CHECKS, FOREIGN_KEY_CHECKS=0 */;
/*!40101 SET @OLD_SQL_MODE=@@SQL_MODE, SQL_MODE='NO_AUTO_VALUE_ON_ZERO' */;

-- Copiando estrutura para tabela sedaerot_loja.carrinho
CREATE TABLE IF NOT EXISTS `carrinho` (
  `carrinhoId` int(11) NOT NULL AUTO_INCREMENT,
  `mClienteId` int(11) NOT NULL,
  `presente` int(11) DEFAULT NULL,
  `mensagemPresente` text,
  `chaveSeguranca` varchar(45) DEFAULT NULL,
  `dtCadastro` datetime DEFAULT NULL,
  `dtAtualizacao` datetime DEFAULT NULL,
  PRIMARY KEY (`carrinhoId`,`mClienteId`),
  KEY `fk_carrinho_cliente1_idx` (`mClienteId`),
  CONSTRAINT `fk_carrinho_cliente1` FOREIGN KEY (`mClienteId`) REFERENCES `cliente` (`clienteId`) ON DELETE CASCADE ON UPDATE CASCADE
) ENGINE=InnoDB AUTO_INCREMENT=272 DEFAULT CHARSET=utf8;

-- Copiando dados para a tabela sedaerot_loja.carrinho: ~154 rows (aproximadamente)
/*!40000 ALTER TABLE `carrinho` DISABLE KEYS */;
INSERT INTO `carrinho` (`carrinhoId`, `mClienteId`, `presente`, `mensagemPresente`, `chaveSeguranca`, `dtCadastro`, `dtAtualizacao`) VALUES
	(53, 33, NULL, NULL, NULL, '2014-08-01 17:01:42', NULL),
	(54, 33, NULL, NULL, NULL, '2014-08-01 17:53:14', NULL),
	(55, 33, NULL, NULL, NULL, '2014-08-06 11:51:23', NULL),
	(56, 33, NULL, NULL, NULL, '2014-08-19 11:57:58', NULL),
	(57, 33, NULL, NULL, NULL, '2014-08-19 12:05:30', NULL),
	(58, 33, NULL, NULL, NULL, '2014-08-20 13:51:24', NULL),
	(59, 33, NULL, NULL, NULL, '2014-08-20 13:54:27', NULL),
	(60, 33, NULL, NULL, NULL, '2014-08-20 14:29:15', NULL),
	(61, 33, NULL, NULL, NULL, '2014-08-21 11:27:05', NULL),
	(62, 32, NULL, NULL, NULL, '2014-08-21 14:30:26', NULL),
	(63, 33, NULL, NULL, NULL, '2014-08-21 15:03:27', NULL),
	(64, 33, NULL, NULL, NULL, '2014-08-21 15:12:19', NULL),
	(65, 33, NULL, NULL, NULL, '2014-08-21 15:37:42', NULL),
	(66, 33, NULL, NULL, NULL, '2014-08-22 10:29:36', NULL),
	(67, 33, NULL, NULL, NULL, '2014-08-22 10:35:25', NULL),
	(68, 33, NULL, NULL, NULL, '2014-08-22 12:15:52', NULL),
	(69, 33, NULL, NULL, NULL, '2014-08-22 16:38:56', NULL),
	(70, 33, NULL, NULL, NULL, '2014-08-25 10:06:48', NULL),
	(71, 33, NULL, NULL, NULL, '2014-08-25 10:12:12', NULL),
	(72, 33, NULL, NULL, NULL, '2014-08-27 11:44:50', NULL),
	(73, 33, NULL, NULL, NULL, '2014-08-28 17:34:30', NULL),
	(74, 33, NULL, NULL, NULL, '2014-08-28 17:40:07', NULL),
	(75, 33, NULL, NULL, NULL, '2014-08-29 12:45:41', NULL),
	(76, 33, NULL, NULL, NULL, '2014-08-29 17:27:43', NULL),
	(77, 33, NULL, NULL, NULL, '2014-09-01 14:53:46', NULL),
	(78, 33, NULL, NULL, NULL, '2014-09-01 16:37:09', NULL),
	(79, 33, NULL, NULL, NULL, '2014-09-02 10:32:16', NULL),
	(80, 33, NULL, NULL, NULL, '2014-09-03 12:37:58', NULL),
	(81, 33, NULL, NULL, NULL, '2014-09-03 17:26:00', NULL),
	(82, 33, NULL, NULL, NULL, '2014-09-04 09:22:02', NULL),
	(83, 34, NULL, NULL, NULL, '2014-09-04 18:34:10', NULL),
	(84, 33, NULL, NULL, NULL, '2014-09-05 16:42:02', NULL),
	(85, 34, NULL, NULL, NULL, '2014-09-07 11:02:58', NULL),
	(86, 34, NULL, NULL, NULL, '2014-09-07 11:26:25', NULL),
	(87, 34, NULL, NULL, NULL, '2014-09-08 17:39:31', NULL),
	(88, 33, NULL, NULL, NULL, '2014-09-10 10:31:16', NULL),
	(89, 34, NULL, NULL, NULL, '2014-09-10 10:51:43', NULL),
	(90, 33, NULL, NULL, NULL, '2014-09-11 12:13:26', NULL),
	(91, 33, NULL, NULL, NULL, '2014-09-11 17:44:07', NULL),
	(92, 33, NULL, NULL, NULL, '2014-09-11 18:04:01', NULL),
	(93, 34, NULL, NULL, NULL, '2014-09-14 15:11:54', NULL),
	(94, 34, NULL, NULL, NULL, '2014-09-15 14:08:31', NULL),
	(95, 34, NULL, NULL, NULL, '2014-09-15 18:05:27', NULL),
	(96, 33, NULL, NULL, NULL, '2014-09-16 10:40:57', NULL),
	(97, 34, NULL, NULL, NULL, '2014-09-16 18:13:13', NULL),
	(98, 33, NULL, NULL, NULL, '2014-09-19 09:20:53', NULL),
	(99, 34, NULL, NULL, NULL, '2014-09-23 09:43:58', NULL),
	(100, 39, NULL, NULL, NULL, '2014-09-23 16:18:29', NULL),
	(101, 33, NULL, NULL, NULL, '2014-09-24 13:07:22', NULL),
	(102, 34, NULL, NULL, NULL, '2014-09-24 18:06:19', NULL),
	(103, 33, NULL, NULL, NULL, '2014-09-26 13:52:26', NULL),
	(104, 33, NULL, NULL, NULL, '2014-09-29 13:40:55', NULL),
	(105, 34, NULL, NULL, NULL, '2014-09-29 16:24:18', NULL),
	(106, 40, NULL, NULL, NULL, '2014-09-29 21:28:43', NULL),
	(107, 33, NULL, NULL, NULL, '2014-10-03 16:39:33', NULL),
	(108, 44, NULL, NULL, NULL, '2014-10-07 10:44:55', NULL),
	(109, 47, NULL, NULL, NULL, '2014-10-07 14:01:24', NULL),
	(110, 34, NULL, NULL, NULL, '2014-10-07 15:15:17', NULL),
	(111, 34, NULL, NULL, NULL, '2014-10-07 16:29:28', NULL),
	(112, 34, NULL, NULL, NULL, '2014-10-07 17:14:47', NULL),
	(113, 37, NULL, NULL, NULL, '2014-10-08 13:17:38', NULL),
	(114, 34, NULL, NULL, NULL, '2014-10-08 17:06:36', NULL),
	(115, 34, NULL, NULL, NULL, '2014-10-08 17:10:04', NULL),
	(116, 34, NULL, NULL, NULL, '2014-10-08 17:43:35', NULL),
	(117, 34, NULL, NULL, NULL, '2014-10-08 17:52:48', NULL),
	(118, 50, NULL, NULL, NULL, '2014-10-09 17:34:57', NULL),
	(119, 51, NULL, NULL, NULL, '2014-10-09 17:49:55', NULL),
	(123, 53, NULL, NULL, NULL, '2014-10-13 10:38:53', NULL),
	(129, 33, NULL, NULL, NULL, '2014-10-13 16:59:52', NULL),
	(130, 54, NULL, NULL, NULL, '2014-10-14 14:20:01', NULL),
	(131, 54, NULL, NULL, NULL, '2014-10-14 14:55:00', NULL),
	(132, 33, NULL, NULL, NULL, '2014-10-14 16:01:22', NULL),
	(133, 51, NULL, NULL, NULL, '2014-10-15 17:39:31', NULL),
	(134, 50, NULL, NULL, NULL, '2014-10-16 16:45:26', NULL),
	(135, 52, NULL, NULL, NULL, '2014-10-16 16:56:39', NULL),
	(136, 34, NULL, NULL, NULL, '2014-10-16 17:29:00', NULL),
	(137, 55, NULL, NULL, NULL, '2014-10-16 17:38:41', NULL),
	(138, 51, NULL, NULL, NULL, '2014-10-16 17:46:13', NULL),
	(162, 31, NULL, NULL, NULL, '2014-10-17 21:58:02', NULL),
	(167, 31, NULL, NULL, NULL, '2014-10-17 22:36:20', NULL),
	(168, 31, NULL, NULL, NULL, '2014-10-17 22:45:19', NULL),
	(169, 31, NULL, NULL, NULL, '2014-10-17 22:47:39', NULL),
	(170, 34, NULL, NULL, NULL, '2014-10-18 10:59:07', NULL),
	(172, 33, NULL, NULL, NULL, '2014-10-18 13:30:21', NULL),
	(173, 57, NULL, NULL, NULL, '2014-10-18 14:42:45', NULL),
	(175, 33, NULL, NULL, NULL, '2014-10-20 10:36:18', NULL),
	(176, 33, NULL, NULL, NULL, '2014-10-20 14:23:14', NULL),
	(178, 31, NULL, NULL, NULL, '2014-10-20 22:39:23', NULL),
	(179, 34, NULL, NULL, NULL, '2014-10-21 09:11:58', NULL),
	(180, 33, NULL, NULL, NULL, '2014-10-22 09:52:58', NULL),
	(181, 33, NULL, NULL, NULL, '2014-10-22 09:58:48', NULL),
	(182, 50, NULL, NULL, NULL, '2014-10-22 17:03:28', NULL),
	(183, 33, NULL, NULL, NULL, '2014-10-24 14:12:57', NULL),
	(184, 55, NULL, NULL, NULL, '2014-10-24 14:56:43', NULL),
	(185, 34, NULL, NULL, NULL, '2014-10-24 17:13:57', NULL),
	(186, 53, NULL, NULL, NULL, '2014-10-28 14:54:51', NULL),
	(187, 33, NULL, NULL, NULL, '2014-10-29 10:57:03', NULL),
	(188, 61, NULL, NULL, NULL, '2014-10-31 15:00:52', NULL),
	(190, 51, NULL, NULL, NULL, '2014-10-31 17:21:01', NULL),
	(191, 55, NULL, NULL, NULL, '2014-10-31 17:52:37', NULL),
	(192, 55, NULL, NULL, NULL, '2014-11-03 14:31:43', NULL),
	(193, 33, NULL, NULL, NULL, '2014-11-03 16:26:35', NULL),
	(194, 34, NULL, NULL, NULL, '2014-11-03 17:59:33', NULL),
	(195, 55, NULL, NULL, NULL, '2014-11-04 16:57:47', NULL),
	(196, 33, NULL, NULL, NULL, '2014-11-05 19:47:52', NULL),
	(197, 33, NULL, NULL, NULL, '2014-11-06 12:30:50', NULL),
	(198, 33, NULL, NULL, NULL, '2014-11-07 17:39:34', NULL),
	(199, 34, NULL, NULL, NULL, '2014-11-10 17:56:04', NULL),
	(200, 55, NULL, NULL, NULL, '2014-11-19 16:07:53', NULL),
	(203, 68, NULL, NULL, NULL, '2014-11-20 14:38:41', NULL),
	(204, 33, NULL, NULL, NULL, '2014-11-23 19:41:21', NULL),
	(205, 33, NULL, NULL, NULL, '2014-11-23 19:55:59', NULL),
	(206, 51, NULL, NULL, NULL, '2014-11-24 18:06:52', NULL),
	(207, 55, NULL, NULL, NULL, '2014-11-25 11:01:10', NULL),
	(208, 34, NULL, NULL, NULL, '2014-11-26 09:26:44', NULL),
	(209, 34, NULL, NULL, NULL, '2014-11-26 17:52:48', NULL),
	(210, 55, NULL, NULL, NULL, '2014-11-27 10:02:04', NULL),
	(211, 34, NULL, NULL, NULL, '2014-11-27 13:10:57', NULL),
	(212, 34, NULL, NULL, NULL, '2014-11-27 13:46:53', NULL),
	(213, 53, NULL, NULL, NULL, '2014-12-03 12:21:36', NULL),
	(214, 55, NULL, NULL, NULL, '2014-12-03 13:23:46', NULL),
	(215, 33, NULL, NULL, NULL, '2014-12-03 17:31:49', NULL),
	(216, 51, NULL, NULL, NULL, '2014-12-05 10:44:58', NULL),
	(217, 70, NULL, NULL, NULL, '2014-12-06 14:37:22', NULL),
	(218, 70, NULL, NULL, NULL, '2014-12-06 15:17:30', NULL),
	(219, 71, NULL, NULL, NULL, '2014-12-07 01:36:54', NULL),
	(220, 55, NULL, NULL, NULL, '2014-12-08 13:46:55', NULL),
	(221, 70, NULL, NULL, NULL, '2014-12-09 23:28:02', NULL),
	(222, 70, NULL, NULL, NULL, '2014-12-09 23:34:36', NULL),
	(223, 33, NULL, NULL, NULL, '2014-12-09 23:42:28', NULL),
	(224, 34, NULL, NULL, NULL, '2014-12-10 11:21:05', NULL),
	(225, 34, NULL, NULL, NULL, '2014-12-11 17:47:17', NULL),
	(226, 74, NULL, NULL, NULL, '2014-12-12 11:59:18', NULL),
	(227, 75, NULL, NULL, NULL, '2014-12-12 13:13:35', NULL),
	(228, 75, NULL, NULL, NULL, '2014-12-12 13:17:17', NULL),
	(229, 50, NULL, NULL, NULL, '2014-12-12 13:35:55', NULL),
	(230, 75, NULL, NULL, NULL, '2014-12-12 13:58:47', NULL),
	(231, 55, NULL, NULL, NULL, '2014-12-12 15:49:51', NULL),
	(232, 34, NULL, NULL, NULL, '2014-12-12 15:58:21', NULL),
	(233, 70, NULL, NULL, NULL, '2014-12-12 23:00:08', NULL),
	(234, 70, NULL, NULL, NULL, '2014-12-12 23:11:40', NULL),
	(235, 76, NULL, NULL, NULL, '2014-12-13 13:57:00', NULL),
	(236, 70, NULL, NULL, NULL, '2014-12-13 23:56:56', NULL),
	(237, 77, NULL, NULL, NULL, '2014-12-14 23:09:24', NULL),
	(238, 50, NULL, NULL, NULL, '2014-12-15 15:53:58', NULL),
	(239, 78, NULL, NULL, NULL, '2014-12-15 16:20:29', NULL),
	(240, 79, NULL, NULL, NULL, '2014-12-15 18:23:09', NULL),
	(241, 34, NULL, NULL, NULL, '2014-12-16 17:57:44', NULL),
	(242, 34, NULL, NULL, NULL, '2014-12-18 17:41:01', NULL),
	(243, 34, NULL, NULL, NULL, '2014-12-19 18:02:56', NULL),
	(244, 83, NULL, NULL, NULL, '2014-12-22 10:52:56', NULL),
	(245, 70, NULL, NULL, NULL, '2014-12-22 23:17:41', NULL),
	(246, 70, NULL, NULL, NULL, '2014-12-22 23:28:24', NULL),
	(247, 79, NULL, NULL, NULL, '2014-12-29 13:00:12', NULL),
	(248, 70, NULL, NULL, NULL, '2015-01-03 21:44:21', NULL),
	(249, 89, NULL, NULL, NULL, '2015-01-08 14:33:19', NULL),
	(250, 37, NULL, NULL, NULL, '2015-01-09 09:41:26', NULL),
	(251, 33, NULL, NULL, NULL, '2015-01-09 11:30:51', NULL),
	(255, 33, NULL, NULL, NULL, '2015-01-12 12:35:15', NULL),
	(256, 92, NULL, NULL, NULL, '2015-01-12 22:16:31', NULL),
	(257, 93, NULL, NULL, NULL, '2015-01-13 23:59:21', NULL),
	(263, 96, NULL, NULL, NULL, '2015-01-19 15:47:39', NULL),
	(264, 33, NULL, NULL, NULL, '2015-01-20 12:09:13', NULL),
	(265, 33, NULL, NULL, NULL, '2015-01-20 12:11:14', NULL),
	(266, 97, NULL, NULL, NULL, '2015-01-21 10:13:18', NULL),
	(267, 55, NULL, NULL, NULL, '2015-01-22 11:55:32', NULL),
	(268, 34, NULL, NULL, NULL, '2015-01-24 17:09:19', NULL),
	(269, 34, NULL, NULL, NULL, '2015-01-27 11:52:16', NULL),
	(270, 98, NULL, NULL, NULL, '2015-01-27 12:49:17', NULL),
	(271, 55, NULL, NULL, NULL, '2015-01-30 18:37:56', NULL);
/*!40000 ALTER TABLE `carrinho` ENABLE KEYS */;


-- Copiando estrutura para tabela sedaerot_loja.carrinhoproduto
CREATE TABLE IF NOT EXISTS `carrinhoproduto` (
  `carrinhoprodutoID` int(11) NOT NULL AUTO_INCREMENT,
  `mCarrinhoId` int(11) NOT NULL,
  `mProdutoId` int(11) NOT NULL,
  `quantidade` varchar(45) DEFAULT NULL,
  `dtCadastro` datetime DEFAULT NULL,
  PRIMARY KEY (`carrinhoprodutoID`),
  KEY `FK_carrinhoproduto_carrinho` (`mCarrinhoId`),
  KEY `FK_carrinhoproduto_produto` (`mProdutoId`),
  CONSTRAINT `FK_carrinhoproduto_carrinho` FOREIGN KEY (`mCarrinhoId`) REFERENCES `carrinho` (`carrinhoId`) ON DELETE CASCADE ON UPDATE CASCADE,
  CONSTRAINT `FK_carrinhoproduto_produto` FOREIGN KEY (`mProdutoId`) REFERENCES `produto` (`produtoId`) ON DELETE CASCADE ON UPDATE CASCADE
) ENGINE=InnoDB AUTO_INCREMENT=705 DEFAULT CHARSET=utf8;

-- Copiando dados para a tabela sedaerot_loja.carrinhoproduto: ~599 rows (aproximadamente)
/*!40000 ALTER TABLE `carrinhoproduto` DISABLE KEYS */;
INSERT INTO `carrinhoproduto` (`carrinhoprodutoID`, `mCarrinhoId`, `mProdutoId`, `quantidade`, `dtCadastro`) VALUES
	(1, 53, 3, '1', '2014-08-01 17:01:42'),
	(2, 54, 1, '1', '2014-08-01 17:53:14'),
	(3, 55, 1, '1', '2014-08-06 11:51:23'),
	(4, 55, 3, '1', '2014-08-06 11:51:23'),
	(5, 56, 63, '1', '2014-08-19 11:57:58'),
	(6, 57, 84, '1', '2014-08-19 12:05:30'),
	(7, 58, 11, '1', '2014-08-20 13:51:24'),
	(8, 59, 20, '1', '2014-08-20 13:54:27'),
	(9, 60, 37, '1', '2014-08-20 14:29:15'),
	(10, 61, 98, '1', '2014-08-21 11:27:05'),
	(11, 62, 11, '1', '2014-08-21 14:30:26'),
	(12, 63, 76, '1', '2014-08-21 15:03:27'),
	(13, 64, 13, '1', '2014-08-21 15:12:19'),
	(14, 65, 150, '1', '2014-08-21 15:37:42'),
	(15, 66, 77, '1', '2014-08-22 10:29:36'),
	(16, 67, 132, '1', '2014-08-22 10:35:25'),
	(17, 68, 133, '1', '2014-08-22 12:15:52'),
	(18, 69, 1, '2', '2014-08-22 16:38:56'),
	(19, 70, 22, '1', '2014-08-25 10:06:48'),
	(20, 71, 34, '2', '2014-08-25 10:12:12'),
	(21, 72, 1, '2', '2014-08-27 11:44:50'),
	(22, 72, 165, '4', '2014-08-27 11:44:50'),
	(23, 73, 1, '1', '2014-08-28 17:34:30'),
	(24, 73, 223, '1', '2014-08-28 17:34:30'),
	(25, 74, 110, '1', '2014-08-28 17:40:07'),
	(26, 75, 223, '2', '2014-08-29 12:45:41'),
	(27, 75, 225, '1', '2014-08-29 12:45:41'),
	(28, 76, 1, '10', '2014-08-29 17:27:43'),
	(29, 76, 159, '1', '2014-08-29 17:27:43'),
	(30, 76, 160, '1', '2014-08-29 17:27:43'),
	(31, 77, 282, '4', '2014-09-01 14:53:46'),
	(32, 77, 286, '1', '2014-09-01 14:53:46'),
	(33, 78, 182, '1', '2014-09-01 16:37:09'),
	(34, 79, 3, '2', '2014-09-02 10:32:16'),
	(35, 79, 24, '1', '2014-09-02 10:32:16'),
	(36, 79, 75, '1', '2014-09-02 10:32:16'),
	(37, 79, 98, '1', '2014-09-02 10:32:16'),
	(38, 79, 123, '1', '2014-09-02 10:32:16'),
	(39, 79, 182, '1', '2014-09-02 10:32:16'),
	(40, 79, 186, '1', '2014-09-02 10:32:16'),
	(41, 79, 187, '1', '2014-09-02 10:32:16'),
	(42, 79, 204, '1', '2014-09-02 10:32:16'),
	(43, 79, 206, '1', '2014-09-02 10:32:16'),
	(44, 79, 215, '2', '2014-09-02 10:32:16'),
	(45, 79, 284, '1', '2014-09-02 10:32:16'),
	(46, 79, 293, '1', '2014-09-02 10:32:16'),
	(47, 80, 271, '1', '2014-09-03 12:37:58'),
	(48, 80, 273, '1', '2014-09-03 12:37:58'),
	(49, 80, 278, '1', '2014-09-03 12:37:58'),
	(50, 80, 285, '1', '2014-09-03 12:37:58'),
	(51, 81, 1, '2', '2014-09-03 17:26:00'),
	(52, 81, 86, '1', '2014-09-03 17:26:00'),
	(53, 82, 64, '2', '2014-09-04 09:22:02'),
	(54, 82, 73, '1', '2014-09-04 09:22:02'),
	(55, 82, 184, '2', '2014-09-04 09:22:02'),
	(56, 82, 199, '2', '2014-09-04 09:22:02'),
	(57, 83, 1, '10', '2014-09-04 18:34:10'),
	(58, 83, 11, '1', '2014-09-04 18:34:10'),
	(59, 83, 22, '1', '2014-09-04 18:34:10'),
	(60, 83, 25, '1', '2014-09-04 18:34:10'),
	(61, 83, 80, '1', '2014-09-04 18:34:10'),
	(62, 83, 88, '1', '2014-09-04 18:34:10'),
	(63, 83, 92, '1', '2014-09-04 18:34:10'),
	(64, 83, 93, '1', '2014-09-04 18:34:10'),
	(65, 83, 94, '1', '2014-09-04 18:34:10'),
	(66, 83, 107, '1', '2014-09-04 18:34:10'),
	(67, 83, 108, '1', '2014-09-04 18:34:10'),
	(68, 83, 109, '1', '2014-09-04 18:34:10'),
	(69, 83, 122, '4', '2014-09-04 18:34:10'),
	(70, 83, 123, '4', '2014-09-04 18:34:10'),
	(71, 83, 124, '1', '2014-09-04 18:34:10'),
	(72, 83, 125, '1', '2014-09-04 18:34:10'),
	(73, 83, 128, '1', '2014-09-04 18:34:10'),
	(74, 83, 129, '1', '2014-09-04 18:34:10'),
	(75, 83, 130, '1', '2014-09-04 18:34:10'),
	(76, 83, 131, '1', '2014-09-04 18:34:10'),
	(77, 83, 138, '1', '2014-09-04 18:34:10'),
	(78, 83, 162, '1', '2014-09-04 18:34:10'),
	(79, 83, 163, '1', '2014-09-04 18:34:10'),
	(80, 83, 164, '1', '2014-09-04 18:34:10'),
	(81, 83, 165, '2', '2014-09-04 18:34:10'),
	(82, 83, 180, '1', '2014-09-04 18:34:10'),
	(83, 83, 181, '1', '2014-09-04 18:34:10'),
	(84, 83, 182, '1', '2014-09-04 18:34:10'),
	(85, 83, 183, '1', '2014-09-04 18:34:10'),
	(86, 83, 184, '1', '2014-09-04 18:34:10'),
	(87, 83, 186, '4', '2014-09-04 18:34:10'),
	(88, 83, 187, '1', '2014-09-04 18:34:10'),
	(89, 83, 188, '4', '2014-09-04 18:34:10'),
	(90, 83, 189, '1', '2014-09-04 18:34:10'),
	(91, 83, 190, '1', '2014-09-04 18:34:10'),
	(92, 83, 192, '1', '2014-09-04 18:34:10'),
	(93, 83, 193, '1', '2014-09-04 18:34:10'),
	(94, 83, 195, '1', '2014-09-04 18:34:10'),
	(95, 83, 197, '1', '2014-09-04 18:34:10'),
	(96, 83, 199, '1', '2014-09-04 18:34:10'),
	(97, 83, 203, '1', '2014-09-04 18:34:10'),
	(98, 83, 206, '1', '2014-09-04 18:34:10'),
	(99, 83, 218, '1', '2014-09-04 18:34:10'),
	(100, 83, 219, '1', '2014-09-04 18:34:10'),
	(101, 83, 220, '1', '2014-09-04 18:34:10'),
	(102, 83, 223, '2', '2014-09-04 18:34:10'),
	(103, 83, 225, '2', '2014-09-04 18:34:10'),
	(104, 83, 226, '2', '2014-09-04 18:34:10'),
	(105, 83, 230, '1', '2014-09-04 18:34:10'),
	(106, 83, 231, '1', '2014-09-04 18:34:10'),
	(107, 83, 298, '1', '2014-09-04 18:34:10'),
	(108, 83, 308, '1', '2014-09-04 18:34:10'),
	(109, 83, 309, '1', '2014-09-04 18:34:10'),
	(110, 83, 318, '1', '2014-09-04 18:34:10'),
	(111, 83, 319, '1', '2014-09-04 18:34:10'),
	(112, 83, 329, '1', '2014-09-04 18:34:10'),
	(113, 83, 331, '1', '2014-09-04 18:34:10'),
	(114, 83, 340, '1', '2014-09-04 18:34:10'),
	(115, 84, 196, '1', '2014-09-05 16:42:02'),
	(116, 84, 207, '2', '2014-09-05 16:42:02'),
	(117, 84, 287, '1', '2014-09-05 16:42:02'),
	(118, 84, 342, '1', '2014-09-05 16:42:02'),
	(119, 85, 88, '1', '2014-09-07 11:02:58'),
	(120, 85, 110, '1', '2014-09-07 11:02:58'),
	(121, 86, 167, '1', '2014-09-07 11:26:25'),
	(122, 87, 22, '1', '2014-09-08 17:39:31'),
	(123, 87, 23, '1', '2014-09-08 17:39:31'),
	(124, 87, 100, '1', '2014-09-08 17:39:31'),
	(125, 87, 109, '1', '2014-09-08 17:39:31'),
	(126, 87, 130, '1', '2014-09-08 17:39:31'),
	(127, 87, 131, '1', '2014-09-08 17:39:31'),
	(128, 87, 192, '1', '2014-09-08 17:39:31'),
	(129, 87, 223, '2', '2014-09-08 17:39:31'),
	(130, 87, 230, '1', '2014-09-08 17:39:31'),
	(131, 87, 242, '1', '2014-09-08 17:39:31'),
	(132, 87, 279, '1', '2014-09-08 17:39:31'),
	(133, 87, 340, '2', '2014-09-08 17:39:31'),
	(134, 88, 152, '1', '2014-09-10 10:31:16'),
	(135, 88, 269, '1', '2014-09-10 10:31:16'),
	(136, 88, 272, '1', '2014-09-10 10:31:16'),
	(137, 88, 274, '1', '2014-09-10 10:31:16'),
	(138, 88, 301, '1', '2014-09-10 10:31:16'),
	(139, 88, 304, '1', '2014-09-10 10:31:16'),
	(140, 89, 111, '1', '2014-09-10 10:51:43'),
	(141, 89, 234, '5', '2014-09-10 10:51:43'),
	(142, 89, 334, '1', '2014-09-10 10:51:43'),
	(143, 89, 341, '1', '2014-09-10 10:51:43'),
	(144, 90, 90, '1', '2014-09-11 12:13:26'),
	(145, 91, 1, '3', '2014-09-11 17:44:07'),
	(146, 91, 207, '1', '2014-09-11 17:44:07'),
	(147, 92, 353, '1', '2014-09-11 18:04:01'),
	(148, 92, 354, '1', '2014-09-11 18:04:01'),
	(149, 93, 60, '1', '2014-09-14 15:11:54'),
	(150, 93, 63, '2', '2014-09-14 15:11:54'),
	(151, 93, 64, '2', '2014-09-14 15:11:54'),
	(152, 93, 85, '1', '2014-09-14 15:11:54'),
	(153, 93, 100, '1', '2014-09-14 15:11:54'),
	(154, 93, 101, '1', '2014-09-14 15:11:54'),
	(155, 93, 109, '3', '2014-09-14 15:11:54'),
	(156, 93, 127, '1', '2014-09-14 15:11:54'),
	(157, 93, 134, '1', '2014-09-14 15:11:54'),
	(158, 93, 160, '1', '2014-09-14 15:11:54'),
	(159, 93, 161, '1', '2014-09-14 15:11:54'),
	(160, 93, 162, '3', '2014-09-14 15:11:54'),
	(161, 93, 165, '2', '2014-09-14 15:11:54'),
	(162, 93, 199, '2', '2014-09-14 15:11:54'),
	(163, 93, 218, '1', '2014-09-14 15:11:54'),
	(164, 93, 220, '1', '2014-09-14 15:11:54'),
	(165, 93, 308, '1', '2014-09-14 15:11:54'),
	(166, 93, 334, '2', '2014-09-14 15:11:54'),
	(167, 93, 341, '1', '2014-09-14 15:11:54'),
	(168, 94, 19, '1', '2014-09-15 14:08:31'),
	(169, 94, 76, '1', '2014-09-15 14:08:31'),
	(170, 94, 77, '1', '2014-09-15 14:08:31'),
	(171, 94, 80, '1', '2014-09-15 14:08:31'),
	(172, 94, 207, '1', '2014-09-15 14:08:31'),
	(173, 94, 221, '1', '2014-09-15 14:08:31'),
	(174, 95, 24, '1', '2014-09-15 18:05:27'),
	(175, 95, 88, '1', '2014-09-15 18:05:27'),
	(176, 95, 130, '1', '2014-09-15 18:05:27'),
	(177, 95, 131, '1', '2014-09-15 18:05:27'),
	(178, 95, 226, '2', '2014-09-15 18:05:27'),
	(179, 95, 236, '1', '2014-09-15 18:05:27'),
	(180, 95, 239, '1', '2014-09-15 18:05:27'),
	(181, 96, 29, '1', '2014-09-16 10:40:57'),
	(182, 96, 255, '1', '2014-09-16 10:40:57'),
	(183, 97, 47, '1', '2014-09-16 18:13:13'),
	(184, 97, 143, '1', '2014-09-16 18:13:13'),
	(185, 97, 146, '1', '2014-09-16 18:13:13'),
	(186, 97, 262, '1', '2014-09-16 18:13:13'),
	(187, 97, 266, '1', '2014-09-16 18:13:13'),
	(188, 97, 267, '1', '2014-09-16 18:13:13'),
	(189, 97, 342, '3', '2014-09-16 18:13:13'),
	(190, 98, 160, '1', '2014-09-19 09:20:53'),
	(191, 98, 199, '1', '2014-09-19 09:20:53'),
	(192, 98, 366, '1', '2014-09-19 09:20:53'),
	(193, 99, 366, '1', '2014-09-23 09:43:58'),
	(194, 99, 368, '1', '2014-09-23 09:43:58'),
	(195, 100, 1, '5', '2014-09-23 16:18:29'),
	(196, 101, 276, '1', '2014-09-24 13:07:22'),
	(197, 101, 281, '1', '2014-09-24 13:07:22'),
	(198, 102, 11, '1', '2014-09-24 18:06:19'),
	(199, 102, 81, '1', '2014-09-24 18:06:19'),
	(200, 102, 100, '2', '2014-09-24 18:06:19'),
	(201, 102, 109, '3', '2014-09-24 18:06:19'),
	(202, 102, 181, '1', '2014-09-24 18:06:19'),
	(203, 102, 182, '1', '2014-09-24 18:06:19'),
	(204, 102, 189, '1', '2014-09-24 18:06:19'),
	(205, 102, 206, '1', '2014-09-24 18:06:19'),
	(206, 102, 210, '1', '2014-09-24 18:06:19'),
	(207, 102, 214, '1', '2014-09-24 18:06:19'),
	(208, 102, 215, '1', '2014-09-24 18:06:19'),
	(209, 102, 242, '1', '2014-09-24 18:06:19'),
	(210, 102, 294, '1', '2014-09-24 18:06:19'),
	(211, 102, 365, '1', '2014-09-24 18:06:19'),
	(212, 102, 366, '2', '2014-09-24 18:06:19'),
	(213, 102, 374, '1', '2014-09-24 18:06:19'),
	(214, 102, 375, '1', '2014-09-24 18:06:19'),
	(215, 103, 94, '1', '2014-09-26 13:52:26'),
	(216, 104, 246, '1', '2014-09-29 13:40:55'),
	(217, 104, 270, '1', '2014-09-29 13:40:55'),
	(218, 105, 76, '1', '2014-09-29 16:24:18'),
	(219, 105, 77, '1', '2014-09-29 16:24:18'),
	(220, 105, 80, '1', '2014-09-29 16:24:18'),
	(221, 105, 81, '1', '2014-09-29 16:24:18'),
	(222, 105, 82, '1', '2014-09-29 16:24:18'),
	(223, 105, 96, '1', '2014-09-29 16:24:18'),
	(224, 105, 109, '4', '2014-09-29 16:24:18'),
	(225, 105, 125, '1', '2014-09-29 16:24:18'),
	(226, 105, 184, '1', '2014-09-29 16:24:18'),
	(227, 105, 188, '2', '2014-09-29 16:24:18'),
	(228, 105, 189, '2', '2014-09-29 16:24:18'),
	(229, 105, 193, '1', '2014-09-29 16:24:18'),
	(230, 105, 210, '1', '2014-09-29 16:24:18'),
	(231, 105, 218, '1', '2014-09-29 16:24:18'),
	(232, 105, 331, '1', '2014-09-29 16:24:18'),
	(233, 105, 377, '1', '2014-09-29 16:24:18'),
	(234, 106, 11, '1', '2014-09-29 21:28:43'),
	(235, 107, 149, '1', '2014-10-03 16:39:33'),
	(236, 107, 150, '1', '2014-10-03 16:39:33'),
	(237, 107, 171, '1', '2014-10-03 16:39:33'),
	(238, 107, 172, '1', '2014-10-03 16:39:33'),
	(239, 107, 232, '1', '2014-10-03 16:39:33'),
	(240, 107, 268, '1', '2014-10-03 16:39:33'),
	(241, 107, 275, '1', '2014-10-03 16:39:33'),
	(242, 107, 285, '1', '2014-10-03 16:39:33'),
	(243, 107, 301, '1', '2014-10-03 16:39:33'),
	(244, 108, 234, '1', '2014-10-07 10:44:55'),
	(245, 109, 1, '3', '2014-10-07 14:01:24'),
	(246, 109, 75, '1', '2014-10-07 14:01:24'),
	(247, 109, 76, '01', '2014-10-07 14:01:24'),
	(248, 109, 77, '01', '2014-10-07 14:01:24'),
	(249, 109, 83, '01', '2014-10-07 14:01:24'),
	(250, 109, 84, '01', '2014-10-07 14:01:24'),
	(251, 109, 104, '01', '2014-10-07 14:01:24'),
	(252, 109, 105, '2', '2014-10-07 14:01:24'),
	(253, 109, 159, '1', '2014-10-07 14:01:24'),
	(254, 109, 165, '02', '2014-10-07 14:01:24'),
	(255, 109, 197, '1', '2014-10-07 14:01:24'),
	(256, 109, 207, '1', '2014-10-07 14:01:24'),
	(257, 109, 208, '02', '2014-10-07 14:01:24'),
	(258, 109, 299, '1', '2014-10-07 14:01:24'),
	(259, 109, 377, '01', '2014-10-07 14:01:24'),
	(260, 110, 180, '1', '2014-10-07 15:15:17'),
	(261, 110, 181, '1', '2014-10-07 15:15:17'),
	(262, 111, 160, '2', '2014-10-07 16:29:28'),
	(263, 111, 194, '3', '2014-10-07 16:29:28'),
	(264, 111, 223, '4', '2014-10-07 16:29:28'),
	(265, 112, 152, '1', '2014-10-07 17:14:47'),
	(266, 112, 272, '1', '2014-10-07 17:14:47'),
	(267, 112, 277, '1', '2014-10-07 17:14:47'),
	(268, 112, 283, '1', '2014-10-07 17:14:47'),
	(269, 112, 327, '1', '2014-10-07 17:14:47'),
	(270, 112, 330, '1', '2014-10-07 17:14:47'),
	(271, 113, 1, '1', '2014-10-08 13:17:38'),
	(272, 113, 223, '1', '2014-10-08 13:17:38'),
	(273, 114, 124, '10', '2014-10-08 17:06:36'),
	(274, 115, 127, '7', '2014-10-08 17:10:04'),
	(275, 116, 11, '1', '2014-10-08 17:43:35'),
	(276, 116, 63, '1', '2014-10-08 17:43:35'),
	(277, 116, 64, '1', '2014-10-08 17:43:35'),
	(278, 116, 65, '1', '2014-10-08 17:43:35'),
	(279, 116, 104, '2', '2014-10-08 17:43:35'),
	(280, 116, 109, '1', '2014-10-08 17:43:35'),
	(281, 116, 180, '1', '2014-10-08 17:43:35'),
	(282, 116, 181, '1', '2014-10-08 17:43:35'),
	(283, 116, 184, '1', '2014-10-08 17:43:35'),
	(284, 116, 187, '1', '2014-10-08 17:43:35'),
	(285, 116, 199, '1', '2014-10-08 17:43:35'),
	(286, 116, 331, '1', '2014-10-08 17:43:35'),
	(287, 116, 366, '1', '2014-10-08 17:43:35'),
	(288, 116, 375, '1', '2014-10-08 17:43:35'),
	(289, 117, 192, '1', '2014-10-08 17:52:48'),
	(290, 118, 41, '1', '2014-10-09 17:34:57'),
	(291, 118, 43, '1', '2014-10-09 17:34:57'),
	(292, 118, 271, '1', '2014-10-09 17:34:57'),
	(293, 119, 11, '1', '2014-10-09 17:49:55'),
	(294, 119, 20, '1', '2014-10-09 17:49:55'),
	(295, 119, 28, '1', '2014-10-09 17:49:55'),
	(296, 119, 125, '3', '2014-10-09 17:49:55'),
	(297, 119, 159, '1', '2014-10-09 17:49:55'),
	(298, 119, 160, '1', '2014-10-09 17:49:55'),
	(299, 119, 161, '1', '2014-10-09 17:49:55'),
	(300, 119, 180, '1', '2014-10-09 17:49:55'),
	(301, 119, 388, '1', '2014-10-09 17:49:55'),
	(311, 123, 1, '1', '2014-10-13 10:38:53'),
	(312, 123, 31, '1', '2014-10-13 10:38:53'),
	(313, 123, 62, '1', '2014-10-13 10:38:53'),
	(319, 129, 355, '1', '2014-10-13 16:59:52'),
	(320, 130, 317, '01', '2014-10-14 14:20:01'),
	(321, 131, 83, '1', '2014-10-14 14:55:00'),
	(322, 131, 317, '1', '2014-10-14 14:55:00'),
	(323, 132, 300, '1', '2014-10-14 16:01:22'),
	(324, 132, 302, '1', '2014-10-14 16:01:22'),
	(325, 133, 76, '1', '2014-10-15 17:39:31'),
	(326, 133, 80, '2', '2014-10-15 17:39:31'),
	(327, 133, 86, '1', '2014-10-15 17:39:31'),
	(328, 133, 87, '1', '2014-10-15 17:39:31'),
	(329, 133, 93, '1', '2014-10-15 17:39:31'),
	(330, 133, 101, '2', '2014-10-15 17:39:31'),
	(331, 133, 129, '1', '2014-10-15 17:39:31'),
	(332, 133, 133, '1', '2014-10-15 17:39:31'),
	(333, 133, 134, '1', '2014-10-15 17:39:31'),
	(334, 133, 210, '1', '2014-10-15 17:39:31'),
	(335, 133, 225, '1', '2014-10-15 17:39:31'),
	(336, 133, 226, '1', '2014-10-15 17:39:31'),
	(337, 133, 299, '1', '2014-10-15 17:39:31'),
	(338, 133, 338, '1', '2014-10-15 17:39:31'),
	(339, 134, 399, '1', '2014-10-16 16:45:26'),
	(340, 135, 147, '1', '2014-10-16 16:56:39'),
	(341, 135, 413, '1', '2014-10-16 16:56:39'),
	(342, 135, 418, '1', '2014-10-16 16:56:39'),
	(343, 135, 431, '1', '2014-10-16 16:56:39'),
	(344, 135, 434, '1', '2014-10-16 16:56:39'),
	(345, 136, 194, '1', '2014-10-16 17:29:00'),
	(346, 136, 401, '1', '2014-10-16 17:29:00'),
	(347, 136, 411, '1', '2014-10-16 17:29:00'),
	(348, 136, 427, '1', '2014-10-16 17:29:00'),
	(349, 136, 430, '1', '2014-10-16 17:29:00'),
	(350, 137, 336, '1', '2014-10-16 17:38:41'),
	(351, 138, 75, '1', '2014-10-16 17:46:13'),
	(385, 162, 171, '1', '2014-10-17 21:58:02'),
	(390, 167, 355, '1', '2014-10-17 22:36:20'),
	(391, 168, 122, '1', '2014-10-17 22:45:19'),
	(392, 169, 122, '1', '2014-10-17 22:47:39'),
	(393, 170, 210, '1', '2014-10-18 10:59:07'),
	(394, 170, 225, '6', '2014-10-18 10:59:07'),
	(395, 170, 282, '1', '2014-10-18 10:59:07'),
	(396, 170, 420, '1', '2014-10-18 10:59:07'),
	(397, 170, 429, '1', '2014-10-18 10:59:07'),
	(399, 172, 219, '1', '2014-10-18 13:30:21'),
	(400, 173, 318, '1', '2014-10-18 14:42:45'),
	(402, 175, 138, '1', '2014-10-20 10:36:18'),
	(403, 176, 147, '1', '2014-10-20 14:23:14'),
	(404, 176, 149, '1', '2014-10-20 14:23:14'),
	(405, 176, 150, '1', '2014-10-20 14:23:14'),
	(406, 176, 152, '1', '2014-10-20 14:23:14'),
	(407, 176, 285, '1', '2014-10-20 14:23:14'),
	(408, 176, 300, '1', '2014-10-20 14:23:14'),
	(409, 176, 327, '1', '2014-10-20 14:23:14'),
	(411, 178, 355, '1', '2014-10-20 22:39:23'),
	(412, 179, 82, '1', '2014-10-21 09:11:58'),
	(413, 179, 272, '1', '2014-10-21 09:11:58'),
	(414, 180, 223, '2', '2014-10-22 09:52:58'),
	(415, 181, 345, '1', '2014-10-22 09:58:48'),
	(416, 182, 281, '1', '2014-10-22 17:03:28'),
	(417, 183, 447, '1', '2014-10-24 14:12:57'),
	(418, 184, 48, '1', '2014-10-24 14:56:43'),
	(419, 184, 67, '1', '2014-10-24 14:56:43'),
	(420, 184, 368, '1', '2014-10-24 14:56:43'),
	(421, 185, 282, '1', '2014-10-24 17:13:57'),
	(422, 186, 1, '2', '2014-10-28 14:54:51'),
	(423, 186, 62, '1', '2014-10-28 14:54:51'),
	(424, 187, 60, '1', '2014-10-29 10:57:03'),
	(425, 188, 481, '1', '2014-10-31 15:00:52'),
	(427, 190, 77, '2', '2014-10-31 17:21:01'),
	(428, 190, 80, '1', '2014-10-31 17:21:01'),
	(429, 190, 95, '1', '2014-10-31 17:21:01'),
	(430, 190, 104, '1', '2014-10-31 17:21:01'),
	(431, 190, 116, '1', '2014-10-31 17:21:01'),
	(432, 190, 124, '1', '2014-10-31 17:21:01'),
	(433, 190, 125, '1', '2014-10-31 17:21:01'),
	(434, 190, 175, '1', '2014-10-31 17:21:01'),
	(435, 190, 180, '1', '2014-10-31 17:21:01'),
	(436, 190, 181, '1', '2014-10-31 17:21:01'),
	(437, 190, 199, '1', '2014-10-31 17:21:01'),
	(438, 191, 12, '1', '2014-10-31 17:52:37'),
	(439, 191, 63, '1', '2014-10-31 17:52:37'),
	(440, 191, 73, '1', '2014-10-31 17:52:37'),
	(441, 191, 161, '1', '2014-10-31 17:52:37'),
	(442, 191, 176, '1', '2014-10-31 17:52:37'),
	(443, 191, 186, '1', '2014-10-31 17:52:37'),
	(444, 191, 207, '1', '2014-10-31 17:52:37'),
	(445, 191, 377, '1', '2014-10-31 17:52:37'),
	(446, 191, 417, '1', '2014-10-31 17:52:37'),
	(447, 191, 482, '1', '2014-10-31 17:52:37'),
	(448, 192, 418, '1', '2014-11-03 14:31:43'),
	(449, 193, 191, '1', '2014-11-03 16:26:35'),
	(450, 194, 72, '1', '2014-11-03 17:59:33'),
	(451, 195, 271, '1', '2014-11-04 16:57:47'),
	(452, 196, 1, '1', '2014-11-05 19:47:52'),
	(453, 196, 42, '1', '2014-11-05 19:47:52'),
	(454, 197, 355, '1', '2014-11-06 12:30:50'),
	(455, 198, 230, '1', '2014-11-07 17:39:34'),
	(456, 199, 275, '1', '2014-11-10 17:56:04'),
	(457, 199, 409, '1', '2014-11-10 17:56:04'),
	(458, 200, 1, '2', '2014-11-19 16:07:53'),
	(461, 203, 190, '02', '2014-11-20 14:38:41'),
	(462, 204, 19, '1', '2014-11-23 19:41:21'),
	(463, 204, 34, '1', '2014-11-23 19:41:21'),
	(464, 204, 81, '1', '2014-11-23 19:41:21'),
	(465, 204, 157, '1', '2014-11-23 19:41:21'),
	(466, 204, 165, '1', '2014-11-23 19:41:21'),
	(467, 204, 199, '1', '2014-11-23 19:41:21'),
	(468, 205, 34, '2', '2014-11-23 19:55:59'),
	(469, 205, 42, '1', '2014-11-23 19:55:59'),
	(470, 205, 101, '1', '2014-11-23 19:55:59'),
	(471, 205, 199, '2', '2014-11-23 19:55:59'),
	(472, 205, 211, '1', '2014-11-23 19:55:59'),
	(473, 205, 213, '1', '2014-11-23 19:55:59'),
	(474, 205, 214, '2', '2014-11-23 19:55:59'),
	(475, 205, 215, '1', '2014-11-23 19:55:59'),
	(476, 205, 368, '1', '2014-11-23 19:55:59'),
	(477, 205, 438, '2', '2014-11-23 19:55:59'),
	(478, 205, 442, '1', '2014-11-23 19:55:59'),
	(479, 205, 444, '1', '2014-11-23 19:55:59'),
	(480, 205, 448, '1', '2014-11-23 19:55:59'),
	(481, 205, 449, '1', '2014-11-23 19:55:59'),
	(482, 205, 453, '1', '2014-11-23 19:55:59'),
	(483, 205, 454, '1', '2014-11-23 19:55:59'),
	(484, 205, 455, '1', '2014-11-23 19:55:59'),
	(485, 205, 456, '1', '2014-11-23 19:55:59'),
	(486, 205, 480, '1', '2014-11-23 19:55:59'),
	(487, 206, 77, '1', '2014-11-24 18:06:52'),
	(488, 206, 125, '1', '2014-11-24 18:06:52'),
	(489, 206, 159, '1', '2014-11-24 18:06:52'),
	(490, 207, 1, '1', '2014-11-25 11:01:10'),
	(491, 207, 183, '1', '2014-11-25 11:01:10'),
	(492, 207, 184, '1', '2014-11-25 11:01:10'),
	(493, 207, 366, '1', '2014-11-25 11:01:10'),
	(494, 208, 270, '1', '2014-11-26 09:26:44'),
	(495, 208, 275, '1', '2014-11-26 09:26:44'),
	(496, 208, 279, '1', '2014-11-26 09:26:44'),
	(497, 208, 280, '1', '2014-11-26 09:26:44'),
	(498, 208, 284, '1', '2014-11-26 09:26:44'),
	(499, 208, 417, '1', '2014-11-26 09:26:44'),
	(500, 208, 433, '1', '2014-11-26 09:26:44'),
	(501, 209, 70, '1', '2014-11-26 17:52:48'),
	(502, 209, 479, '1', '2014-11-26 17:52:48'),
	(503, 210, 1, '3', '2014-11-27 10:02:05'),
	(504, 210, 12, '1', '2014-11-27 10:02:05'),
	(505, 210, 34, '1', '2014-11-27 10:02:05'),
	(506, 210, 61, '1', '2014-11-27 10:02:05'),
	(507, 210, 75, '2', '2014-11-27 10:02:05'),
	(508, 210, 81, '1', '2014-11-27 10:02:05'),
	(509, 210, 98, '1', '2014-11-27 10:02:05'),
	(510, 210, 100, '1', '2014-11-27 10:02:05'),
	(511, 210, 106, '1', '2014-11-27 10:02:05'),
	(512, 210, 122, '1', '2014-11-27 10:02:05'),
	(513, 210, 123, '4', '2014-11-27 10:02:05'),
	(514, 210, 186, '4', '2014-11-27 10:02:05'),
	(515, 210, 187, '1', '2014-11-27 10:02:05'),
	(516, 210, 199, '1', '2014-11-27 10:02:05'),
	(517, 210, 203, '1', '2014-11-27 10:02:05'),
	(518, 210, 362, '1', '2014-11-27 10:02:05'),
	(519, 210, 482, '1', '2014-11-27 10:02:05'),
	(520, 211, 153, '1', '2014-11-27 13:10:57'),
	(521, 212, 100, '1', '2014-11-27 13:46:53'),
	(522, 212, 242, '1', '2014-11-27 13:46:53'),
	(523, 213, 1, '3', '2014-12-03 12:21:36'),
	(524, 213, 62, '1', '2014-12-03 12:21:36'),
	(525, 214, 48, '1', '2014-12-03 13:23:46'),
	(526, 215, 109, '1', '2014-12-03 17:31:49'),
	(527, 216, 77, '1', '2014-12-05 10:44:58'),
	(528, 216, 101, '1', '2014-12-05 10:44:58'),
	(529, 216, 159, '1', '2014-12-05 10:44:58'),
	(530, 216, 297, '1', '2014-12-05 10:44:58'),
	(531, 216, 482, '1', '2014-12-05 10:44:58'),
	(532, 217, 81, '2', '2014-12-06 14:37:22'),
	(533, 217, 109, '1', '2014-12-06 14:37:22'),
	(534, 217, 183, '1', '2014-12-06 14:37:22'),
	(535, 217, 189, '1', '2014-12-06 14:37:22'),
	(536, 217, 210, '1', '2014-12-06 14:37:22'),
	(537, 217, 365, '1', '2014-12-06 14:37:22'),
	(538, 217, 366, '1', '2014-12-06 14:37:22'),
	(539, 217, 438, '1', '2014-12-06 14:37:22'),
	(540, 217, 442, '1', '2014-12-06 14:37:22'),
	(541, 218, 34, '2', '2014-12-06 15:17:30'),
	(542, 218, 73, '1', '2014-12-06 15:17:30'),
	(543, 218, 74, '1', '2014-12-06 15:17:30'),
	(544, 218, 81, '1', '2014-12-06 15:17:30'),
	(545, 218, 86, '1', '2014-12-06 15:17:30'),
	(546, 218, 87, '1', '2014-12-06 15:17:30'),
	(547, 218, 109, '1', '2014-12-06 15:17:30'),
	(548, 218, 127, '1', '2014-12-06 15:17:30'),
	(549, 218, 160, '1', '2014-12-06 15:17:30'),
	(550, 218, 161, '1', '2014-12-06 15:17:30'),
	(551, 218, 162, '1', '2014-12-06 15:17:30'),
	(552, 218, 183, '1', '2014-12-06 15:17:30'),
	(553, 218, 184, '1', '2014-12-06 15:17:30'),
	(554, 218, 187, '1', '2014-12-06 15:17:30'),
	(555, 218, 188, '1', '2014-12-06 15:17:30'),
	(556, 218, 189, '1', '2014-12-06 15:17:30'),
	(557, 218, 207, '1', '2014-12-06 15:17:30'),
	(558, 218, 208, '1', '2014-12-06 15:17:30'),
	(559, 218, 210, '1', '2014-12-06 15:17:30'),
	(560, 218, 211, '1', '2014-12-06 15:17:30'),
	(561, 218, 213, '1', '2014-12-06 15:17:30'),
	(562, 218, 293, '1', '2014-12-06 15:17:30'),
	(563, 218, 308, '1', '2014-12-06 15:17:30'),
	(564, 218, 309, '1', '2014-12-06 15:17:30'),
	(565, 218, 331, '1', '2014-12-06 15:17:30'),
	(566, 218, 365, '1', '2014-12-06 15:17:30'),
	(567, 218, 366, '1', '2014-12-06 15:17:30'),
	(568, 218, 373, '1', '2014-12-06 15:17:30'),
	(569, 218, 374, '1', '2014-12-06 15:17:30'),
	(570, 218, 375, '1', '2014-12-06 15:17:30'),
	(571, 218, 388, '1', '2014-12-06 15:17:30'),
	(572, 218, 389, '1', '2014-12-06 15:17:30'),
	(573, 218, 438, '1', '2014-12-06 15:17:30'),
	(574, 218, 442, '1', '2014-12-06 15:17:30'),
	(575, 218, 477, '1', '2014-12-06 15:17:30'),
	(576, 219, 403, '1', '2014-12-07 01:36:54'),
	(577, 220, 181, '1', '2014-12-08 13:46:55'),
	(578, 221, 111, '1', '2014-12-09 23:28:02'),
	(579, 221, 133, '1', '2014-12-09 23:28:02'),
	(580, 221, 224, '2', '2014-12-09 23:28:02'),
	(581, 221, 226, '1', '2014-12-09 23:28:02'),
	(582, 221, 288, '1', '2014-12-09 23:28:02'),
	(583, 221, 299, '1', '2014-12-09 23:28:02'),
	(584, 221, 403, '1', '2014-12-09 23:28:02'),
	(585, 221, 524, '1', '2014-12-09 23:28:02'),
	(586, 222, 488, '2', '2014-12-09 23:34:36'),
	(587, 223, 33, '1', '2014-12-09 23:42:28'),
	(588, 223, 63, '1', '2014-12-09 23:42:28'),
	(589, 223, 64, '1', '2014-12-09 23:42:28'),
	(590, 223, 82, '1', '2014-12-09 23:42:28'),
	(591, 224, 415, '1', '2014-12-10 11:21:05'),
	(592, 225, 438, '1', '2014-12-11 17:47:17'),
	(593, 226, 12, '1', '2014-12-12 11:59:18'),
	(594, 226, 122, '1', '2014-12-12 11:59:18'),
	(595, 226, 165, '1', '2014-12-12 11:59:18'),
	(596, 226, 204, '1', '2014-12-12 11:59:18'),
	(597, 226, 519, '1', '2014-12-12 11:59:18'),
	(598, 227, 9, '1', '2014-12-12 13:13:35'),
	(599, 228, 9, '1', '2014-12-12 13:17:17'),
	(600, 229, 532, '1', '2014-12-12 13:35:56'),
	(601, 230, 9, '1', '2014-12-12 13:58:47'),
	(602, 231, 531, '1', '2014-12-12 15:49:51'),
	(603, 231, 536, '1', '2014-12-12 15:49:51'),
	(604, 231, 543, '1', '2014-12-12 15:49:51'),
	(605, 232, 541, '1', '2014-12-12 15:58:21'),
	(606, 233, 19, '1', '2014-12-12 23:00:08'),
	(607, 233, 20, '2', '2014-12-12 23:00:08'),
	(608, 233, 34, '3', '2014-12-12 23:00:08'),
	(609, 233, 81, '1', '2014-12-12 23:00:08'),
	(610, 233, 84, '2', '2014-12-12 23:00:08'),
	(611, 233, 299, '2', '2014-12-12 23:00:08'),
	(612, 233, 438, '4', '2014-12-12 23:00:08'),
	(613, 233, 514, '1', '2014-12-12 23:00:08'),
	(614, 234, 1, '1', '2014-12-12 23:11:40'),
	(615, 234, 31, '1', '2014-12-12 23:11:40'),
	(616, 234, 34, '1', '2014-12-12 23:11:40'),
	(617, 234, 37, '1', '2014-12-12 23:11:40'),
	(618, 234, 114, '1', '2014-12-12 23:11:40'),
	(619, 234, 125, '1', '2014-12-12 23:11:40'),
	(620, 234, 318, '1', '2014-12-12 23:11:40'),
	(621, 234, 438, '1', '2014-12-12 23:11:40'),
	(622, 235, 37, '1', '2014-12-13 13:57:00'),
	(623, 236, 11, '1', '2014-12-13 23:56:56'),
	(624, 236, 62, '1', '2014-12-13 23:56:56'),
	(625, 236, 79, '2', '2014-12-13 23:56:56'),
	(626, 236, 180, '1', '2014-12-13 23:56:56'),
	(627, 236, 181, '1', '2014-12-13 23:56:56'),
	(628, 237, 334, '1', '2014-12-14 23:09:24'),
	(629, 238, 151, '1', '2014-12-15 15:53:58'),
	(630, 238, 344, '1', '2014-12-15 15:53:58'),
	(631, 238, 410, '1', '2014-12-15 15:53:58'),
	(632, 238, 546, '1', '2014-12-15 15:53:58'),
	(633, 239, 479, '1', '2014-12-15 16:20:29'),
	(634, 240, 88, '1', '2014-12-15 18:23:09'),
	(635, 240, 501, '1', '2014-12-15 18:23:09'),
	(636, 241, 269, '1', '2014-12-16 17:57:44'),
	(637, 242, 268, '1', '2014-12-18 17:41:01'),
	(638, 242, 290, '1', '2014-12-18 17:41:01'),
	(639, 243, 191, '1', '2014-12-19 18:02:56'),
	(640, 243, 197, '1', '2014-12-19 18:02:56'),
	(641, 244, 146, '1', '2014-12-22 10:52:56'),
	(642, 245, 23, '1', '2014-12-22 23:17:41'),
	(643, 245, 88, '1', '2014-12-22 23:17:41'),
	(644, 245, 196, '1', '2014-12-22 23:17:41'),
	(645, 245, 438, '1', '2014-12-22 23:17:41'),
	(646, 246, 1, '3', '2014-12-22 23:28:24'),
	(647, 246, 11, '1', '2014-12-22 23:28:24'),
	(648, 246, 79, '1', '2014-12-22 23:28:24'),
	(649, 246, 84, '1', '2014-12-22 23:28:24'),
	(650, 246, 180, '1', '2014-12-22 23:28:24'),
	(651, 246, 181, '1', '2014-12-22 23:28:24'),
	(652, 246, 343, '1', '2014-12-22 23:28:24'),
	(653, 246, 344, '1', '2014-12-22 23:28:24'),
	(654, 246, 438, '1', '2014-12-22 23:28:24'),
	(655, 246, 477, '1', '2014-12-22 23:28:24'),
	(656, 247, 492, '1', '2014-12-29 13:00:12'),
	(657, 248, 500, '1', '2015-01-03 21:44:21'),
	(658, 249, 92, '1', '2015-01-08 14:33:19'),
	(659, 250, 168, '01', '2015-01-09 09:41:26'),
	(660, 250, 538, '01', '2015-01-09 09:41:26'),
	(661, 251, 256, '1', '2015-01-09 11:30:51'),
	(683, 255, 492, '1', '2015-01-12 12:35:15'),
	(684, 256, 215, '1', '2015-01-12 22:16:31'),
	(685, 256, 527, '1', '2015-01-12 22:16:31'),
	(686, 257, 59, '2', '2015-01-13 23:59:21'),
	(687, 257, 479, '2', '2015-01-13 23:59:21'),
	(693, 263, 535, '1', '2015-01-19 15:47:39'),
	(694, 264, 306, '1', '2015-01-20 12:09:13'),
	(695, 265, 223, '1', '2015-01-20 12:11:14'),
	(696, 266, 485, '2', '2015-01-21 10:13:18'),
	(697, 267, 181, '1', '2015-01-22 11:55:32'),
	(698, 268, 431, '1', '2015-01-24 17:09:19'),
	(699, 269, 180, '1', '2015-01-27 11:52:16'),
	(700, 269, 340, '1', '2015-01-27 11:52:16'),
	(701, 269, 490, '1', '2015-01-27 11:52:16'),
	(702, 270, 535, '1', '2015-01-27 12:49:17'),
	(703, 271, 291, '1', '2015-01-30 18:37:56'),
	(704, 271, 404, '1', '2015-01-30 18:37:56');
/*!40000 ALTER TABLE `carrinhoproduto` ENABLE KEYS */;


-- Copiando estrutura para tabela sedaerot_loja.categoria
CREATE TABLE IF NOT EXISTS `categoria` (
  `categoriaId` int(11) NOT NULL AUTO_INCREMENT,
  `descricao` varchar(45) NOT NULL,
  `dtCadastro` timestamp NOT NULL DEFAULT CURRENT_TIMESTAMP ON UPDATE CURRENT_TIMESTAMP,
  `status` int(11) DEFAULT '1',
  PRIMARY KEY (`categoriaId`)
) ENGINE=InnoDB AUTO_INCREMENT=12 DEFAULT CHARSET=utf8;

-- Copiando dados para a tabela sedaerot_loja.categoria: ~11 rows (aproximadamente)
/*!40000 ALTER TABLE `categoria` DISABLE KEYS */;
INSERT INTO `categoria` (`categoriaId`, `descricao`, `dtCadastro`, `status`) VALUES
	(1, 'ACESSÓRIOS', '2014-06-25 09:43:42', 1),
	(2, 'BRINCADEIRAS', '2014-03-25 16:58:51', 1),
	(3, 'COSMETICOS', '2014-03-25 17:04:57', 1),
	(4, 'FANTASIAS', '2014-03-25 17:05:22', 1),
	(5, 'PENIS', '2014-03-25 17:05:39', 1),
	(6, 'SADO/FETICHE', '2014-03-25 17:05:51', 1),
	(7, 'VIBRADORES', '2014-03-25 17:06:28', 1),
	(8, 'LINGERIES', '2014-07-15 12:56:19', 1),
	(9, 'FILMES', '2014-03-25 17:07:23', 1),
	(10, 'DIVERSOS', '2014-03-25 17:07:35', 1),
	(11, 'GAROTA VENENO', '2014-08-12 16:42:02', 1);
/*!40000 ALTER TABLE `categoria` ENABLE KEYS */;


-- Copiando estrutura para tabela sedaerot_loja.cliente
CREATE TABLE IF NOT EXISTS `cliente` (
  `clienteId` int(11) NOT NULL AUTO_INCREMENT,
  `mGeneroId` int(11) NOT NULL,
  `mTipoClienteId` int(11) NOT NULL,
  `nome` varchar(45) DEFAULT NULL,
  `sobrenome` varchar(45) DEFAULT NULL,
  `email` varchar(45) DEFAULT NULL,
  `senha` varchar(100) DEFAULT NULL,
  `dtAniversario` date DEFAULT NULL,
  `status` int(11) DEFAULT '1',
  `dtCadastro` timestamp NULL DEFAULT CURRENT_TIMESTAMP,
  `cpf` varchar(50) DEFAULT NULL,
  `rg` varchar(50) DEFAULT NULL,
  `telResidencial` varchar(50) DEFAULT NULL,
  `telComercial` varchar(50) DEFAULT NULL,
  `telCelular` varchar(50) DEFAULT NULL,
  `receberNovidades` int(11) DEFAULT '0',
  `comoFicouSabendo` text,
  PRIMARY KEY (`clienteId`,`mGeneroId`,`mTipoClienteId`),
  KEY `fk_cliente_genero1_idx` (`mGeneroId`),
  KEY `fk_cliente_tipo_cliente1_idx` (`mTipoClienteId`),
  CONSTRAINT `fk_cliente_genero1` FOREIGN KEY (`mGeneroId`) REFERENCES `genero` (`generoId`) ON DELETE CASCADE ON UPDATE NO ACTION,
  CONSTRAINT `fk_cliente_tipo_cliente1` FOREIGN KEY (`mTipoClienteId`) REFERENCES `tipocliente` (`tipoClienteId`) ON DELETE CASCADE ON UPDATE NO ACTION
) ENGINE=InnoDB AUTO_INCREMENT=99 DEFAULT CHARSET=utf8;

-- Copiando dados para a tabela sedaerot_loja.cliente: ~51 rows (aproximadamente)
/*!40000 ALTER TABLE `cliente` DISABLE KEYS */;
INSERT INTO `cliente` (`clienteId`, `mGeneroId`, `mTipoClienteId`, `nome`, `sobrenome`, `email`, `senha`, `dtAniversario`, `status`, `dtCadastro`, `cpf`, `rg`, `telResidencial`, `telComercial`, `telCelular`, `receberNovidades`, `comoFicouSabendo`) VALUES
	(31, 1, 1, 'Jonas Rodrigues', 'Rodrigues de Oliveira', 'jonasrod@gmail.com', '1234', '1982-11-30', 1, '2014-06-25 23:05:25', '311.415.648-74', '348789063', '1199999999', '1199999999', '11998384016', 0, 'internet'),
	(32, 1, 1, 'Fábio', 'Podolak', 'fabio@acaotrade.com.br', 'fabio123', NULL, 1, '2014-06-27 18:14:45', '20202020202', '56677777', '0', '0', '11', 0, 'Indicação do Fábio'),
	(33, 2, 1, 'Gildelene ', 'Cardoso', 'casagil@ig.com.br', '999171190', '1968-08-05', 1, '2014-07-18 16:58:37', '123.050.618-70', '18084423', '1147511852', '0', '11947178855', 0, 'Gil'),
	(34, 2, 1, 'Michele', 'Gomes', 'figueiraegomes@hotmail.com', '260607', '1985-03-05', 1, '2014-08-27 11:00:25', '34478606854', '402478010', '1147424356', '11971391179', '11984675494', 0, 'Revendedora'),
	(35, 2, 1, 'Regiane', 'Gouveia', 'regianegouveia21@gmail.com', 'Love13', '1984-07-13', 1, '2014-08-27 11:16:07', '33553469854', '425956696', '0', '0', '11983348771', 0, 'Uma amiga indicou'),
	(36, 1, 1, 'Carlos', 'Stenio', 'carlos.steniocorretor@yahoo.com.br', 'ca925848', '1980-04-03', 1, '2014-08-27 14:52:17', '27092584809', '292878035', NULL, NULL, '11993946622', 0, 'Através da Michele'),
	(37, 2, 1, 'Nataly ', 'Queiroz Cardoso', 'natalybattiato@hotmail.com', '2003', '1983-03-19', 1, '2014-09-21 15:08:06', '31301393894', '437370781', '0', '0', '11983063551', 0, 'Indicação'),
	(38, 2, 1, 'Natalia ', 'Ferreira', 'natysilfer@hotmail.com', 'nicole', '1987-01-14', 1, '2014-09-23 16:06:43', '367505', '45520', '0', '0', '11998517725', 0, 'amiga'),
	(39, 1, 1, 'Rafael', 'Ribeiro', 'rafael.big-boy@hotmail.com', 'rafael1228', '1992-03-31', 1, '2014-09-23 16:15:59', '58263179149', '2091', '0', '0', '6791537092', 0, 'procurando coisas'),
	(40, 1, 1, 'marcos', 'nunes', 'laysfontes@hotmail.com', '123456789', '1984-05-11', 1, '2014-09-29 21:20:06', '10364230770', '206982282', '0', '0', '22997369632', 0, 'Internet '),
	(41, 1, 1, 'Felipe', 'Carlos Gomes', 'felipegomes.apla@gmail.com', '260607', '1986-01-29', 1, '2014-09-30 10:28:55', '33827557852', '411689812', '1147424356', '0', '11954731154', 0, 'Michele'),
	(42, 1, 1, 'guaracy jose dos santos', 'santos', 'guaracy_santos@hotmail.com', 'gjs360325', '1936-03-25', 1, '2014-10-04 12:47:07', '53814', '1', '21', '0', '99705', 0, 'pela nternet'),
	(43, 1, 1, 'guaracy jose dos santos', 'santos', 'guaracy_santos@hotmail.com', 'gjs360325', '1936-03-25', 1, '2014-10-04 12:53:50', '53814', '1442935', '21', NULL, '997057659', 0, 'pela internet'),
	(44, 1, 1, 'fabio', 'braga', 'famaadesivos@ig.com.br', '99776452', '1973-02-05', 1, '2014-10-07 10:43:15', '128114', '223982866', '1147511852', '1147511772', '11947657868', 0, 'indicação'),
	(45, 2, 1, 'juracy rosa dos santos ribeiro', '0', 'estrelaforte@hotmail.com', 'jujuestrela', '1963-11-13', 1, '2014-10-07 13:07:17', '316613', '300793741', '11', '11', '11985761706', 0, 'vendedora  micheli'),
	(46, 2, 1, 'juracy rosa dos santos ribeiro', NULL, 'estrelaforte@hotmail.com', 'jujuestrela', '1963-11-13', 1, '2014-10-07 13:09:24', '316613', '300793741', '11', '11', '11985761706', 0, 'vendedora  micheli'),
	(47, 2, 1, 'juracy rosa', 'dos santos', 'estrelaforte@hotmail.com', 'jujuestrela', '1963-11-13', 1, '2014-10-07 13:15:46', '316613', '300793741', '1134620791', '11', '11985761706', 0, 'vendedoramicheli'),
	(48, 2, 1, 'Sueli ', 'Gonçalves ', 'sueli_20g@hotmail.com', '154263', '1986-06-20', 1, '2014-10-08 15:21:55', '874694', '10123526', '68', '68', '68', 0, 'pesquisa no google'),
	(49, 2, 1, 'Revendedora Elisabete Maria', 'do Nascimento', 'elizzabete@outlook.com', NULL, '1971-10-12', 1, '2014-10-09 09:20:54', '25541042801', '293014310', '0', '0', '0', 0, NULL),
	(50, 2, 1, 'Revendedora', ' Elisabete Maria do Nascimento', 'elizzabete@outlook.com', '1234', '1971-10-12', 1, '2014-10-09 09:34:28', '255410', '293014310', '0', '0', '11942520546', 0, '0'),
	(51, 2, 1, 'Revendedora Juracy', 'Rosa dos Santos Ribeiro', 'estrelaforte@hotmail.com', '1234', '1963-11-13', 1, '2014-10-09 09:52:55', '31661398855', '300793741', '1134620791', '0', '0', 0, '0'),
	(52, 2, 1, 'Selma', 'Cardoso', 'selma@cardoso.com', '1234', '1985-04-02', 1, '2014-10-10 14:57:13', '12305061870', '052151211', '0', '0', '0', 0, '0'),
	(53, 1, 1, 'CLAUDIO', 'CONTIERO', 'c-contiero@hotmail.com', 'cjl5097', '1948-08-15', 1, '2014-10-13 10:10:55', '569.891.728-00', '453053630', '1156136691', '1156136691', '11964627609', 0, 'PELA INTERNET'),
	(54, 2, 1, 'Vanessa', 'Souza', 'nessinhaalice@hotmail.com', '880509va', '1988-05-09', 1, '2014-10-14 14:15:56', '075.910.694-03', '9015426', NULL, NULL, '8188834828', 0, 'google'),
	(55, 2, 1, 'Revendedora Fernanda', 'Rocha', 'fernanda@fama.com', '1234', '1977-04-20', 1, '2014-10-16 17:37:14', '321.373.808-54', '342093794', '0', '0', '11992715189', 0, '0'),
	(56, 2, 1, 'VALESKA SAMARA ', 'SILVA ', 'valeskass@ig.com.br', 'vinileo', '1974-01-20', 1, '2014-10-17 19:39:08', '154.000.988-27', '23484361-5', '(11) 3360-5845', '(11) 3360-5845', '(11) 95787-7144', 0, 'REPRESENTANTE - LEKA'),
	(57, 2, 1, 'Madalena', 'Barbosa', 'madalena.barbosa@yahoo.com.br', 'felicidade', '1962-04-20', 1, '2014-10-18 14:39:12', '214.155.518-39', '19161802', NULL, NULL, '18996215079', 0, 'internet'),
	(58, 1, 1, 'abdiel', 'santos', 'abdiel.oliveira.l@gmail.com', NULL, NULL, 1, '2014-10-18 16:42:12', '422.579.688-40', '360286276', '44440293', NULL, '969138589', 0, 's'),
	(60, 1, 1, 'abdiel', 'santos', 'abdiel.oliveira.l@gmail.com', NULL, '1993-09-11', 1, '2014-10-18 16:52:12', '422.579.688-40', '360286276', '44440293', NULL, '969138589', 0, 'net'),
	(61, 1, 1, 'Alisson', 'Kiseleff', 'alisson.kiseleff@outlook.com', 'Beatriz@01102012', '1991-10-25', 1, '2014-10-31 11:13:35', '395.034.828-01', '480329060', '(11) 2378-0988', NULL, '(11) 9.8746-1275', 0, 'Pesquisa'),
	(62, 1, 1, 'Marcos Vinícius', 'Pinto', 'mvgp.sc@gmail.com', 'ma37911rm', '1990-03-17', 1, '2014-11-04 22:39:02', '124.598.717-83', '257711077', NULL, NULL, '21981095249', 0, 'Google'),
	(63, 1, 1, 'Felipe', ' da Cruz Faria', 'felipecfaria@yahoo.com.br', 'Fe256585', '1988-08-06', 1, '2014-11-10 14:13:27', '380.405.898-19', '43780401-x', '1120316646', NULL, '11985457851', 0, 'gogle'),
	(64, 2, 1, 'bruna cristina', 'alves', 'brunaalves2005@yahoo.com.br', '5108272', '1990-11-18', 1, '2014-11-11 13:19:59', '389.677.268-64', '474564885', NULL, NULL, '16992238275', 0, 'busca google'),
	(66, 2, 1, 'eliana', 'cardoso', 'eliana.cardoso.silva@outlook.com.br', '953657809', '1979-06-07', 1, '2014-11-19 18:55:22', '368.173.578-61', '343189513', '11953657809', '11953657809', '11953657809', 0, 'através da revendedora'),
	(67, 1, 1, 'Douglas', 'Nantes Gualberto', 'douglas.nantes@gmail.com', 'nant1076854', '1986-12-03', 1, '2014-11-19 19:00:56', '012.368.281-94', '1076854', NULL, NULL, '6799859919', 0, 'navegando aleatoriamente'),
	(68, 1, 1, 'ALAIN AUGUSTO ', 'FIRMO QUERETTE', 'alain.querette@gmail.com', 'tampico', '1948-07-04', 1, '2014-11-20 14:34:08', '053.101.214-04', '132787628', '(81)33045737', NULL, '(81)885913055', 0, 'WEB'),
	(69, 1, 1, 'Alexandre', 'Santos', 'alexandresantos@outlook.com', 'acesso', '1975-04-12', 1, '2014-11-29 06:26:08', '201.955.928-59', '27077399X', '12 39448123', NULL, '12 991131138', 0, 'no puteiro da cidade'),
	(70, 2, 1, 'Revenda Eliana Cardoso da Silva', NULL, 'eliana.cardoso.silva@outllok.com.br', '1234', '1979-06-07', 1, '2014-12-06 14:30:43', '368.173.578-61', '343189513', NULL, NULL, '11 953657809', 0, 'Revendedora'),
	(71, 2, 1, 'Fernanda', 'Barros', 'fernanda.rbarros@gmail.com', '280180', '1985-10-15', 1, '2014-12-07 01:35:10', '057.728.517-30', '208341271', NULL, NULL, '21988184258', 0, 'GOOGLE'),
	(72, 1, 1, 'eduardo ', 'lacerda', 'edulacerda@r7.com', 'eduardo92', '1992-02-18', 1, '2014-12-09 11:32:22', '144.492.457-50', '238652192', NULL, NULL, '24 99202662', 0, 'pesquisa na internet'),
	(73, 1, 1, 'marciano', 'francisco', 'marciofrancisco!@yahoo.com.br', '712253', '1979-01-18', 1, '2014-12-09 19:57:48', '269.287.688-19', '30383321', '45243287', NULL, '964042117', 0, 'pesquisa'),
	(74, 2, 1, 'Roberta', 'Manzan', 'robertatm_mg@yahoo.com.br ', '1090', '1980-11-21', 1, '2014-12-12 11:46:15', '059.883.386-23', 'MG11970921', NULL, NULL, '3488051090', 0, 'Google'),
	(75, 1, 1, 'marcus vinicius ', 'rodrigues de souza', 'hidraulicaparacatu.vinicius@hotmail.com', '323832', '1988-11-16', 1, '2014-12-12 12:23:41', '096.727.546-63', '144301062', NULL, NULL, '3899632458', 0, 'navegando pela internet'),
	(76, 2, 1, 'Caroline', 'Santos', 'caroline_edw@hotmail.com', '61081613', '1995-03-06', 1, '2014-12-13 13:41:16', '429.450.418-80', '370412527', NULL, NULL, '1198319-6846', 0, 'indicação'),
	(77, 2, 1, 'Michele', 'Mello', 'micheleklahrmello@yahoo.com.br.com.br', 'mkm1987', '1987-03-28', 1, '2014-12-14 23:06:43', '007.892.640-80', '9084724071', '5130770088', '', '5184823288', 0, 'pesquisando na internet'),
	(78, 2, 1, 'Gabriela', 'Leite', 'g.leite.melo@bol.com.br', 'gaby16', '1997-09-05', 1, '2014-12-15 16:18:50', '432.528.578-47', '546826519', NULL, NULL, '11 977766098', 0, 'por uma colega'),
	(79, 2, 1, 'Michele', 'Mello', 'micheleklahrmello@yahoo.com.br', 'mkm1987', '1987-03-28', 1, '2014-12-15 18:06:52', '007.892.640-80', '9084724071', NULL, NULL, '5184823288', 0, 'pela internet'),
	(80, 1, 1, 'LUCIAN ', NULL, 'lucianborges@yahoo.com.br', '102030', '1990-03-31', 1, '2014-12-15 23:39:09', '396.000.288-26', '46197893-3', NULL, NULL, '19996130033', 0, 'google'),
	(81, 2, 1, 'Rafaela', 'Galvão', 'galvao_rafaela@hotmail.com ', '114915', '1987-10-20', 1, '2014-12-16 13:57:45', '127.649.797-03', '231443847', NULL, NULL, '21 988453123', 0, 'google'),
	(82, 1, 1, 'FABIO', 'BRASIL', 'fambs12000@yahoo.com.br', '123456', '1976-04-30', 1, '2014-12-18 21:59:37', '028.920.796-75', '6088681', NULL, NULL, '3197013067', 0, 'sexonico'),
	(83, 1, 1, 'MARCO SABURO', 'YJU', 'marcoyju@hotmail.com', 'la0147', '1980-03-01', 1, '2014-12-22 10:50:25', '030.767.439-88', '61243178', NULL, NULL, '4184057339', 0, 'Google'),
	(84, 2, 1, 'danielly danubia ', 'pereira da silva', 'daniellydanu@hotmail.com', '190279', '1989-07-09', 1, '2014-12-30 23:41:15', '049.237.774-00', '392020397', NULL, NULL, '11985521685', 0, 'google'),
	(85, 1, 1, 'Breno ', 'Rodrigues Braga', 'breno.braga96@hotmail.com', '43033882897', '1996-12-20', 1, '2015-01-06 16:17:34', '430.338.828-97', '393474525', '11 36785030', NULL, '9 42275655', 0, 'Revendedora'),
	(86, 1, 1, 'Martin', 'Pfundstein', 'mfpfundsrein@hotmail.com', NULL, '1965-10-30', 1, '2015-01-06 17:47:40', '093.098.248-75', '78986199', '1127098083', NULL, '11952469130', 0, 'Google'),
	(87, 1, 1, 'Martin', 'Pfundstein', 'mfpfundsrein@hotmail.com', 'sedaerotica1965', '1965-10-30', 1, '2015-01-06 17:49:26', '093.098.248-75', '78986199', '1127098083', NULL, '11952469130', 0, 'Google'),
	(88, 1, 1, 'raphael', 'santos', 'raphasantos037@gmail.com', '75731867', '1991-09-01', 1, '2015-01-07 09:11:18', '384.192.698-32', '320482200', NULL, NULL, '975731867', 0, 'conheci pelo site sexonico'),
	(89, 2, 1, 'Carolline', 'Teixeira da Silva', 'carolline.mteixeira@gmail.com', 'carol1605', '1993-05-16', 1, '2015-01-08 13:45:26', '419.204.588-59', '488912751', '', '', '18 981200740', 0, 'internet'),
	(90, 1, 1, 'RAFAEL', 'LOPES', 'croz_bonez@hotmail.com', 'marcella84', '1984-12-06', 1, '2015-01-10 17:46:51', '325.184.508-07', '33091188-0', NULL, NULL, '119999999999', 0, 'Google'),
	(91, 2, 1, 'Camila', 'Sposito', 'camila.sposito@gmail.com', '250386', '1986-03-25', 1, '2015-01-12 16:19:06', '353.507.118-65', '442877936', NULL, NULL, '11998518382', 0, 'Google'),
	(92, 1, 1, 'joao vitor', 'rosalino rodrigues', 'joaovitor747@hotmail.com', 'bhur9cjv', '1991-12-13', 1, '2015-01-12 22:13:56', '142.060.927-02', '238210165', '2227705423', NULL, '22998322936', 0, 'google'),
	(93, 1, 1, 'Edno', 'Dias Pinto', 'ednodias@itelefonica.com.br', 'jundiai', '1964-01-19', 1, '2015-01-13 23:56:55', '054.189.298-36', '172477025', NULL, NULL, '11995091621', 0, 'google'),
	(94, 2, 1, 'Pamela', 'Xavier', 'pamelaxavierrapha@gmail.com', 'rapha2004', '1991-04-04', 1, '2015-01-15 16:05:20', '404.886.898-56', '481011377', NULL, NULL, '11970389121', 0, 'internet'),
	(95, 1, 1, 'juan', 'juan', 'megabassar@gmail.com', 'jmb0011', '1980-12-21', 1, '2015-01-16 05:32:12', '233.899.808-14', '2525013', NULL, NULL, '11-2599-8451', 0, 'web'),
	(96, 2, 1, 'DÉBORA CARINA ', 'BIAVATTI', 'carina_biavatti@hotmail.com', 'Farmaceuticaunip', '1987-10-24', 1, '2015-01-19 15:40:10', '061.458.859-63', '98798617', NULL, NULL, '044-98277360', 0, 'internet'),
	(97, 1, 1, 'Dagoberto', 'Merli', 'elled@terra.com.br', 'dago26', '1962-03-10', 1, '2015-01-21 10:07:34', '049.300.718-01', '14794191', '11-999196629', '', '11999196629', 0, 'saite'),
	(98, 2, 1, 'Barbara', 'Leite', 'Baa_gatenhaa@hotmail.com', 'administracao', '1996-05-27', 1, '2015-01-27 12:15:55', '445.674.828-16', '362730386', NULL, NULL, '11974253837', 0, 'Google');
/*!40000 ALTER TABLE `cliente` ENABLE KEYS */;


-- Copiando estrutura para tabela sedaerot_loja.config
CREATE TABLE IF NOT EXISTS `config` (
  `configID` int(11) NOT NULL AUTO_INCREMENT,
  `chave` varchar(200) DEFAULT NULL,
  `valor` varchar(200) DEFAULT NULL,
  `descricao` varchar(200) DEFAULT NULL,
  PRIMARY KEY (`configID`)
) ENGINE=InnoDB AUTO_INCREMENT=10 DEFAULT CHARSET=utf8;

-- Copiando dados para a tabela sedaerot_loja.config: ~9 rows (aproximadamente)
/*!40000 ALTER TABLE `config` DISABLE KEYS */;
INSERT INTO `config` (`configID`, `chave`, `valor`, `descricao`) VALUES
	(1, 'CNPJ', '019380699000190', 'CNPJ empresa'),
	(2, 'AGENCIA', '3188 ', 'agência utilizada para emitir boleto e transferência online'),
	(3, 'CONTA', '18955-3', 'conta corrente utilizada para emitir boleto e transferência online'),
	(4, 'CARTEIRA', '9', 'Carteira da conta no banco'),
	(5, 'RAZAO', 'DIRCE DA SILVA CARDOSO - ME', 'Razão Social'),
	(6, 'CONTRATO_ECT', '9912351440', 'Número do contrado nos Correios'),
	(7, 'COD_ADM_ECT', '14201151', 'Código administrativo no Correios'),
	(8, 'CARTAO_POSTAGEM1', '0069223467', 'Número do cartão de postagem para postagem nas agências própiras da ETC'),
	(9, 'CARTAO_POSTAGEM2', '0069223483', 'Número do cartão de postagem para postagem em todas as agências da ECT');
/*!40000 ALTER TABLE `config` ENABLE KEYS */;


-- Copiando estrutura para tabela sedaerot_loja.email
CREATE TABLE IF NOT EXISTS `email` (
  `emailId` int(11) NOT NULL AUTO_INCREMENT,
  `email` varchar(50) DEFAULT NULL,
  `dtCadastro` timestamp NOT NULL DEFAULT CURRENT_TIMESTAMP,
  PRIMARY KEY (`emailId`)
) ENGINE=InnoDB AUTO_INCREMENT=50 DEFAULT CHARSET=utf8;

-- Copiando dados para a tabela sedaerot_loja.email: ~19 rows (aproximadamente)
/*!40000 ALTER TABLE `email` DISABLE KEYS */;
INSERT INTO `email` (`emailId`, `email`, `dtCadastro`) VALUES
	(2, 'fabio@acaotrade.com.br', '2014-07-28 21:56:15'),
	(3, 'andreamunhoz12@hotmail.com', '2014-08-28 10:54:32'),
	(4, 'roseli.moreira@hotmail.com', '2014-08-29 12:33:54'),
	(5, 'dumvalue@example.com', '2014-09-12 11:49:51'),
	(27, 'natysilfer@hotmail.com', '2014-09-23 16:06:38'),
	(28, 'laysfontes@hotmail.com', '2014-09-29 21:29:14'),
	(29, NULL, '2014-10-01 22:47:44'),
	(30, NULL, '2014-10-01 22:47:44'),
	(31, NULL, '2014-10-02 17:58:46'),
	(32, NULL, '2014-10-07 00:43:03'),
	(33, NULL, '2014-10-07 00:43:03'),
	(34, NULL, '2014-10-07 00:48:07'),
	(36, 'casagil@ig.com.br', '2014-10-10 11:52:57'),
	(37, 'aparecidinha29@hotmail.com', '2014-10-21 19:24:32'),
	(38, 'eliana.cardoso.silva@outlook.com.br', '2014-11-19 18:59:18'),
	(39, 'hidraulicaparacatu.vinicius@hotmail.com', '2014-12-12 12:23:41'),
	(40, 'micheleklahrmello@yahoo.com.br.com.br', '2014-12-14 23:06:43'),
	(41, 'micheleklahrmello@yahoo.com.br', '2014-12-15 18:06:52'),
	(42, 'micheleklahrmello@yahoo.com.br', '2014-12-21 17:17:54'),
	(43, 'daniellydanu@hotmail.com', '2014-12-30 23:41:16'),
	(44, 'breno.braga96@hotmail.com', '2015-01-06 16:17:34'),
	(45, 'joaovitor747@hotmail.com', '2015-01-12 22:13:56'),
	(46, 'willian.bg@hotmail.com', '2015-01-15 12:28:12'),
	(47, 'carina_biavatti@hotmail.com', '2015-01-19 15:40:10'),
	(48, 'elled@terra.com.br', '2015-01-21 10:07:34'),
	(49, 'Baa_gatenhaa@hotmail.com', '2015-01-27 12:15:56');
/*!40000 ALTER TABLE `email` ENABLE KEYS */;


-- Copiando estrutura para tabela sedaerot_loja.embalagem
CREATE TABLE IF NOT EXISTS `embalagem` (
  `embalagemId` int(11) NOT NULL AUTO_INCREMENT,
  `descricao` varchar(45) DEFAULT NULL,
  `altura` decimal(20,2) DEFAULT NULL,
  `largura` decimal(20,2) DEFAULT NULL,
  `comprimento` decimal(20,2) DEFAULT NULL,
  `status` int(11) DEFAULT NULL,
  `dtCadastro` timestamp NOT NULL DEFAULT CURRENT_TIMESTAMP ON UPDATE CURRENT_TIMESTAMP,
  PRIMARY KEY (`embalagemId`)
) ENGINE=InnoDB AUTO_INCREMENT=2 DEFAULT CHARSET=utf8;

-- Copiando dados para a tabela sedaerot_loja.embalagem: ~1 rows (aproximadamente)
/*!40000 ALTER TABLE `embalagem` DISABLE KEYS */;
INSERT INTO `embalagem` (`embalagemId`, `descricao`, `altura`, `largura`, `comprimento`, `status`, `dtCadastro`) VALUES
	(1, 'Embalagem 1', 12.00, 12.00, 12.00, 1, '2014-04-21 19:57:29');
/*!40000 ALTER TABLE `embalagem` ENABLE KEYS */;


-- Copiando estrutura para tabela sedaerot_loja.endereco
CREATE TABLE IF NOT EXISTS `endereco` (
  `enderecoId` int(11) NOT NULL AUTO_INCREMENT,
  `mClienteId` int(11) NOT NULL,
  `mTipoEnderecoId` int(11) NOT NULL,
  `mEstadoID` int(11) DEFAULT NULL,
  `cep` int(8) unsigned zerofill DEFAULT NULL,
  `endereco` varchar(100) DEFAULT NULL,
  `numero` varchar(45) DEFAULT NULL,
  `complemento` varchar(45) DEFAULT NULL,
  `bairro` varchar(45) DEFAULT NULL,
  `cidade` varchar(45) DEFAULT NULL,
  `estado` varchar(45) DEFAULT NULL,
  `observacoes` text,
  PRIMARY KEY (`enderecoId`,`mClienteId`,`mTipoEnderecoId`),
  KEY `fk_endereco_cliente1_idx` (`mClienteId`),
  KEY `fk_endereco_tipo_endereco1_idx` (`mTipoEnderecoId`),
  KEY `FK_endereco_estado` (`mEstadoID`),
  CONSTRAINT `FK_endereco_estado` FOREIGN KEY (`mEstadoID`) REFERENCES `estado` (`estadoID`) ON DELETE CASCADE ON UPDATE NO ACTION,
  CONSTRAINT `fk_endereco_cliente1` FOREIGN KEY (`mClienteId`) REFERENCES `cliente` (`clienteId`) ON DELETE CASCADE ON UPDATE NO ACTION,
  CONSTRAINT `fk_endereco_tipo_endereco1` FOREIGN KEY (`mTipoEnderecoId`) REFERENCES `tipoendereco` (`tipoEnderecoId`) ON DELETE CASCADE ON UPDATE NO ACTION
) ENGINE=InnoDB AUTO_INCREMENT=89 DEFAULT CHARSET=utf8;

-- Copiando dados para a tabela sedaerot_loja.endereco: ~66 rows (aproximadamente)
/*!40000 ALTER TABLE `endereco` DISABLE KEYS */;
INSERT INTO `endereco` (`enderecoId`, `mClienteId`, `mTipoEnderecoId`, `mEstadoID`, `cep`, `endereco`, `numero`, `complemento`, `bairro`, `cidade`, `estado`, `observacoes`) VALUES
	(4, 31, 2, NULL, 09112000, 'Teste', 'Teste', 'teste', 'teste', 'teste', 'SP', 'Teste Jonas'),
	(5, 32, 2, NULL, 00000000, 'Rua Filon000', '850000', 'casa00', 'Vila Ema00', 'São Paulo', 'SP', 'ok'),
	(6, 33, 2, NULL, 45836000, 'Estrada do Baruel ', '2840', '', 'Baruel', 'Suzano', 'SP', '-'),
	(7, 34, 2, NULL, 08683300, 'Rua Maria de Lourdes Molina Vieira', '429', 'Casa 2', 'Parque Maria Helena', 'Suzano', 'SP', 'CDP'),
	(8, 34, 1, NULL, 08683300, 'Rua Maria de Lourdes Molina Vieira', '429P', '', 'Parque Maria Helena', 'Suzano', 'SP', 'CDP'),
	(9, 35, 2, NULL, 08504330, 'Rua Antônio Vitorino da Costa', '64', '0', 'Jardim Espinha', 'Ferraz de Vasconcelos', 'SP', 'Final da avenida nove de julho'),
	(10, 36, 2, NULL, 08630000, 'Rodovia Índio Tibiriçá', '12681', 'Casa 3', 'Palmeiras de São Paulo', 'Suzano', 'SP', 'Proximo ao Mercado JGomes'),
	(11, 37, 2, NULL, 08674002, 'Rua General Francisco Glicério', '1983', '0', 'Centro', 'Suzano', 'SP', 'Próximo a Padaria Suzan Pão'),
	(12, 38, 2, NULL, 08820130, 'Avenida King', '20', 'bloco H apt 43', 'Cezar de Souza', 'Mogi das Cruzes', 'SP', 'proximo a tv diario, na rua da creche ebenezer'),
	(13, 38, 1, NULL, NULL, NULL, NULL, NULL, NULL, NULL, '0', NULL),
	(14, 39, 2, NULL, 79017032, 'Rua Martin Afonso de Souza', '1228', '0', 'Nova Lima', 'Campo Grande', 'MS', 'Paulão Materias de Construção'),
	(15, 40, 2, NULL, 28740000, 'rua joaquim candido de carvalho ', '22', 'ao lado da padaria de wilian ', 'Centro', 'Conceição de Macabu', 'RJ', 'ap 201'),
	(16, 41, 2, NULL, 08683300, 'Rua Maria de Lourdes Molina Vieira', '429', 'Casa 2', 'Parque Maria Helena', 'Suzano', 'SP', '0'),
	(17, 41, 1, NULL, 08683300, 'Rua Maria de Lourdes Molina Vieira', '429', '', 'Parque Maria Helena', 'Suzano', 'SP', 'Proximo ao CDP'),
	(18, 42, 2, NULL, 24342060, 'Rua João Paulo II', '72', 'casa', 'Itaipu', 'Niterói', 'RJ', 'em frente ao posto shell'),
	(19, 43, 2, NULL, 24342060, 'rua joão paulo ii', '72', 'casa', 'itaipu', 'niteroi', 'RJ', 'em frente ao posto shell'),
	(20, 44, 2, NULL, 08653300, 'Estrada do Baruel', '2840', NULL, 'Baruel', 'Suzano', 'SP', NULL),
	(21, 44, 1, NULL, NULL, NULL, NULL, NULL, NULL, NULL, '0', NULL),
	(22, 45, 2, NULL, 08683220, 'Rua Albert Fink', '242', 'casa ', 'Parque Maria Helena', 'Suzano', 'SP', '0'),
	(23, 46, 2, NULL, 08683220, 'Rua Albert Fink', '242', 'casa ', 'Parque Maria Helena', 'Suzano', 'SP', NULL),
	(24, 47, 2, NULL, 08683220, 'Rua Albert Fink', '242', NULL, 'Parque Maria Helena', 'Suzano', 'SP', 'escola carlos monteni'),
	(25, 48, 2, NULL, 69909652, 'Rua Abacabeira', '40', 'apt', 'Vila da Amizade', 'Rio Branco', 'AC', 'Prox ao CTG'),
	(26, 48, 1, NULL, 69909652, 'Rua Abacabeira', '40', 'APTO 02', 'Vila da Amizade', 'Rio Branco', 'AC', 'prox ao CTG'),
	(27, 49, 2, NULL, 00000000, 'Rua Biotonico', '555', 'ap 31 torre 4', '0', '0', '0', '0'),
	(28, 49, 1, NULL, NULL, NULL, NULL, NULL, NULL, NULL, '0', NULL),
	(29, 50, 2, NULL, 08615000, 'Rua Biotonico', '555', 'ap 31 torre 4', 'Vila Urupês', 'Suzano', 'SP', '0'),
	(30, 50, 1, NULL, 08615000, 'Rua Biotonico', '555', 'Ap 31 Torre 4', 'Vila Urupês', 'Suzano', 'SP', '0'),
	(31, 51, 2, NULL, 08683220, 'Rua Albert Finke', '242', '0', 'Pq Maria Helena', 'Suzano', 'SP', '0'),
	(32, 52, 2, NULL, 08653200, '0', '0', '0', '0', '0', 'SP', '0'),
	(33, 53, 2, NULL, 04469100, 'Rua Alexandre Éder', 'RUA ALEXANDRE EDER', '115 BC 5 AP 5022', 'Jardim Aparecida', 'São Paulo', 'SP', 'FIM DA AV. NOS. SENHORA DO SABARÁ E INICIO DA ESTRADA DO ALVARENDA'),
	(35, 54, 2, NULL, 54250000, 'Avenida Governador Agamenon Magalhães', '2194', NULL, 'Jangadinha', 'Jaboatão dos Guararapes', 'PE', 'Próximo ao Depósito de água e Armazém Cavalo'),
	(36, 55, 2, NULL, 08640560, 'Rua das Laranjeiras', '6', '0', 'Chácara Casemiro', 'Suzano', 'SP', '0'),
	(37, 56, 2, NULL, 02245110, 'RUA PONTE PENSA', '324', '-', 'PARADA INGLESA', 'SÃO PAULO', 'SP', 'Altura do 3600 da Av.Gal.Ataliba Leonel'),
	(38, 57, 2, NULL, 15285000, 'Rua Daniel Ribeiro da Silva', '181', NULL, 'Cohab', 'Loudes', 'SC', 'proximo a quadra poliesportiva Alvino Facundo de Souza'),
	(39, 58, 2, NULL, NULL, NULL, NULL, NULL, NULL, NULL, '0', NULL),
	(40, 58, 1, NULL, NULL, NULL, NULL, NULL, NULL, NULL, '0', NULL),
	(41, 60, 2, NULL, 07802120, 'Rua Odilon Beltrame', '74', NULL, 'Companhia Fazenda Belém', 'Franco da Rocha', 'SP', NULL),
	(42, 60, 1, NULL, NULL, NULL, NULL, NULL, NULL, NULL, '0', NULL),
	(43, 61, 2, NULL, 08810020, 'Avenida Ricieri José Marcatto', '2311', 'Bloco 03 Apto 53', 'Vila Suissa', 'Mogi das Cruzes', 'SP', 'Ao lado da TV Diário'),
	(44, 62, 2, NULL, 22793315, 'Rua Frei Jacinto Infantino', '379', 'Condominio Rio Mar', 'Barra da Tijuca', 'Rio de Janeiro', 'RJ', 'Av. das américas altura do numero 7380'),
	(45, 63, 2, NULL, 02372090, 'Rua Mamud Rahd', '118', NULL, 'Tremembé', 'São Paulo', 'SP', 'Perto do posto policial do tremembé'),
	(46, 63, 1, NULL, 08021280, 'Rua Feliciano da Costa', '7', 'a', 'Vila Rosaria', 'São Paulo', 'SP', NULL),
	(47, 64, 2, NULL, 14550000, 'rua pedro alvaro biliato', '672', 'casa', 'celso torrezan', 'aramina', 'SP', 'escola oswaldo campos'),
	(48, 66, 2, NULL, 08750300, 'Rua Haiti', '7', 'b', 'Jundiapeba', 'Mogi das Cruzes', 'SP', 'mercado real'),
	(49, 67, 2, NULL, 79070292, 'Rua Carlos Magno', '155', NULL, 'Vila Adelina', 'Campo Grande', 'MS', 'Douglas'),
	(50, 68, 2, NULL, 52070010, 'Rua Conselheiro Nabuco', '181', 'AP1602', 'Casa Amarela', 'Recife', 'PE', 'Sítio da Trindade'),
	(51, 68, 1, NULL, 52070010, 'Rua Conselheiro Nabuco', '181', 'AP1602', 'Casa Amarela', 'Recife', 'PE', 'Sítio da Trindade'),
	(52, 69, 2, NULL, 12228832, 'Rua Arnaldo Correia Reis', '92', NULL, 'Vila Adriana', 'São José dos Campos', 'SP', 'em frente ao prostíbulo da Nena'),
	(53, 70, 2, NULL, 08700000, 'Rua Haiti', '7-B', 'Casa A', 'Jundiapeba', 'Mogi das Cruzes', 'SP', '-'),
	(54, 71, 2, NULL, 20771002, 'Avenida Dom Helder Câmara', '6001', 'BLOCO 6 APT 801', 'Pilares', 'Rio de Janeiro', 'RJ', 'CONDOMINIO ARENA PARK'),
	(55, 72, 2, NULL, 25665470, 'Rua Coronel Duarte da Silveira', '881', 'e', 'Duarte Silveira', 'Petrópolis', 'RJ', 'proximo a o bairro castrioto'),
	(56, 73, 2, NULL, 13253521, 'Rua Luiz Roberto Segatto', '10', 'casa', 'Jardim Harmonia', 'Itatiba', 'SP', 'perto da escolinha'),
	(57, 73, 1, NULL, 13253521, 'Rua Luiz Roberto Segatto', '10', 'casa', 'Jardim Harmonia', 'Itatiba', 'SP', 'perto escolinha'),
	(58, 74, 2, NULL, 38060200, 'Avenida Alexandre Barbosa', '922', NULL, 'Mercês ', 'Uberaba', 'MG', 'Perto da avenida da Saudade'),
	(59, 75, 2, NULL, 38600000, 'rua das carambolas ', '476', 'casa', 'primavera ll', 'paracatu', 'MG', 'perto da creche'),
	(60, 75, 1, NULL, 38600000, 'rua das carambolas ', '476', 'casa', 'primavera', 'paracatu', 'MG', 'perto da creche'),
	(61, 76, 2, NULL, 06385340, 'Rua Olga', '32', 'a', 'Vila Artem', 'Carapicuíba', 'SP', 'Japauto loja de motos'),
	(62, 77, 2, NULL, 92035000, 'Avenida do Nazario', '302', 'AP 434', 'Marechal Rondon', 'Canoas', 'RS', 'motel poyson'),
	(63, 78, 2, NULL, 03877200, 'Rua Niemeyer', '310', 'A', 'Vila Rio Branco', 'São Paulo', 'SP', 'Atravessa da Avenida Imperadr'),
	(64, 79, 2, NULL, 92035000, 'Avenida do Nazário', '302', 'ap 434', 'Estancia Velha', 'Canoas', 'RS', 'Motel Poyson'),
	(65, 80, 2, NULL, 13973470, 'Rua Avelino Moreira', '89', NULL, 'Jardim Paraíso', 'Itapira', 'SP', 'empresa minasa'),
	(66, 81, 2, NULL, 24130001, 'Alameda São Boa Ventura', '1149 ', 'rua 1 casa 15', 'Fonseca', 'Niterói', 'RJ', 'ao lado da honda motos'),
	(67, 81, 1, NULL, 24130001, 'Alameda São Boa Ventura', '1149', 'rua 1 cs 15', 'Fonseca', 'Niterói', 'RJ', 'ao lado da honda'),
	(68, 82, 2, NULL, 30575000, 'av costa do marfim', '120', 'AP 101', 'cj. estrela dalva', 'Belo Horizonte', 'MG', 'rua principal'),
	(69, 82, 1, NULL, 30575000, 'av costa do marfim', '120', 'ap 101', 'cj estrela dalva', 'belo horizonte', 'MG', 'rua principal'),
	(70, 83, 2, NULL, 80060140, 'Rua Doutor Faivre', '237B', 'Bistro QueroMais', 'Centro', 'Curitiba', 'PR', 'Quadra da FESP'),
	(71, 84, 2, NULL, 09570150, 'Rua Cristóvão Colombo', '21', NULL, 'Olímpico', 'São Caetano do Sul', 'SP', 'clube santa maria'),
	(72, 85, 2, NULL, 08080650, 'Rua Doutor José de Porciúncula', '183', 'casa', 'Parque Paulistano', 'São Paulo', 'SP', 'Super Mercado Nagumo'),
	(73, 86, 2, NULL, NULL, NULL, NULL, NULL, NULL, NULL, '0', NULL),
	(74, 86, 1, NULL, NULL, NULL, NULL, NULL, NULL, NULL, '0', NULL),
	(75, 87, 2, NULL, 13212070, 'Avenida Benedito Castilho de Andrade', '747', 'Bl 15 Ap 33', 'Parque Residencial Eloy Chaves', 'Jundiaí', 'SP', 'Condomínio Morada da Serra'),
	(76, 88, 2, NULL, 08616220, 'Avenida Missionária', '641', NULL, 'Jardim Cacique', 'Suzano', 'SP', 'supermercado primus'),
	(77, 89, 2, NULL, 13015101, 'Avenida Anchieta', '636', 'apartamento 171', 'Centro', 'Campinas', 'SP', 'prefeitura'),
	(78, 90, 2, NULL, 04244000, 'Estrada das Lágrimas', '3621', 'Bloco 5 - apto 23', 'São João Clímaco', 'São Paulo', 'SP', 'Perto da divisa com São Caetano do Sul'),
	(79, 90, 1, NULL, 04244000, 'Estrada das Lágrimas', '3621', NULL, 'São João Clímaco', 'São Paulo', 'SP', '.'),
	(80, 91, 2, NULL, 02302110, 'Rua Monte Belo', '347', NULL, 'Vila Paulicéia', 'São Paulo', 'SP', 'Travessa Av Nova Cantareira'),
	(81, 92, 2, NULL, 27910362, 'Avenida Rui Barbosa', '698', 'sala 704', 'Centro', 'Macaé', 'RJ', 'Tropical Plaza'),
	(82, 92, 1, NULL, 27910362, 'Avenida Rui Barbosa', '698', 'sala 704', 'Centro', 'Macaé', 'RJ', 'Tropical Plaza'),
	(83, 93, 2, NULL, 13214621, 'Rua Doutor Antônio Luís Zorze', '10', NULL, 'Vila Marlene', 'Jundiaí', 'SP', 'Acougue São Judas Tadeu'),
	(84, 94, 2, NULL, 05329000, 'Avenida Dracena', '523', NULL, 'Jaguaré', 'São Paulo', 'SP', 'empresa'),
	(85, 95, 2, NULL, 04713002, 'Rua da Paz', '2150', '114 B', 'Chácara Santo Antônio (Zona Sul)', 'São Paulo', 'SP', 'perto da marginal pinheiros'),
	(86, 96, 2, NULL, 87501250, 'Rua Doutor Rui Ferraz de Carvalho', '4140', 'Liberty Residence, ap. 503', 'Zona I', 'Umuarama', 'PR', 'frente a prefeitura municipal'),
	(87, 97, 2, NULL, 02722090, 'Rua Paulo Vidigal Vicente de Azevedo 199', '199 apt E3 -21', '', 'Vila Siqueira', 'São Paulo', 'SP', 'travessa Deputado Emilio Carlos'),
	(88, 98, 2, NULL, 06717100, 'Avenida Professor Manoel José Pedroso', '1316', NULL, 'Parque Bahia', 'Cotia', 'SP', 'Loja ');
/*!40000 ALTER TABLE `endereco` ENABLE KEYS */;


-- Copiando estrutura para tabela sedaerot_loja.estado
CREATE TABLE IF NOT EXISTS `estado` (
  `estadoID` int(11) NOT NULL AUTO_INCREMENT,
  `sigla` varchar(45) DEFAULT NULL,
  `descricao` varchar(45) DEFAULT NULL,
  PRIMARY KEY (`estadoID`)
) ENGINE=InnoDB AUTO_INCREMENT=29 DEFAULT CHARSET=utf8;

-- Copiando dados para a tabela sedaerot_loja.estado: ~27 rows (aproximadamente)
/*!40000 ALTER TABLE `estado` DISABLE KEYS */;
INSERT INTO `estado` (`estadoID`, `sigla`, `descricao`) VALUES
	(2, 'AC', 'Acre'),
	(3, 'AL', 'Alagoas'),
	(4, 'AP', 'Amapá'),
	(5, 'AM', 'Amazonas'),
	(6, 'BA', 'Bahia'),
	(7, 'CE', 'Ceará'),
	(8, 'DF', 'Distrito Federal'),
	(9, 'ES', 'Espírito Santo'),
	(10, 'GO', 'Goiás'),
	(11, 'MA', 'Maranhão'),
	(12, 'MT', 'Mato Grosso'),
	(13, 'MS', 'Mato Grosso do Sul'),
	(14, 'MG', 'Minas Gerais'),
	(15, 'PA', 'Pará'),
	(16, 'PB', 'Paraíba'),
	(17, 'PR', 'Paraná'),
	(18, 'PE', 'Pernambuco'),
	(19, 'PI', 'Piauí'),
	(20, 'RJ', 'Rio de Janeiro'),
	(21, 'RN', 'Rio Grande do Norte'),
	(22, 'RS', 'Rio Grande do Sul'),
	(23, 'RO', 'Rondônia'),
	(24, 'RR', 'Roraima'),
	(25, 'SP', 'São Paulo'),
	(26, 'SC', 'Santa Catarina'),
	(27, 'SE', 'Sergipe'),
	(28, 'TO', 'Tocantins');
/*!40000 ALTER TABLE `estado` ENABLE KEYS */;


-- Copiando estrutura para tabela sedaerot_loja.fatura
CREATE TABLE IF NOT EXISTS `fatura` (
  `faturaID` int(11) unsigned NOT NULL AUTO_INCREMENT,
  `mVendaID` int(11) unsigned DEFAULT NULL,
  `nossoNumero` bigint(20) unsigned DEFAULT NULL,
  `numeroDocumento` int(11) unsigned DEFAULT NULL,
  `dataVencimento` date NOT NULL,
  `dataDocumento` date NOT NULL,
  `dataProcessamento` date DEFAULT NULL,
  `valorBoleto` float(6,2) NOT NULL DEFAULT '0.00',
  `status` int(11) NOT NULL DEFAULT '0',
  PRIMARY KEY (`faturaID`)
) ENGINE=InnoDB AUTO_INCREMENT=58 DEFAULT CHARSET=utf8 COMMENT='Faturas geradas para os buffets';

-- Copiando dados para a tabela sedaerot_loja.fatura: ~33 rows (aproximadamente)
/*!40000 ALTER TABLE `fatura` DISABLE KEYS */;
INSERT INTO `fatura` (`faturaID`, `mVendaID`, `nossoNumero`, `numeroDocumento`, `dataVencimento`, `dataDocumento`, `dataProcessamento`, `valorBoleto`, `status`) VALUES
	(20, 46, 2014000000001, 46, '2014-08-01', '2014-08-01', '2014-08-01', 19.90, 0),
	(21, 48, 2014000000003, 48, '2014-08-06', '2014-08-06', '2014-08-06', 22.90, 0),
	(22, 49, 2014000000004, 49, '2014-08-19', '2014-08-19', '2014-08-19', 17.50, 0),
	(23, 53, 2014000000008, 53, '2014-08-20', '2014-08-20', '2014-08-20', 23.11, 0),
	(24, 54, 2014000000009, 54, '2014-08-21', '2014-08-21', '2014-08-21', 19.73, 0),
	(25, 55, 2014000000010, 55, '2014-08-21', '2014-08-21', '2014-08-21', 27.29, 0),
	(26, 56, 20140000011, 56, '2014-08-21', '2014-08-21', '2014-08-21', 27.57, 0),
	(27, 57, 20140000012, 57, '2014-08-21', '2014-08-21', '2014-08-21', 28.54, 0),
	(28, 93, 20140000048, 93, '2014-09-23', '2014-09-23', '2014-09-23', 33.27, 0),
	(29, 96, 20140000051, 96, '2014-09-26', '2014-09-26', '2014-09-26', 56.16, 0),
	(30, 99, 20140000054, 99, '2014-09-29', '2014-09-29', '2014-09-29', 30.09, 0),
	(31, 101, 20140000056, 101, '2014-10-07', '2014-10-07', '2014-10-07', 19.78, 0),
	(32, 106, 20140000061, 106, '2014-10-08', '2014-10-08', '2014-10-08', 24.62, 0),
	(33, 122, 20140000077, 122, '2014-10-13', '2014-10-13', '2014-10-13', 25.10, 0),
	(34, 123, 20140000078, 123, '2014-10-14', '2014-10-14', '2014-10-14', 47.29, 0),
	(35, 124, 20140000079, 124, '2014-10-14', '2014-10-14', '2014-10-14', 54.80, 0),
	(36, 132, 20140000087, 132, '2014-10-17', '2014-10-17', '2014-10-17', 20.14, 0),
	(37, 133, 20140000088, 133, '2014-10-17', '2014-10-17', '2014-10-17', 11.40, 0),
	(38, 134, 20140000089, 134, '2014-10-17', '2014-10-17', '2014-10-17', 0.66, 0),
	(39, 135, 20140000090, 135, '2014-10-17', '2014-10-17', '2014-10-17', 137.66, 0),
	(40, 138, 20140000093, 138, '2014-10-18', '2014-10-18', '2014-10-18', 141.18, 0),
	(41, 139, 20140000094, 139, '2014-10-18', '2014-10-18', '2014-10-18', 176.33, 0),
	(42, 141, 20140000096, 141, '2014-10-20', '2014-10-20', '2014-10-20', 176.81, 0),
	(43, 147, 20140000102, 147, '2014-10-22', '2014-10-22', '2014-10-22', 27.66, 0),
	(44, 169, 20140000124, 169, '2014-11-20', '2014-11-20', '2014-11-20', 70.13, 0),
	(45, 179, 20140000134, 179, '2014-12-03', '2014-12-03', '2014-12-03', 116.97, 0),
	(46, 185, 20140000140, 185, '2014-12-07', '2014-12-07', '2014-12-07', 92.45, 0),
	(47, 192, 20140000147, 192, '2014-12-12', '2014-12-12', '2014-12-12', 71.84, 0),
	(48, 201, 20140000156, 201, '2014-12-13', '2014-12-13', '2014-12-13', 23.11, 0),
	(49, 203, 20140000158, 203, '2014-12-14', '2014-12-14', '2014-12-14', 85.62, 0),
	(50, 205, 20140000160, 205, '2014-12-15', '2014-12-15', '2014-12-15', 29.09, 0),
	(51, 206, 20140000161, 206, '2014-12-15', '2014-12-15', '2014-12-15', 72.70, 0),
	(52, 213, 20140000168, 213, '2014-12-29', '2014-12-29', '2014-12-29', 94.55, 0),
	(53, 215, 20140000170, 215, '2015-01-08', '2015-01-08', '2015-01-08', 29.06, 0),
	(54, 216, 20140000171, 216, '2015-01-09', '2015-01-09', '2015-01-09', 164.75, 0),
	(55, 222, 20140000177, 222, '2015-01-12', '2015-01-12', '2015-01-12', 45.19, 0),
	(56, 231, 20140000186, 231, '2015-01-20', '2015-01-20', '2015-01-20', 21.49, 0),
	(57, 232, 20140000187, 232, '2015-01-21', '2015-01-21', '2015-01-21', 22.17, 0);
/*!40000 ALTER TABLE `fatura` ENABLE KEYS */;


-- Copiando estrutura para tabela sedaerot_loja.files
CREATE TABLE IF NOT EXISTS `files` (
  `id` int(11) unsigned NOT NULL AUTO_INCREMENT,
  `name` varchar(255) DEFAULT NULL,
  `size` int(11) DEFAULT NULL,
  `type` varchar(255) DEFAULT NULL,
  `url` varchar(255) DEFAULT NULL,
  `title` varchar(255) DEFAULT NULL,
  `description` text,
  `mProdutoId` int(11) unsigned NOT NULL DEFAULT '0',
  PRIMARY KEY (`id`)
) ENGINE=InnoDB AUTO_INCREMENT=1123 DEFAULT CHARSET=utf8;

-- Copiando dados para a tabela sedaerot_loja.files: ~807 rows (aproximadamente)
/*!40000 ALTER TABLE `files` DISABLE KEYS */;
INSERT INTO `files` (`id`, `name`, `size`, `type`, `url`, `title`, `description`, `mProdutoId`) VALUES
	(140, '170213.jpg', 84469, 'image/jpeg', NULL, NULL, NULL, 1),
	(157, '21KS008.jpg', 128237, 'image/jpeg', NULL, NULL, NULL, 12),
	(158, '21KS013.jpg', 125617, 'image/jpeg', NULL, NULL, NULL, 13),
	(159, '21KS013_2.jpg', 86060, 'image/jpeg', NULL, NULL, NULL, 13),
	(162, '825273.jpg', 98947, 'image/jpeg', NULL, NULL, NULL, 16),
	(163, '825273_2.jpg', 80415, 'image/jpeg', NULL, NULL, NULL, 16),
	(164, '821054.jpg', 82584, 'image/jpeg', NULL, NULL, NULL, 17),
	(165, '821054_2.jpg', 85553, 'image/jpeg', NULL, NULL, NULL, 17),
	(166, '825230.jpg', 109357, 'image/jpeg', NULL, NULL, NULL, 18),
	(167, '825230_2.jpg', 90551, 'image/jpeg', NULL, NULL, NULL, 18),
	(168, '19AC009.jpg', 103073, 'image/jpeg', NULL, NULL, NULL, 19),
	(170, '104PD354200.jpg', 79095, 'image/jpeg', NULL, NULL, NULL, 21),
	(173, '17MAS06.jpg', 107267, 'image/jpeg', NULL, NULL, NULL, 23),
	(174, '32CO146.jpg', 60242, 'image/jpeg', NULL, NULL, NULL, 24),
	(175, '32CO146_2.jpg', 25269, 'image/jpeg', NULL, NULL, NULL, 24),
	(178, '14AC016.jpg', 89647, 'image/jpeg', NULL, NULL, NULL, 28),
	(180, '14AC029B.jpg', 72456, 'image/jpeg', NULL, NULL, NULL, 30),
	(181, '14AC029C.jpg', 68808, 'image/jpeg', NULL, NULL, NULL, 31),
	(182, '31CO026.jpg', 103594, 'image/jpeg', NULL, NULL, NULL, 32),
	(183, '31CO025.jpg', 57811, 'image/jpeg', NULL, NULL, NULL, 33),
	(184, '31CO017.jpg', 54233, 'image/jpeg', NULL, NULL, NULL, 34),
	(185, '23BC001.jpg', 50008, 'image/jpeg', NULL, NULL, NULL, 35),
	(186, '23BC001_2.jpg', 68903, 'image/jpeg', NULL, NULL, NULL, 35),
	(187, '23BC014.jpg', 65444, 'image/jpeg', NULL, NULL, NULL, 36),
	(188, '23BC014_2.jpg', 133414, 'image/jpeg', NULL, NULL, NULL, 36),
	(189, '22LS8260.jpg', 40844, 'image/jpeg', NULL, NULL, NULL, 37),
	(190, '22LS022.jpg', 29713, 'image/jpeg', NULL, NULL, NULL, 38),
	(191, '22LS022_2.jpg', 23395, 'image/jpeg', NULL, NULL, NULL, 38),
	(192, '22LS022_3.jpg', 19979, 'image/jpeg', NULL, NULL, NULL, 38),
	(193, '19AC015.jpg', 67245, 'image/jpeg', NULL, NULL, NULL, 39),
	(194, '841261.jpg', 74944, 'image/jpeg', NULL, NULL, NULL, 40),
	(195, '841261_2.jpg', 77201, 'image/jpeg', NULL, NULL, NULL, 40),
	(196, '84194.jpg', 119188, 'image/jpeg', NULL, NULL, NULL, 41),
	(197, '84194_2.jpg', 105043, 'image/jpeg', NULL, NULL, NULL, 41),
	(198, '19AC007.jpg', 104886, 'image/jpeg', NULL, NULL, NULL, 42),
	(203, '851269.jpg', 165552, 'image/jpeg', NULL, NULL, NULL, 47),
	(204, '851269_2.jpg', 232772, 'image/jpeg', NULL, NULL, NULL, 47),
	(213, '87270.jpg', 91084, 'image/jpeg', NULL, NULL, NULL, 55),
	(214, '87270_2.jpg', 91027, 'image/jpeg', NULL, NULL, NULL, 55),
	(215, '41LIN07.jpg', 118357, 'image/jpeg', NULL, NULL, NULL, 56),
	(216, '41LIN07_2.jpg', 209147, 'image/jpeg', NULL, NULL, NULL, 56),
	(217, '41LIN07_3.jpg', 100163, 'image/jpeg', NULL, NULL, NULL, 56),
	(218, '41LIN07_4.jpg', 165794, 'image/jpeg', NULL, NULL, NULL, 56),
	(219, '41LIN09.jpg', 117732, 'image/jpeg', NULL, NULL, NULL, 57),
	(220, '41LIN09_2.jpg', 95264, 'image/jpeg', NULL, NULL, NULL, 57),
	(221, '41LIN09_3.jpg', 170489, 'image/jpeg', NULL, NULL, NULL, 57),
	(225, '33CO275.jpg', 101229, 'image/jpeg', NULL, NULL, NULL, 59),
	(226, '33CO275_2.jpg', 54897, 'image/jpeg', NULL, NULL, NULL, 59),
	(227, '33CO273.jpg', 100090, 'image/jpeg', NULL, NULL, NULL, 60),
	(228, '33CO273_2.jpg', 73372, 'image/jpeg', NULL, NULL, NULL, 60),
	(229, '22LS012.jpg', 67177, 'image/jpeg', NULL, NULL, NULL, 61),
	(230, '22LS012_2.jpg', 49983, 'image/jpeg', NULL, NULL, NULL, 61),
	(231, '22LS012_3.jpg', 62670, 'image/jpeg', NULL, NULL, NULL, 61),
	(232, '14HZ404NE.jpg', 80292, 'image/jpeg', NULL, NULL, NULL, 62),
	(233, '31CO006.jpg', 50546, 'image/jpeg', NULL, NULL, NULL, 63),
	(234, '31CO008.jpg', 58210, 'image/jpeg', NULL, NULL, NULL, 64),
	(235, '31CO002.jpg', 54550, 'image/jpeg', NULL, NULL, NULL, 65),
	(238, '22LS027.jpg', 55388, 'image/jpeg', NULL, NULL, NULL, 68),
	(239, '22LS027_2.jpg', 27915, 'image/jpeg', NULL, NULL, NULL, 68),
	(240, '22LS026.jpg', 103616, 'image/jpeg', NULL, NULL, NULL, 69),
	(241, '22LS026_2.jpg', 38703, 'image/jpeg', NULL, NULL, NULL, 69),
	(247, '33CO243.jpg', 78899, 'image/jpeg', NULL, NULL, NULL, 74),
	(248, '33CO243_2.jpg', 47762, 'image/jpeg', NULL, NULL, NULL, 74),
	(249, '37HC452.jpg', 54066, 'image/jpeg', NULL, NULL, NULL, 76),
	(250, '37HC454.jpg', 52830, 'image/jpeg', NULL, NULL, NULL, 77),
	(251, '33CO283.jpg', 151730, 'image/jpeg', NULL, NULL, NULL, 78),
	(252, '36HC102.jpg', 46113, 'image/jpeg', NULL, NULL, NULL, 79),
	(253, '39CO126.jpg', 110432, 'image/jpeg', NULL, NULL, NULL, 80),
	(254, '33CO230.jpg', 67472, 'image/jpeg', NULL, NULL, NULL, 81),
	(255, '36CO270.jpg', 48932, 'image/jpeg', NULL, NULL, NULL, 82),
	(256, '36CO269.jpg', 49406, 'image/jpeg', NULL, NULL, NULL, 83),
	(257, '36HC154.jpg', 43988, 'image/jpeg', NULL, NULL, NULL, 84),
	(258, '33CO285.jpg', 77034, 'image/jpeg', NULL, NULL, NULL, 86),
	(259, '33CO285_2.jpg', 44973, 'image/jpeg', NULL, NULL, NULL, 86),
	(261, '35TOY01.jpg', 47033, 'image/jpeg', NULL, NULL, NULL, 88),
	(262, '22LS091.jpg', 96151, 'image/jpeg', NULL, NULL, NULL, 89),
	(263, '22LS091_2.jpg', 101642, 'image/jpeg', NULL, NULL, NULL, 89),
	(264, '101EE901.jpg', 57779, 'image/jpeg', NULL, NULL, NULL, 90),
	(265, '101EE904.jpg', 124868, 'image/jpeg', NULL, NULL, NULL, 91),
	(266, '36HC444.jpg', 77596, 'image/jpeg', NULL, NULL, NULL, 92),
	(267, '36HC445.jpg', 81648, 'image/jpeg', NULL, NULL, NULL, 93),
	(268, '36HC443.jpg', 46396, 'image/jpeg', NULL, NULL, NULL, 94),
	(269, '34HC307.jpg', 47980, 'image/jpeg', NULL, NULL, NULL, 95),
	(270, '34CO236.jpg', 65869, 'image/jpeg', NULL, NULL, NULL, 96),
	(271, '17MAS02.jpg', 55021, 'image/jpeg', NULL, NULL, NULL, 97),
	(272, '22KS972.jpg', 15910, 'image/jpeg', NULL, NULL, NULL, 98),
	(273, '22LS031.jpg', 26976, 'image/jpeg', NULL, NULL, NULL, 99),
	(274, '22LS031_2.jpg', 10813, 'image/jpeg', NULL, NULL, NULL, 99),
	(277, '73T2B.jpg', 91697, 'image/jpeg', NULL, NULL, NULL, 102),
	(278, '73T2B_2.jpg', 49335, 'image/jpeg', NULL, NULL, NULL, 102),
	(279, '73T2B_3.jpg', 70911, 'image/jpeg', NULL, NULL, NULL, 102),
	(280, '73T2B_4.jpg', 67497, 'image/jpeg', NULL, NULL, NULL, 102),
	(281, '37CO041.jpg', 75712, 'image/jpeg', NULL, NULL, NULL, 104),
	(282, '37CO040.jpg', 73790, 'image/jpeg', NULL, NULL, NULL, 105),
	(286, '33CO282.jpg', 57319, 'image/jpeg', NULL, NULL, NULL, 109),
	(287, '53ADAO17.jpg', 102636, 'image/jpeg', NULL, NULL, NULL, 110),
	(288, '53ADAO17_2.jpg', 59216, 'image/jpeg', NULL, NULL, NULL, 110),
	(289, '53ADAO17P.jpg', 102337, 'image/jpeg', NULL, NULL, NULL, 111),
	(290, '53ADAO17P_2.jpg', 62918, 'image/jpeg', NULL, NULL, NULL, 111),
	(291, '54ADAO27S.jpg', 185304, 'image/jpeg', NULL, NULL, NULL, 112),
	(292, '54ADAO27S_2.jpg', 111404, 'image/jpeg', NULL, NULL, NULL, 112),
	(293, '54HP209GT.jpg', 66402, 'image/jpeg', NULL, NULL, NULL, 113),
	(294, '54HP209GV.jpg', 94632, 'image/jpeg', NULL, NULL, NULL, 114),
	(295, '54HP224GT.jpg', 66279, 'image/jpeg', NULL, NULL, NULL, 115),
	(296, '54HP224GV.jpg', 76617, 'image/jpeg', NULL, NULL, NULL, 116),
	(297, '54HP237GT.jpg', 54981, 'image/jpeg', NULL, NULL, NULL, 117),
	(298, '54HP237GV.jpg', 81668, 'image/jpeg', NULL, NULL, NULL, 118),
	(299, '54HP247N.jpg', 43848, 'image/jpeg', NULL, NULL, NULL, 119),
	(300, '53HP337NI.jpg', 57129, 'image/jpeg', NULL, NULL, NULL, 120),
	(302, '25RK006.jpg', 74158, 'image/jpeg', NULL, NULL, NULL, 122),
	(303, '25RK001.jpg', 62816, 'image/jpeg', NULL, NULL, NULL, 123),
	(307, '33CO246.jpg', 58894, 'image/jpeg', NULL, NULL, NULL, 127),
	(308, '33CO246_2.jpg', 39208, 'image/jpeg', NULL, NULL, NULL, 127),
	(309, '36HC390.jpg', 69966, 'image/jpeg', NULL, NULL, NULL, 128),
	(310, '36HC310.jpg', 56005, 'image/jpeg', NULL, NULL, NULL, 129),
	(313, '22LS118.jpg', 125361, 'image/jpeg', NULL, NULL, NULL, 132),
	(316, '24LV023.jpg', 39163, 'image/jpeg', NULL, NULL, NULL, 135),
	(318, '14PLAY26.jpg', 101132, 'image/jpeg', NULL, NULL, NULL, 138),
	(319, '14EVA985.jpg', 67222, 'image/jpeg', NULL, NULL, NULL, 139),
	(321, '22LS106.jpg', 93162, 'image/jpeg', NULL, NULL, NULL, 5),
	(322, '22LS060S.jpg', 99364, 'image/jpeg', NULL, NULL, NULL, 6),
	(328, '13AC005T.jpg', 79593, 'image/jpeg', NULL, NULL, NULL, 10),
	(329, '13EVA252.jpg', 111805, 'image/jpeg', NULL, NULL, NULL, 11),
	(330, '825192.jpg', 117946, 'image/jpeg', NULL, NULL, NULL, 14),
	(331, '825192_2.jpg', 95231, 'image/jpeg', NULL, NULL, NULL, 14),
	(332, '852008.jpg', 126429, 'image/jpeg', NULL, NULL, NULL, 43),
	(333, '852008_2.jpg', 246829, 'image/jpeg', NULL, NULL, NULL, 43),
	(334, '85819.jpg', 99855, 'image/jpeg', NULL, NULL, NULL, 45),
	(335, '85819_2.jpg', 112549, 'image/jpeg', NULL, NULL, NULL, 45),
	(336, '879176.jpg', 274022, 'image/jpeg', NULL, NULL, NULL, 49),
	(337, '879176_2.jpg', 118960, 'image/jpeg', NULL, NULL, NULL, 49),
	(338, '879176_3.jpg', 101161, 'image/jpeg', NULL, NULL, NULL, 49),
	(339, '879012.jpg', 113038, 'image/jpeg', NULL, NULL, NULL, 51),
	(340, '879012_2.jpg', 79145, 'image/jpeg', NULL, NULL, NULL, 51),
	(358, '825192.jpg', 117946, 'image/jpeg', NULL, NULL, NULL, 15),
	(359, '825192_2.jpg', 95231, 'image/jpeg', NULL, NULL, NULL, 15),
	(360, '852008.jpg', 126429, 'image/jpeg', NULL, NULL, NULL, 44),
	(361, '852008_2.jpg', 246829, 'image/jpeg', NULL, NULL, NULL, 44),
	(362, '85819.jpg', 99855, 'image/jpeg', NULL, NULL, NULL, 46),
	(363, '85819_2.jpg', 112549, 'image/jpeg', NULL, NULL, NULL, 46),
	(364, '879176.jpg', 274022, 'image/jpeg', NULL, NULL, NULL, 50),
	(365, '879176_2.jpg', 118960, 'image/jpeg', NULL, NULL, NULL, 50),
	(366, '879176_3.jpg', 101161, 'image/jpeg', NULL, NULL, NULL, 50),
	(367, '879012.jpg', 113038, 'image/jpeg', NULL, NULL, NULL, 52),
	(368, '879012_2.jpg', 79145, 'image/jpeg', NULL, NULL, NULL, 52),
	(372, '31HC225 (1).jpg', 54288, 'image/jpeg', NULL, NULL, NULL, 66),
	(375, '33CO274.jpg', 103538, 'image/jpeg', NULL, NULL, NULL, 75),
	(376, 'DSCF1191.JPG', 165945, 'image/jpeg', NULL, NULL, NULL, 106),
	(377, 'DSCF1174.JPG', 176086, 'image/jpeg', NULL, NULL, NULL, 25),
	(378, '11AB1221.jpg', 62695, 'image/jpeg', NULL, NULL, NULL, 137),
	(380, '17454212.jpg', 81440, 'image/jpeg', NULL, NULL, NULL, 103),
	(381, '32CO265.jpg', 73503, 'image/jpeg', NULL, NULL, NULL, 26),
	(383, '32CO265_2.jpg', 99991, 'image/jpeg', NULL, NULL, NULL, 26),
	(384, '32CO266.jpg', 73503, 'image/jpeg', NULL, NULL, NULL, 27),
	(385, '32CO266_2.jpg', 99991, 'image/jpeg', NULL, NULL, NULL, 27),
	(386, '42410P.jpg', 154961, 'image/jpeg', NULL, NULL, NULL, 140),
	(387, '42410M.jpg', 156202, 'image/jpeg', NULL, NULL, NULL, 141),
	(388, '42414M.jpg', 158933, 'image/jpeg', NULL, NULL, NULL, 142),
	(389, '42414G.jpg', 157535, 'image/jpeg', NULL, NULL, NULL, 143),
	(397, '84596CP.jpg', 222345, 'image/jpeg', NULL, NULL, NULL, 150),
	(398, '84596CP_2.jpg', 251954, 'image/jpeg', NULL, NULL, NULL, 150),
	(400, '84602AP.jpg', 231024, 'image/jpeg', NULL, NULL, NULL, 152),
	(401, '810607BG.jpg', 137882, 'image/jpeg', NULL, NULL, NULL, 153),
	(402, '87608AG.jpg', 269509, 'image/jpeg', NULL, NULL, NULL, 154),
	(404, '87610AP.jpg', 190886, 'image/jpeg', NULL, NULL, NULL, 157),
	(406, '330125736.jpg', 216029, 'image/jpeg', NULL, NULL, NULL, 159),
	(407, '330125732.jpg', 216029, 'image/jpeg', NULL, NULL, NULL, 160),
	(408, '33012570I.jpg', 216029, 'image/jpeg', NULL, NULL, NULL, 161),
	(409, '33012570.jpg', 216029, 'image/jpeg', NULL, NULL, NULL, 162),
	(410, '339723.jpg', 108197, 'image/jpeg', NULL, NULL, NULL, 163),
	(411, '339722.jpg', 118395, 'image/jpeg', NULL, NULL, NULL, 164),
	(412, '389904.jpg', 168834, 'image/jpeg', NULL, NULL, NULL, 165),
	(413, '8141102050.jpg', 92239, 'image/jpeg', NULL, NULL, NULL, 166),
	(414, '8141102048.jpg', 92239, 'image/jpeg', NULL, NULL, NULL, 167),
	(417, '8302917.jpg', 143216, 'image/jpeg', NULL, NULL, NULL, 171),
	(418, '8302917_2.jpg', 127692, 'image/jpeg', NULL, NULL, NULL, 171),
	(419, '8302917.jpg', 143216, 'image/jpeg', NULL, NULL, NULL, 172),
	(420, '8302917_2.jpg', 127692, 'image/jpeg', NULL, NULL, NULL, 172),
	(421, '8302917.jpg', 143216, 'image/jpeg', NULL, NULL, NULL, 173),
	(422, '8302917_2.jpg', 127692, 'image/jpeg', NULL, NULL, NULL, 173),
	(423, '3301383.jpg', 94747, 'image/jpeg', NULL, NULL, NULL, 174),
	(424, '3301385.jpg', 117657, 'image/jpeg', NULL, NULL, NULL, 175),
	(425, '3301384.jpg', 102899, 'image/jpeg', NULL, NULL, NULL, 176),
	(433, '313186.jpg', 94234, 'image/jpeg', NULL, NULL, NULL, 183),
	(434, '313182.jpg', 95623, 'image/jpeg', NULL, NULL, NULL, 184),
	(435, '25RK004.jpg', 78790, 'image/jpeg', NULL, NULL, NULL, 186),
	(436, '03184_Ampliada.jpg', 227099, 'image/jpeg', NULL, NULL, NULL, 187),
	(437, '03281_Ampliada.jpg', 169696, 'image/jpeg', NULL, NULL, NULL, 188),
	(438, '03282_Ampliada.jpg', 84810, 'image/jpeg', NULL, NULL, NULL, 189),
	(439, '04342_Detalhes.jpg', 38102, 'image/jpeg', NULL, NULL, NULL, 190),
	(440, '02864_Ampliada.jpg', 97581, 'image/jpeg', NULL, NULL, NULL, 191),
	(441, '02870_Ampliada.jpg', 681268, 'image/jpeg', NULL, NULL, NULL, 192),
	(442, '04019_Ampliada.jpg', 95386, 'image/jpeg', NULL, NULL, NULL, 193),
	(443, '02854_Ampliada.jpg', 125833, 'image/jpeg', NULL, NULL, NULL, 194),
	(444, '02925_Ampliada.jpg', 151551, 'image/jpeg', NULL, NULL, NULL, 195),
	(445, '02865_Ampliada.jpg', 112629, 'image/jpeg', NULL, NULL, NULL, 196),
	(446, '03691_Ampliada.jpg', 149193, 'image/jpeg', NULL, NULL, NULL, 197),
	(447, '33CO279.jpg', 70349, 'image/jpeg', NULL, NULL, NULL, 100),
	(448, '14AC067P.jpg', 67439, 'image/jpeg', NULL, NULL, NULL, 29),
	(449, '111HP332V.jpg', 31578, 'image/jpeg', NULL, NULL, NULL, 107),
	(450, '111HP334V.jpg', 34927, 'image/jpeg', NULL, NULL, NULL, 108),
	(452, '22LS023S.jpg', 81178, 'image/jpeg', NULL, NULL, NULL, 7),
	(453, '22LS102.jpg', 169947, 'image/jpeg', NULL, NULL, NULL, 4),
	(454, '13EVA252_2.jpg', 79027, 'image/jpeg', NULL, NULL, NULL, 11),
	(455, '22LD015_2 Incluir site.jpg', 59933, 'image/jpeg', NULL, NULL, NULL, 48),
	(456, '13AC002T.jpg', 93674, 'image/jpeg', NULL, NULL, NULL, 178),
	(457, '13AC003T.jpg', 88824, 'image/jpeg', NULL, NULL, NULL, 179),
	(458, '13EVA310_2.jpg', 94816, 'image/jpeg', NULL, NULL, NULL, 180),
	(459, '13EVA310.jpg', 135434, 'image/jpeg', NULL, NULL, NULL, 180),
	(460, '13EVA311_2.jpg', 91503, 'image/jpeg', NULL, NULL, NULL, 181),
	(461, '13EVA311.jpg', 134357, 'image/jpeg', NULL, NULL, NULL, 181),
	(462, '31CO217.jpg', 73062, 'image/jpeg', NULL, NULL, NULL, 199),
	(463, '311CV3990.jpg', 54873, 'image/jpeg', NULL, NULL, NULL, 133),
	(464, '311CV3991.jpg', 50227, 'image/jpeg', NULL, NULL, NULL, 134),
	(466, '39CO210.jpg', 129479, 'image/jpeg', NULL, NULL, NULL, 125),
	(467, '39CO224.jpg.jpg', 48097, 'image/jpeg', NULL, NULL, NULL, 85),
	(468, '31CO365.jpg', 50619, 'image/jpeg', NULL, NULL, NULL, 20),
	(469, '33CO284.jpg', 67220, 'image/jpeg', NULL, NULL, NULL, 87),
	(470, '312HZ473B.jpg', 267537, 'image/jpeg', NULL, NULL, NULL, 130),
	(471, '312HZ362F.jpg', 252105, 'image/jpeg', NULL, NULL, NULL, 131),
	(472, '51HP350N.jpg', 47878, 'image/jpeg', NULL, NULL, NULL, 121),
	(473, '71AB8101.jpg', 117143, 'image/jpeg', NULL, NULL, NULL, 136),
	(474, '22LD015_3.jpg', 95955, 'image/jpeg', NULL, NULL, NULL, 48),
	(475, '84591AM.jpg', 222190, 'image/jpeg', NULL, NULL, NULL, 147),
	(476, '87609AM.jpg', 191630, 'image/jpeg', NULL, NULL, NULL, 156),
	(477, '33CO245_2.jpg', 41491, 'image/jpeg', NULL, NULL, NULL, 73),
	(478, '33CO245.jpg', 68902, 'image/jpeg', NULL, NULL, NULL, 73),
	(479, '16AC095.jpg', 46435, 'image/jpeg', NULL, NULL, NULL, 200),
	(480, '16AC095_2.jpg', 73129, 'image/jpeg', NULL, NULL, NULL, 200),
	(482, '8141101050.jpg', 222769, 'image/jpeg', NULL, NULL, NULL, 168),
	(483, '8141101048.jpg', 222769, 'image/jpeg', NULL, NULL, NULL, 169),
	(484, '13AC003T.jpg', 63966, 'image/jpeg', NULL, NULL, NULL, 201),
	(485, '22LD013.jpg', 46399, 'image/jpeg', NULL, NULL, NULL, 202),
	(488, '22LD022.jpg', 100303, 'image/jpeg', NULL, NULL, NULL, 204),
	(489, '22LD001.jpg', 115763, 'image/jpeg', NULL, NULL, NULL, 203),
	(490, '22LD001_2.jpg', 70852, 'image/jpeg', NULL, NULL, NULL, 203),
	(491, '8635-3.jpg', 126650, 'image/jpeg', NULL, NULL, NULL, 206),
	(492, '33CO247_2.jpg', 46843, 'image/jpeg', NULL, NULL, NULL, 207),
	(493, '33CO247.jpg', 75699, 'image/jpeg', NULL, NULL, NULL, 207),
	(494, '33CO244_2.jpg', 46133, 'image/jpeg', NULL, NULL, NULL, 208),
	(495, '33CO244.jpg', 76412, 'image/jpeg', NULL, NULL, NULL, 208),
	(497, '33CO234.jpg', 82104, 'image/jpeg', NULL, NULL, NULL, 211),
	(498, '33CO235.jpg', 85681, 'image/jpeg', NULL, NULL, NULL, 213),
	(499, '34CO227.jpg', 107069, 'image/jpeg', NULL, NULL, NULL, 214),
	(500, '34CO262_2.jpg', 49972, 'image/jpeg', NULL, NULL, NULL, 215),
	(503, '112856.jpg', 214807, 'image/jpeg', NULL, NULL, NULL, 217),
	(504, '1051944.jpg', 171170, 'image/jpeg', NULL, NULL, NULL, 218),
	(505, '1051946.jpg', 195760, 'image/jpeg', NULL, NULL, NULL, 219),
	(506, '1051942.jpg', 171265, 'image/jpeg', NULL, NULL, NULL, 220),
	(507, '342862.jpg', 123002, 'image/jpeg', NULL, NULL, NULL, 221),
	(508, '342855.jpg', 122637, 'image/jpeg', NULL, NULL, NULL, 222),
	(510, '34CO262.jpg', 115341, 'image/jpeg', NULL, NULL, NULL, 215),
	(511, '342868.jpg', 156348, 'image/jpeg', NULL, NULL, NULL, 223),
	(512, '342866.jpg', 206682, 'image/jpeg', NULL, NULL, NULL, 224),
	(513, '340333.jpg', 152686, 'image/jpeg', NULL, NULL, NULL, 225),
	(514, '340335.jpg', 99858, 'image/jpeg', NULL, NULL, NULL, 226),
	(515, '37CO065.jpg', 52918, 'image/jpeg', NULL, NULL, NULL, 227),
	(516, '311CO229.jpg', 14093, 'image/jpeg', NULL, NULL, NULL, 228),
	(517, '311CO206.jpg', 14652, 'image/jpeg', NULL, NULL, NULL, 229),
	(518, '311CO206_2.jpg', 43800, 'image/jpeg', NULL, NULL, NULL, 229),
	(519, '311CO229_2.jpg', 29810, 'image/jpeg', NULL, NULL, NULL, 228),
	(520, '113938.jpg', 66470, 'image/jpeg', NULL, NULL, NULL, 230),
	(527, '73MAS16.jpg', 140420, 'image/jpeg', NULL, NULL, NULL, 231),
	(529, '41LIN32.jpg', 160781, 'image/jpeg', NULL, NULL, NULL, 58),
	(530, '41LIN32_2.jpg', 221128, 'image/jpeg', NULL, NULL, NULL, 58),
	(531, '41LIN32_3.jpg', 107998, 'image/jpeg', NULL, NULL, NULL, 58),
	(532, '42403G.jpg', 170475, 'image/jpeg', NULL, NULL, NULL, 146),
	(533, '42416M.jpg', 163011, 'image/jpeg', NULL, NULL, NULL, 145),
	(534, '42418P.jpg', 181452, 'image/jpeg', NULL, NULL, NULL, 144),
	(535, '73MAS16_2.jpg', 108028, 'image/jpeg', NULL, NULL, NULL, 231),
	(536, '73MAS16_3.jpg', 78473, 'image/jpeg', NULL, NULL, NULL, 231),
	(537, '84597AG.jpg', 254548, 'image/jpeg', NULL, NULL, NULL, 232),
	(540, '810019.jpg', 122352, 'image/jpeg', NULL, NULL, NULL, 234),
	(541, '102001.jpg', 67046, 'image/jpeg', NULL, NULL, NULL, 235),
	(542, '102002.jpg', 62114, 'image/jpeg', NULL, NULL, NULL, 236),
	(543, '102003.jpg', 65679, 'image/jpeg', NULL, NULL, NULL, 237),
	(544, '1023426.jpg', 115524, 'image/jpeg', NULL, NULL, NULL, 238),
	(545, '1023427.jpg', 238863, 'image/jpeg', NULL, NULL, NULL, 239),
	(546, '8872720UPI.jpg', 91425, 'image/jpeg', NULL, NULL, NULL, 240),
	(547, '8872720UVM.jpg', 98114, 'image/jpeg', NULL, NULL, NULL, 241),
	(548, '33CO278.jpg', 70415, 'image/jpeg', NULL, NULL, NULL, 242),
	(549, '818048U.jpg', 145481, 'image/jpeg', NULL, NULL, NULL, 243),
	(550, '818048U_2.jpg', 134446, 'image/jpeg', NULL, NULL, NULL, 243),
	(551, '81503698GG.jpg', 190616, 'image/jpeg', NULL, NULL, NULL, 244),
	(552, '81503698GG_2.jpg', 158614, 'image/jpeg', NULL, NULL, NULL, 244),
	(553, '81503698GG.jpg', 190616, 'image/jpeg', NULL, NULL, NULL, 245),
	(554, '81503698GG_2.jpg', 158614, 'image/jpeg', NULL, NULL, NULL, 245),
	(555, '81503698GG.jpg', 190616, 'image/jpeg', NULL, NULL, NULL, 246),
	(556, '81503698GG_2.jpg', 158614, 'image/jpeg', NULL, NULL, NULL, 246),
	(557, '84599CM.jpg', 230659, 'image/jpeg', NULL, NULL, NULL, 151),
	(558, '84594DM.jpg', 220562, 'image/jpeg', NULL, NULL, NULL, 149),
	(559, '84594DM_2.jpg', 182687, 'image/jpeg', NULL, NULL, NULL, 149),
	(560, '81503707.jpg', 186743, 'image/jpeg', NULL, NULL, NULL, 247),
	(561, '81503707_2.jpg', 164121, 'image/jpeg', NULL, NULL, NULL, 247),
	(562, '81503707.jpg', 186743, 'image/jpeg', NULL, NULL, NULL, 248),
	(563, '81503707_2.jpg', 164121, 'image/jpeg', NULL, NULL, NULL, 248),
	(564, '830008.jpg', 121612, 'image/jpeg', NULL, NULL, NULL, 250),
	(565, '830008_2.jpg', 90834, 'image/jpeg', NULL, NULL, NULL, 250),
	(566, '830008.jpg', 121612, 'image/jpeg', NULL, NULL, NULL, 251),
	(567, '830008_2.jpg', 90834, 'image/jpeg', NULL, NULL, NULL, 251),
	(568, '830008.jpg', 121612, 'image/jpeg', NULL, NULL, NULL, 252),
	(569, '830008_2.jpg', 90834, 'image/jpeg', NULL, NULL, NULL, 252),
	(570, '31HC226.jpg', 68347, 'image/jpeg', NULL, NULL, NULL, 67),
	(571, '830009.jpg', 208223, 'image/jpeg', NULL, NULL, NULL, 253),
	(572, '830009_2.jpg', 169957, 'image/jpeg', NULL, NULL, NULL, 253),
	(573, '8321000.jpg', 124050, 'image/jpeg', NULL, NULL, NULL, 254),
	(574, '8321000_2.jpg', 120952, 'image/jpeg', NULL, NULL, NULL, 254),
	(575, '830001.jpg', 258849, 'image/jpeg', NULL, NULL, NULL, 255),
	(576, '830001_2.jpg', 213089, 'image/jpeg', NULL, NULL, NULL, 255),
	(577, '830001.jpg', 258849, 'image/jpeg', NULL, NULL, NULL, 256),
	(578, '830001_2.jpg', 213089, 'image/jpeg', NULL, NULL, NULL, 256),
	(579, '830001.jpg', 258849, 'image/jpeg', NULL, NULL, NULL, 257),
	(580, '830001_2.jpg', 213089, 'image/jpeg', NULL, NULL, NULL, 257),
	(583, '41313G.jpg', 312069, 'image/jpeg', NULL, NULL, NULL, 260),
	(584, '41313G_2.jpg', 347116, 'image/jpeg', NULL, NULL, NULL, 260),
	(585, '41313G.jpg', 312069, 'image/jpeg', NULL, NULL, NULL, 261),
	(586, '41313G_2.jpg', 347116, 'image/jpeg', NULL, NULL, NULL, 261),
	(587, '41121GG.jpg', 211077, 'image/jpeg', NULL, NULL, NULL, 262),
	(588, '41121GG_2.jpg', 167419, 'image/jpeg', NULL, NULL, NULL, 262),
	(589, '41109M.jpg', 207995, 'image/jpeg', NULL, NULL, NULL, 263),
	(590, '41109M_2.jpg', 151684, 'image/jpeg', NULL, NULL, NULL, 263),
	(593, 'IMG_0515.jpg', 447488, 'image/jpeg', NULL, NULL, NULL, 260),
	(594, 'IMG_0515.jpg', 447488, 'image/jpeg', NULL, NULL, NULL, 261),
	(595, '103-cigana.jpg', 258603, 'image/jpeg', NULL, NULL, NULL, 266),
	(596, '103-cos.jpg', 271674, 'image/jpeg', NULL, NULL, NULL, 266),
	(597, '103-cigana.jpg', 258603, 'image/jpeg', NULL, NULL, NULL, 267),
	(598, '103-cos.jpg', 271674, 'image/jpeg', NULL, NULL, NULL, 267),
	(599, '103-cigana.jpg', 258603, 'image/jpeg', NULL, NULL, NULL, 259),
	(600, '103-cos.jpg', 271674, 'image/jpeg', NULL, NULL, NULL, 259),
	(601, '81606C.jpg', 304727, 'image/jpeg', NULL, NULL, NULL, 268),
	(602, '81606C.jpg', 304727, 'image/jpeg', NULL, NULL, NULL, 269),
	(603, '84599B.jpg', 230443, 'image/jpeg', NULL, NULL, NULL, 270),
	(604, '84599B.jpg', 230443, 'image/jpeg', NULL, NULL, NULL, 271),
	(605, '84599B.jpg', 230443, 'image/jpeg', NULL, NULL, NULL, 272),
	(606, '84595DGG.jpg', 268742, 'image/jpeg', NULL, NULL, NULL, 273),
	(607, '84595DGG.jpg', 268742, 'image/jpeg', NULL, NULL, NULL, 274),
	(608, '84595E.jpg', 235814, 'image/jpeg', NULL, NULL, NULL, 275),
	(609, '84595E.jpg', 235814, 'image/jpeg', NULL, NULL, NULL, 276),
	(610, '84595E.jpg', 235814, 'image/jpeg', NULL, NULL, NULL, 277),
	(611, '84591AM.jpg', 222190, 'image/jpeg', NULL, NULL, NULL, 278),
	(612, '84592CG.jpg', 193901, 'image/jpeg', NULL, NULL, NULL, 279),
	(613, '84592CG_2.jpg', 225496, 'image/jpeg', NULL, NULL, NULL, 279),
	(614, '84595B.jpg', 350079, 'image/jpeg', NULL, NULL, NULL, 280),
	(615, '84595B.jpg', 350079, 'image/jpeg', NULL, NULL, NULL, 281),
	(616, '84595B.jpg', 350079, 'image/jpeg', NULL, NULL, NULL, 282),
	(617, '84592B.jpg', 313008, 'image/jpeg', NULL, NULL, NULL, 283),
	(618, '84602AP.jpg', 226435, 'image/jpeg', NULL, NULL, NULL, 284),
	(619, '84602AP.jpg', 226435, 'image/jpeg', NULL, NULL, NULL, 285),
	(620, '41103M.jpg', 215368, 'image/jpeg', NULL, NULL, NULL, 286),
	(621, '41103M_2.jpg', 213738, 'image/jpeg', NULL, NULL, NULL, 286),
	(622, '41117.jpg', 222722, 'image/jpeg', NULL, NULL, NULL, 287),
	(623, '41117_2.jpg', 265251, 'image/jpeg', NULL, NULL, NULL, 287),
	(624, '41151.jpg', 275124, 'image/jpeg', NULL, NULL, NULL, 288),
	(625, '41151_2.jpg', 241922, 'image/jpeg', NULL, NULL, NULL, 288),
	(626, '41137M.jpg', 214667, 'image/jpeg', NULL, NULL, NULL, 289),
	(627, '41137M_2.jpg', 163859, 'image/jpeg', NULL, NULL, NULL, 289),
	(628, '41186.jpg', 226797, 'image/jpeg', NULL, NULL, NULL, 290),
	(629, '41186_2.jpg', 178899, 'image/jpeg', NULL, NULL, NULL, 290),
	(630, '41301 (1).jpg', 248964, 'image/jpeg', NULL, NULL, NULL, 291),
	(631, '41301 (2).jpg', 202958, 'image/jpeg', NULL, NULL, NULL, 291),
	(632, '41127 (1).jpg', 277152, 'image/jpeg', NULL, NULL, NULL, 233),
	(633, '41127 (2).jpg', 265781, 'image/jpeg', NULL, NULL, NULL, 233),
	(634, '31178 (1).jpg', 248466, 'image/jpeg', NULL, NULL, NULL, 264),
	(635, '31178 (2).jpg', 198711, 'image/jpeg', NULL, NULL, NULL, 264),
	(636, '41318P.jpg', 321709, 'image/jpeg', NULL, NULL, NULL, 292),
	(637, '41318P_2.jpg', 279495, 'image/jpeg', NULL, NULL, NULL, 292),
	(638, '36HC252U.jpg', 115197, 'image/jpeg', NULL, NULL, NULL, 293),
	(639, '38HC253U.jpg', 97377, 'image/jpeg', NULL, NULL, NULL, 294),
	(640, '36HC250U.jpg', 105408, 'image/jpeg', NULL, NULL, NULL, 296),
	(641, '36HC251U.jpg', 115709, 'image/jpeg', NULL, NULL, NULL, 297),
	(642, '36HC340.jpg', 103568, 'image/jpeg', NULL, NULL, NULL, 298),
	(643, '34HC172.jpg', 83103, 'image/jpeg', NULL, NULL, NULL, 299),
	(644, '81503704.jpg', 153021, 'image/jpeg', NULL, NULL, NULL, 300),
	(645, '81503704_2.jpg', 148026, 'image/jpeg', NULL, NULL, NULL, 300),
	(646, '81503704.jpg', 153021, 'image/jpeg', NULL, NULL, NULL, 301),
	(647, '81503704_2.jpg', 148026, 'image/jpeg', NULL, NULL, NULL, 301),
	(648, '81503704.jpg', 153021, 'image/jpeg', NULL, NULL, NULL, 302),
	(649, '81503704_2.jpg', 148026, 'image/jpeg', NULL, NULL, NULL, 302),
	(650, '82815.jpg', 151575, 'image/jpeg', NULL, NULL, NULL, 304),
	(651, '82815_2.jpg', 115595, 'image/jpeg', NULL, NULL, NULL, 304),
	(652, '82815.jpg', 151575, 'image/jpeg', NULL, NULL, NULL, 305),
	(653, '82815_2.jpg', 115595, 'image/jpeg', NULL, NULL, NULL, 305),
	(654, '3401249.jpg', 236508, 'image/jpeg', NULL, NULL, NULL, 306),
	(655, '19AC015_2.jpg', 75353, 'image/jpeg', NULL, NULL, NULL, 39),
	(656, '312CO089.jpg', 70668, 'image/jpeg', NULL, NULL, NULL, 307),
	(657, '33CO253.jpg', 42588, 'image/jpeg', NULL, NULL, NULL, 308),
	(658, '33CO254.jpg', 43212, 'image/jpeg', NULL, NULL, NULL, 309),
	(664, '73EVA117N.jpg', 81983, 'image/jpeg', NULL, NULL, NULL, 311),
	(669, '73EVA117V.jpg', 95321, 'image/jpeg', NULL, NULL, NULL, 317),
	(670, '73MAS01.jpg', 59795, 'image/jpeg', NULL, NULL, NULL, 318),
	(671, '61LS052.jpg', 79347, 'image/jpeg', NULL, NULL, NULL, 319),
	(672, '61LS052_2.jpg', 52328, 'image/jpeg', NULL, NULL, NULL, 319),
	(673, '61LS052_3.jpg', 139751, 'image/jpeg', NULL, NULL, NULL, 319),
	(674, '61LS052_4.jpg', 153520, 'image/jpeg', NULL, NULL, NULL, 319),
	(675, '73EVA969.jpg', 82169, 'image/jpeg', NULL, NULL, NULL, 320),
	(676, '73EVA969_2.jpg', 40472, 'image/jpeg', NULL, NULL, NULL, 320),
	(681, '71EVA967.jpg', 66506, 'image/jpeg', NULL, NULL, NULL, 321),
	(682, '71EVA967_2.jpg', 31319, 'image/jpeg', NULL, NULL, NULL, 321),
	(683, '8302914.jpg', 120493, 'image/jpeg', NULL, NULL, NULL, 322),
	(684, '8302914_2.jpg', 109978, 'image/jpeg', NULL, NULL, NULL, 322),
	(685, '8302914.jpg', 120493, 'image/jpeg', NULL, NULL, NULL, 323),
	(686, '8302914_2.jpg', 109978, 'image/jpeg', NULL, NULL, NULL, 323),
	(687, '8302914.jpg', 120493, 'image/jpeg', NULL, NULL, NULL, 324),
	(688, '8302914_2.jpg', 109978, 'image/jpeg', NULL, NULL, NULL, 324),
	(689, '835037.jpg', 132720, 'image/jpeg', NULL, NULL, NULL, 326),
	(690, '835037_2.jpg', 134903, 'image/jpeg', NULL, NULL, NULL, 326),
	(691, '835037.jpg', 132720, 'image/jpeg', NULL, NULL, NULL, 327),
	(692, '835037_2.jpg', 134903, 'image/jpeg', NULL, NULL, NULL, 327),
	(693, '831090.jpg', 131458, 'image/jpeg', NULL, NULL, NULL, 328),
	(694, '831090_2.jpg', 129121, 'image/jpeg', NULL, NULL, NULL, 328),
	(695, '8323239.jpg', 171548, 'image/jpeg', NULL, NULL, NULL, 329),
	(696, '8323239_2.jpg', 155223, 'image/jpeg', NULL, NULL, NULL, 329),
	(697, '837175.jpg', 179332, 'image/jpeg', NULL, NULL, NULL, 330),
	(698, '837175_2.jpg', 219852, 'image/jpeg', NULL, NULL, NULL, 330),
	(699, '3103737.jpg', 89944, 'image/jpeg', NULL, NULL, NULL, 331),
	(700, '10100529.jpg', 242251, 'image/jpeg', NULL, NULL, NULL, 332),
	(701, '10102824.jpg', 118666, 'image/jpeg', NULL, NULL, NULL, 333),
	(702, '71EVA967.jpg', 66506, 'image/jpeg', NULL, NULL, NULL, 334),
	(703, '71EVA967_2.jpg', 31319, 'image/jpeg', NULL, NULL, NULL, 334),
	(704, '10102300.jpg', 222416, 'image/jpeg', NULL, NULL, NULL, 335),
	(705, '10102302.jpg', 218238, 'image/jpeg', NULL, NULL, NULL, 336),
	(706, '3301386.jpg', 76128, 'image/jpeg', NULL, NULL, NULL, 337),
	(708, '3401674_Detalhes1.jpg', 54755, 'image/jpeg', NULL, NULL, NULL, 339),
	(709, '340336.jpg', 144620, 'image/jpeg', NULL, NULL, NULL, 338),
	(710, '1103938.jpg', 16168, 'image/jpeg', NULL, NULL, NULL, 340),
	(711, '73EVA969.jpg', 82169, 'image/jpeg', NULL, NULL, NULL, 341),
	(712, '73EVA969_2.jpg', 40472, 'image/jpeg', NULL, NULL, NULL, 341),
	(713, 'img006.jpg', 415456, 'image/jpeg', NULL, NULL, NULL, 342),
	(714, '3603690.jpg', 150287, 'image/jpeg', NULL, NULL, NULL, 343),
	(715, '3402861.jpg', 142807, 'image/jpeg', NULL, NULL, NULL, 344),
	(716, '3402869.jpg', 144807, 'image/jpeg', NULL, NULL, NULL, 345),
	(717, '02924_Detalhes.jpg', 13058, 'image/jpeg', NULL, NULL, NULL, 346),
	(718, '3302857.jpg', 90752, 'image/jpeg', NULL, NULL, NULL, 347),
	(719, '3301259.jpg', 85155, 'image/jpeg', NULL, NULL, NULL, 348),
	(720, '3306847.jpg', 88723, 'image/jpeg', NULL, NULL, NULL, 349),
	(721, '1203112.jpg', 192392, 'image/jpeg', NULL, NULL, NULL, 353),
	(722, '1200466.jpg', 176715, 'image/jpeg', NULL, NULL, NULL, 354),
	(723, '11004306.jpg', 33291, 'image/jpeg', NULL, NULL, NULL, 355),
	(724, '22674A.JPG', 175264, 'image/jpeg', NULL, NULL, NULL, 357),
	(725, '22674U.jpg', 210896, 'image/jpeg', NULL, NULL, NULL, 362),
	(726, '22674E.JPG', 192342, 'image/jpeg', NULL, NULL, NULL, 363),
	(727, 'Pretty_Love_Indulgence_Caixa - ampliada.jpg', 82451, 'image/jpeg', NULL, NULL, NULL, 364),
	(728, 'Pretty_Love_Indulgence.JPG', 69801, 'image/jpeg', NULL, NULL, NULL, 364),
	(729, 'Pretty_Love_Indulgence_Dentro_Caixa.jpg', 89003, 'image/jpeg', NULL, NULL, NULL, 364),
	(730, 'Pretty_Love_Indulgence_Uso.JPG', 59656, 'image/jpeg', NULL, NULL, NULL, 364),
	(732, 'mday.jpg', 77054, 'image/jpeg', NULL, NULL, NULL, 367),
	(733, 'mday (1).jpg', 77054, 'image/jpeg', NULL, NULL, NULL, 367),
	(734, 'mday (2).jpg', 77054, 'image/jpeg', NULL, NULL, NULL, 367),
	(735, 'mday (3).jpg', 77054, 'image/jpeg', NULL, NULL, NULL, 367),
	(736, '33CO232.jpg', 83662, 'image/jpeg', NULL, NULL, NULL, 368),
	(737, '852008.jpg', 126429, 'image/jpeg', NULL, NULL, NULL, 370),
	(738, '852008_2.jpg', 246829, 'image/jpeg', NULL, NULL, NULL, 370),
	(739, '85819.jpg', 99855, 'image/jpeg', NULL, NULL, NULL, 371),
	(740, '85819_2.jpg', 112549, 'image/jpeg', NULL, NULL, NULL, 371),
	(745, 'gel-termico-lafasex-morango-ice-14092013_125016-P.jpg', 61127, 'image/jpeg', NULL, NULL, NULL, 377),
	(747, '73T1V.jpg', 101379, 'image/jpeg', NULL, NULL, NULL, 379),
	(748, '73T1V_2.jpg', 63193, 'image/jpeg', NULL, NULL, NULL, 379),
	(749, '73T1V_3.jpg', 80669, 'image/jpeg', NULL, NULL, NULL, 379),
	(750, '73T1V_4.jpg', 82316, 'image/jpeg', NULL, NULL, NULL, 379),
	(752, '11MAS17_2.jpg', 65938, 'image/jpeg', NULL, NULL, NULL, 22),
	(753, '11MAS17.jpg', 138714, 'image/jpeg', NULL, NULL, NULL, 22),
	(754, '33CO231.jpg', 68860, 'image/jpeg', NULL, NULL, NULL, 210),
	(755, '1102858.jpg', 88620, 'image/jpeg', NULL, NULL, NULL, 216),
	(756, '19AC014.jpg', 98995, 'image/jpeg', NULL, NULL, NULL, 380),
	(757, '19AC013.jpg', 95712, 'image/jpeg', NULL, NULL, NULL, 381),
	(758, '19AC027.jpg', 97912, 'image/jpeg', NULL, NULL, NULL, 382),
	(759, '19AC028.jpg', 98533, 'image/jpeg', NULL, NULL, NULL, 383),
	(760, '19AC008.jpg', 105963, 'image/jpeg', NULL, NULL, NULL, 384),
	(761, '19AC009 (1).jpg', 112123, 'image/jpeg', NULL, NULL, NULL, 19),
	(762, '19AC006R.jpg', 94262, 'image/jpeg', NULL, NULL, NULL, 385),
	(766, '330125732.jpg', 216029, 'image/jpeg', NULL, NULL, NULL, 388),
	(767, '330125732.jpg', 216029, 'image/jpeg', NULL, NULL, NULL, 389),
	(768, '02857_Ampliada - Cópia.jpg', 70566, 'image/jpeg', NULL, NULL, NULL, 392),
	(769, '536706_203839576444867_592974123_n.jpg', 81978, 'image/jpeg', NULL, NULL, NULL, 53),
	(771, '536706_203839576444867_592974123_n.jpg', 81978, 'image/jpeg', NULL, NULL, NULL, 54),
	(772, '87261_2.jpg', 73387, 'image/jpeg', NULL, NULL, NULL, 54),
	(773, '3023-3.jpg', 88538, 'image/jpeg', NULL, NULL, NULL, 393),
	(774, '3024-3.jpg', 60615, 'image/jpeg', NULL, NULL, NULL, 393),
	(775, '3025-3.jpg', 104782, 'image/jpeg', NULL, NULL, NULL, 393),
	(776, '3026-3.jpg', 66778, 'image/jpeg', NULL, NULL, NULL, 393),
	(777, '13AC040T.jpg', 97678, 'image/jpeg', NULL, NULL, NULL, 395),
	(778, '120-noiva.jpg', 245595, 'image/jpeg', NULL, NULL, NULL, 398),
	(779, '120 cos.jpg', 280535, 'image/jpeg', NULL, NULL, NULL, 398),
	(780, '120-noiva.jpg', 245595, 'image/jpeg', NULL, NULL, NULL, 399),
	(781, '120 cos.jpg', 280535, 'image/jpeg', NULL, NULL, NULL, 399),
	(782, '120-noiva.jpg', 245595, 'image/jpeg', NULL, NULL, NULL, 401),
	(783, '120 cos.jpg', 280535, 'image/jpeg', NULL, NULL, NULL, 401),
	(784, '328 Coelhinha.jpg', 188647, 'image/jpeg', NULL, NULL, NULL, 403),
	(785, '328 Coelhinha costas.jpg', 176866, 'image/jpeg', NULL, NULL, NULL, 403),
	(786, '328 Coelhinha.jpg', 188647, 'image/jpeg', NULL, NULL, NULL, 404),
	(787, '328 Coelhinha costas.jpg', 176866, 'image/jpeg', NULL, NULL, NULL, 404),
	(788, '329 Dama do Prazer.jpg', 186016, 'image/jpeg', NULL, NULL, NULL, 405),
	(789, '329 Dama do Prazer costas.jpg', 191018, 'image/jpeg', NULL, NULL, NULL, 405),
	(790, '329 Dama do Prazer.jpg', 186016, 'image/jpeg', NULL, NULL, NULL, 406),
	(791, '329 Dama do Prazer costas.jpg', 191018, 'image/jpeg', NULL, NULL, NULL, 406),
	(792, '329 Dama do Prazer.jpg', 186016, 'image/jpeg', NULL, NULL, NULL, 407),
	(793, '329 Dama do Prazer costas.jpg', 191018, 'image/jpeg', NULL, NULL, NULL, 407),
	(794, 'IMG_1816.jpg', 186850, 'image/jpeg', NULL, NULL, NULL, 403),
	(795, 'IMG_1816.jpg', 186850, 'image/jpeg', NULL, NULL, NULL, 404),
	(796, '595A.jpg', 266862, 'image/jpeg', NULL, NULL, NULL, 409),
	(797, '595A.jpg', 266862, 'image/jpeg', NULL, NULL, NULL, 410),
	(798, '595A.jpg', 266862, 'image/jpeg', NULL, NULL, NULL, 411),
	(799, '596B.jpg', 252497, 'image/jpeg', NULL, NULL, NULL, 412),
	(800, '596B.jpg', 252497, 'image/jpeg', NULL, NULL, NULL, 413),
	(801, '605-C.jpg', 356394, 'image/jpeg', NULL, NULL, NULL, 414),
	(802, '606A.jpg', 218161, 'image/jpeg', NULL, NULL, NULL, 415),
	(803, '606A.jpg', 218161, 'image/jpeg', NULL, NULL, NULL, 416),
	(804, '615.jpg', 178533, 'image/jpeg', NULL, NULL, NULL, 417),
	(805, '615.jpg', 178533, 'image/jpeg', NULL, NULL, NULL, 418),
	(806, '615.jpg', 178533, 'image/jpeg', NULL, NULL, NULL, 419),
	(807, '616 B.jpg', 149460, 'image/jpeg', NULL, NULL, NULL, 420),
	(808, '616 B costas.jpg', 118707, 'image/jpeg', NULL, NULL, NULL, 420),
	(809, '616 B.jpg', 149460, 'image/jpeg', NULL, NULL, NULL, 421),
	(810, '616 B costas.jpg', 118707, 'image/jpeg', NULL, NULL, NULL, 421),
	(811, '616 B.jpg', 149460, 'image/jpeg', NULL, NULL, NULL, 422),
	(812, '616 B costas.jpg', 118707, 'image/jpeg', NULL, NULL, NULL, 422),
	(813, '617 B.jpg', 201763, 'image/jpeg', NULL, NULL, NULL, 423),
	(814, '617 B costas.jpg', 211591, 'image/jpeg', NULL, NULL, NULL, 423),
	(815, '617 B.jpg', 201763, 'image/jpeg', NULL, NULL, NULL, 424),
	(816, '617 B costas.jpg', 211591, 'image/jpeg', NULL, NULL, NULL, 424),
	(817, '617 B.jpg', 201763, 'image/jpeg', NULL, NULL, NULL, 425),
	(818, '617 B costas.jpg', 211591, 'image/jpeg', NULL, NULL, NULL, 425),
	(819, 'IMG_0625.jpg', 256995, 'image/jpeg', NULL, NULL, NULL, 426),
	(820, 'IMG_0634 (1).jpg', 322865, 'image/jpeg', NULL, NULL, NULL, 426),
	(821, 'IMG_0625.jpg', 256995, 'image/jpeg', NULL, NULL, NULL, 427),
	(822, 'IMG_0634 (1).jpg', 322865, 'image/jpeg', NULL, NULL, NULL, 427),
	(823, 'IMG_0625.jpg', 256995, 'image/jpeg', NULL, NULL, NULL, 428),
	(824, 'IMG_0634 (1).jpg', 322865, 'image/jpeg', NULL, NULL, NULL, 428),
	(825, '591A.jpg', 216639, 'image/jpeg', NULL, NULL, NULL, 429),
	(826, '596C.jpg', 221877, 'image/jpeg', NULL, NULL, NULL, 430),
	(827, '596COS.jpg', 251493, 'image/jpeg', NULL, NULL, NULL, 430),
	(828, '596C.jpg', 221877, 'image/jpeg', NULL, NULL, NULL, 431),
	(829, '596COS.jpg', 251493, 'image/jpeg', NULL, NULL, NULL, 431),
	(830, '596C.jpg', 221877, 'image/jpeg', NULL, NULL, NULL, 432),
	(831, '596COS.jpg', 251493, 'image/jpeg', NULL, NULL, NULL, 432),
	(832, '597A.jpg', 256545, 'image/jpeg', NULL, NULL, NULL, 433),
	(833, '597A.jpg', 256545, 'image/jpeg', NULL, NULL, NULL, 434),
	(840, 'HC279.jpg', 229773, 'image/jpeg', NULL, NULL, NULL, 438),
	(842, 'HC285.png', 771792, 'image/png', NULL, NULL, NULL, 441),
	(843, 'HC284.png', 723063, 'image/png', NULL, NULL, NULL, 439),
	(844, 'HC305.jpg', 193074, 'image/jpeg', NULL, NULL, NULL, 442),
	(845, 'HC380.jpg', 119358, 'image/jpeg', NULL, NULL, NULL, 443),
	(846, 'HC382.jpg', 233523, 'image/jpeg', NULL, NULL, NULL, 444),
	(847, 'HC431.png', 479085, 'image/png', NULL, NULL, NULL, 445),
	(848, 'HC438.jpg', 165129, 'image/jpeg', NULL, NULL, NULL, 446),
	(849, 'HC440.jpg', 191473, 'image/jpeg', NULL, NULL, NULL, 447),
	(850, 'HC420.jpg', 155753, 'image/jpeg', NULL, NULL, NULL, 448),
	(851, 'HC407.jpg', 71643, 'image/jpeg', NULL, NULL, NULL, 449),
	(853, 'HZ469.jpg', 183051, 'image/jpeg', NULL, NULL, NULL, 451),
	(854, 'HZ355.jpg', 242343, 'image/jpeg', NULL, NULL, NULL, 450),
	(855, 'HC308.jpg', 144146, 'image/jpeg', NULL, NULL, NULL, 452),
	(856, 'HC413.jpg', 200503, 'image/jpeg', NULL, NULL, NULL, 453),
	(857, 'HC414.jpg', 195513, 'image/jpeg', NULL, NULL, NULL, 454),
	(858, 'HC415.jpg', 181918, 'image/jpeg', NULL, NULL, NULL, 455),
	(859, 'HC416.jpg', 195920, 'image/jpeg', NULL, NULL, NULL, 456),
	(860, '41293.jpg', 190475, 'image/jpeg', NULL, NULL, NULL, 435),
	(861, '41293_2.jpg', 175843, 'image/jpeg', NULL, NULL, NULL, 435),
	(862, '41293.jpg', 190475, 'image/jpeg', NULL, NULL, NULL, 436),
	(863, '41293_2.jpg', 175843, 'image/jpeg', NULL, NULL, NULL, 436),
	(864, '41293.jpg', 190475, 'image/jpeg', NULL, NULL, NULL, 437),
	(865, '41293_2.jpg', 175843, 'image/jpeg', NULL, NULL, NULL, 437),
	(866, 'ht-559_0000000391_0000000869.jpg', 166944, 'image/jpeg', NULL, NULL, NULL, 457),
	(867, 'HT562.png', 1164735, 'image/png', NULL, NULL, NULL, 458),
	(868, 'HZ394.jpg', 290475, 'image/jpeg', NULL, NULL, NULL, 460),
	(869, 'HL154B.jpg', 168272, 'image/jpeg', NULL, NULL, NULL, 461),
	(870, 'hl-151_0000000324_0000002247.jpg', 159093, 'image/jpeg', NULL, NULL, NULL, 462),
	(871, 'HZ305.jpg', 80815, 'image/jpeg', NULL, NULL, NULL, 463),
	(872, 'HZ366_Detalhes1.jpg', 66836, 'image/jpeg', NULL, NULL, NULL, 464),
	(873, 'hz389-_hz_390.jpg', 51392, 'image/jpeg', NULL, NULL, NULL, 465),
	(874, 'HZ319.jpg', 133436, 'image/jpeg', NULL, NULL, NULL, 464),
	(875, 'HZ482.jpg', 66899, 'image/jpeg', NULL, NULL, NULL, 466),
	(876, 'HZ452.jpg', 153434, 'image/jpeg', NULL, NULL, NULL, 467),
	(877, 'HZ452.jpg', 153434, 'image/jpeg', NULL, NULL, NULL, 468),
	(878, 'HP348NI.png', 381141, 'image/png', NULL, NULL, NULL, 469),
	(879, 'HZ578.jpg', 107624, 'image/jpeg', NULL, NULL, NULL, 470),
	(880, 'HZ579.jpg', 101661, 'image/jpeg', NULL, NULL, NULL, 471),
	(881, 'HP333V.jpg', 54201, 'image/jpeg', NULL, NULL, NULL, 472),
	(882, 'HZ358.jpg', 113396, 'image/jpeg', NULL, NULL, NULL, 473),
	(883, 'HP210VTN.png', 435500, 'image/png', NULL, NULL, NULL, 474),
	(884, 'hp-240-cgt_0000000424_0000000947.png', 447567, 'image/png', NULL, NULL, NULL, 475),
	(885, 'hp-320-cgt_0000000428_0000000956.png', 386453, 'image/png', NULL, NULL, NULL, 476),
	(886, 'HP324CGPK.png', 504450, 'image/png', NULL, NULL, NULL, 477),
	(887, '110KIT10.jpg', 145494, 'image/jpeg', NULL, NULL, NULL, 478),
	(888, '110KIT10_2.jpg', 116445, 'image/jpeg', NULL, NULL, NULL, 478),
	(890, '5369-3.jpg', 73079, 'image/jpeg', NULL, NULL, NULL, 480),
	(891, '10490-3.jpg', 129282, 'image/jpeg', NULL, NULL, NULL, 479),
	(892, '9013-3.jpg', 90553, 'image/jpeg', NULL, NULL, NULL, 481),
	(893, '10067-3.jpg', 87442, 'image/jpeg', NULL, NULL, NULL, 482),
	(894, '10364-3.jpg', 125127, 'image/jpeg', NULL, NULL, NULL, 483),
	(895, '6814-3.jpg', 113921, 'image/jpeg', NULL, NULL, NULL, 484),
	(896, '6817-3.jpg', 66745, 'image/jpeg', NULL, NULL, NULL, 484),
	(897, '5986-3.jpg', 49687, 'image/jpeg', NULL, NULL, NULL, 485),
	(898, '5983-3.jpg', 36415, 'image/jpeg', NULL, NULL, NULL, 485),
	(899, '5982-3.jpg', 45375, 'image/jpeg', NULL, NULL, NULL, 485),
	(902, '113285_1.jpg', 84848, 'image/jpeg', NULL, NULL, NULL, 101),
	(903, 'HC436.jpg', 131061, 'image/jpeg', NULL, NULL, NULL, 486),
	(904, 'images.jpg', 125292, 'image/jpeg', NULL, NULL, NULL, 126),
	(905, '10257-3.jpg', 143901, 'image/jpeg', NULL, NULL, NULL, 70),
	(906, '102-3.jpg', 142482, 'image/jpeg', NULL, NULL, NULL, 71),
	(907, '103-3.jpg', 148009, 'image/jpeg', NULL, NULL, NULL, 72),
	(908, '41zwJBHwJoL.jpg', 86331, 'image/jpeg', NULL, NULL, NULL, 8),
	(909, 'MASTER_SLIDER_FULLblack3.jpg', 142160, 'image/jpeg', NULL, NULL, NULL, 8),
	(910, '9995-3.jpg', 103313, 'image/jpeg', NULL, NULL, NULL, 9),
	(911, '9376-3.jpg', 85327, 'image/jpeg', NULL, NULL, NULL, 9),
	(912, 'penetrador_duplo_sinuoso_com_7_velocidades_-_13_vibrator_double_dildo_-_pipedream_-_toy_sexshop2.jpg', 43108, 'image/jpeg', NULL, NULL, NULL, 103),
	(913, 'penetrador_duplo_sinuoso_com_7_velocidades_-_13_vibrator_double_dildo_-_pipedream_-_toy_sexshop1.jpg', 38220, 'image/jpeg', NULL, NULL, NULL, 103),
	(914, '63e04c_473e03a256f34e24ac92c943e1f0a27f.jpg', 65345, 'image/jpeg', NULL, NULL, NULL, 365),
	(915, 'Dragon fire.jpg', 63010, 'image/jpeg', NULL, NULL, NULL, 373),
	(916, 'eletric plus.jpg', 62545, 'image/jpeg', NULL, NULL, NULL, 374),
	(918, 'twister (1).png', 522440, 'image/png', NULL, NULL, NULL, 375),
	(919, '50 tons.jpg', 97611, 'image/jpeg', NULL, NULL, NULL, 366),
	(920, 'bocalokamorango.jpg', 101263, 'image/jpeg', NULL, NULL, NULL, 124),
	(921, '03280.jpg', 58430, 'image/jpeg', NULL, NULL, NULL, 3),
	(922, '03185.jpg', 57791, 'image/jpeg', NULL, NULL, NULL, 182),
	(923, '00249.jpg', 123311, 'image/jpeg', NULL, NULL, NULL, 487),
	(924, '02630.jpg', 111078, 'image/jpeg', NULL, NULL, NULL, 488),
	(925, '01941.jpg', 172348, 'image/jpeg', NULL, NULL, NULL, 489),
	(926, '00865.jpg', 99742, 'image/jpeg', NULL, NULL, NULL, 490),
	(927, '01191.jpg', 100553, 'image/jpeg', NULL, NULL, NULL, 491),
	(928, '01183.jpg', 83159, 'image/jpeg', NULL, NULL, NULL, 492),
	(929, 'BIG12-2.jpg', 96965, 'image/jpeg', NULL, NULL, NULL, 493),
	(930, 'BIG12.jpg', 136294, 'image/jpeg', NULL, NULL, NULL, 493),
	(931, 'EVA942.jpg', 49974, 'image/jpeg', NULL, NULL, NULL, 494),
	(932, 'EVA942-2.jpg', 115720, 'image/jpeg', NULL, NULL, NULL, 494),
	(933, 'MAS09.jpg', 81153, 'image/jpeg', NULL, NULL, NULL, 495),
	(934, 'MAS09-2.jpg', 121012, 'image/jpeg', NULL, NULL, NULL, 495),
	(935, 'MAS09-3.jpg', 126567, 'image/jpeg', NULL, NULL, NULL, 495),
	(936, 'SHE01.jpg', 68164, 'image/jpeg', NULL, NULL, NULL, 496),
	(937, 'SHE01-2.jpg', 133898, 'image/jpeg', NULL, NULL, NULL, 496),
	(938, 'MAS14.jpg', 64486, 'image/jpeg', NULL, NULL, NULL, 497),
	(939, 'MAS14-2.jpg', 154191, 'image/jpeg', NULL, NULL, NULL, 497),
	(940, 'MAS14-3.jpg', 163000, 'image/jpeg', NULL, NULL, NULL, 497),
	(941, 'AC066.jpg', 84626, 'image/jpeg', NULL, NULL, NULL, 498),
	(942, 'AC066-2.jpg', 122055, 'image/jpeg', NULL, NULL, NULL, 498),
	(943, 'AC066-3.jpg', 83253, 'image/jpeg', NULL, NULL, NULL, 498),
	(944, 'AC066-4.jpg', 78203, 'image/jpeg', NULL, NULL, NULL, 498),
	(945, 'ABA03A.jpg', 52185, 'image/jpeg', NULL, NULL, NULL, 499),
	(946, 'ADAO39.jpg', 102882, 'image/jpeg', NULL, NULL, NULL, 500),
	(947, 'ADAO39-2.jpg', 86160, 'image/jpeg', NULL, NULL, NULL, 500),
	(948, 'UVA02A.jpg', 63513, 'image/jpeg', NULL, NULL, NULL, 501),
	(949, 'HOR01A.jpg', 68975, 'image/jpeg', NULL, NULL, NULL, 502),
	(950, 'AC068.jpg', 93423, 'image/jpeg', NULL, NULL, NULL, 503),
	(951, 'AC068-2.jpg', 70941, 'image/jpeg', NULL, NULL, NULL, 503),
	(952, 'B7.jpg', 44992, 'image/jpeg', NULL, NULL, NULL, 504),
	(953, 'B7-2.jpg', 31232, 'image/jpeg', NULL, NULL, NULL, 504),
	(954, 'B7-3.jpg', 47148, 'image/jpeg', NULL, NULL, NULL, 504),
	(955, 'B7-4.jpg', 51401, 'image/jpeg', NULL, NULL, NULL, 504),
	(956, 'B12BL.jpg', 79994, 'image/jpeg', NULL, NULL, NULL, 505),
	(957, 'B12BL-2.jpg', 61523, 'image/jpeg', NULL, NULL, NULL, 505),
	(958, 'B12BL-3.jpg', 88823, 'image/jpeg', NULL, NULL, NULL, 505),
	(959, 'B12BL-4.jpg', 62318, 'image/jpeg', NULL, NULL, NULL, 505),
	(960, 'TVB003-2.jpg', 60073, 'image/jpeg', NULL, NULL, NULL, 507),
	(961, 'TVB003.jpg', 100795, 'image/jpeg', NULL, NULL, NULL, 507),
	(962, 'TVB003-3.jpg', 83954, 'image/jpeg', NULL, NULL, NULL, 507),
	(963, 'TVB001-2.jpg', 71041, 'image/jpeg', NULL, NULL, NULL, 506),
	(964, 'TVB001-3.jpg', 74171, 'image/jpeg', NULL, NULL, NULL, 506),
	(965, 'TVB001.jpg', 150456, 'image/jpeg', NULL, NULL, NULL, 506),
	(966, 'TVB004-3.jpg', 48017, 'image/jpeg', NULL, NULL, NULL, 508),
	(967, 'TVB004.jpg', 107019, 'image/jpeg', NULL, NULL, NULL, 508),
	(968, 'TVB004-2.jpg', 78387, 'image/jpeg', NULL, NULL, NULL, 508),
	(969, 'TVB005-3.jpg', 55125, 'image/jpeg', NULL, NULL, NULL, 509),
	(970, 'TVB005-4.jpg', 56232, 'image/jpeg', NULL, NULL, NULL, 509),
	(971, 'TVB005.jpg', 111063, 'image/jpeg', NULL, NULL, NULL, 509),
	(972, 'TVB005-2.jpg', 83834, 'image/jpeg', NULL, NULL, NULL, 509),
	(973, 'AC043-2.jpg', 37681, 'image/jpeg', NULL, NULL, NULL, 510),
	(974, 'AC043.jpg', 72154, 'image/jpeg', NULL, NULL, NULL, 510),
	(975, 'AC050N-2.jpg', 37365, 'image/jpeg', NULL, NULL, NULL, 512),
	(976, 'AC050N.jpg', 73781, 'image/jpeg', NULL, NULL, NULL, 512),
	(977, 'AC078.jpg', 60108, 'image/jpeg', NULL, NULL, NULL, 513),
	(978, 'AC078-2.jpg', 100801, 'image/jpeg', NULL, NULL, NULL, 513),
	(979, 'LP020.jpg', 183628, 'image/jpeg', NULL, NULL, NULL, 514),
	(980, 'LP020-2.jpg', 225046, 'image/jpeg', NULL, NULL, NULL, 514),
	(981, 'LP020-3.jpg', 211443, 'image/jpeg', NULL, NULL, NULL, 514),
	(982, 'LP020-ADAO66.jpg', 73685, 'image/jpeg', NULL, NULL, NULL, 514),
	(983, 'EVA033.jpg', 97537, 'image/jpeg', NULL, NULL, NULL, 515),
	(984, 'EVA033-2.jpg', 68801, 'image/jpeg', NULL, NULL, NULL, 515),
	(985, 'LD016.jpg', 96163, 'image/jpeg', NULL, NULL, NULL, 516),
	(987, 'CO290.jpg', 158533, 'image/jpeg', NULL, NULL, NULL, 517),
	(988, 'C0290-2.jpg', 142514, 'image/jpeg', NULL, NULL, NULL, 517),
	(990, 'CO291-2.jpg', 156899, 'image/jpeg', NULL, NULL, NULL, 518),
	(991, 'C0291.jpg', 196953, 'image/jpeg', NULL, NULL, NULL, 518),
	(992, 'C0128.jpg', 111992, 'image/jpeg', NULL, NULL, NULL, 519),
	(993, 'CO203-2.jpg', 122893, 'image/jpeg', NULL, NULL, NULL, 520),
	(994, 'CO203.jpg', 121675, 'image/jpeg', NULL, NULL, NULL, 520),
	(995, 'CO203-3.jpg', 169950, 'image/jpeg', NULL, NULL, NULL, 520),
	(996, 'CO090.jpg', 88960, 'image/jpeg', NULL, NULL, NULL, 521),
	(997, 'ADAO30T.jpg', 111620, 'image/jpeg', NULL, NULL, NULL, 522),
	(998, 'ADAO30T-2.jpg', 81853, 'image/jpeg', NULL, NULL, NULL, 522),
	(999, 'CO280.jpg', 79721, 'image/jpeg', NULL, NULL, NULL, 523),
	(1002, 'HC249.jpg', 125976, 'image/jpeg', NULL, NULL, NULL, 524),
	(1003, 'BIG10-2.jpg', 123609, 'image/jpeg', NULL, NULL, NULL, 525),
	(1004, 'BIG10-3.jpg', 128703, 'image/jpeg', NULL, NULL, NULL, 525),
	(1005, 'BIG10.jpg', 187530, 'image/jpeg', NULL, NULL, NULL, 525),
	(1006, 'CO268.jpg', 71680, 'image/jpeg', NULL, NULL, NULL, 526),
	(1007, 'CO228.jpg', 50201, 'image/jpeg', NULL, NULL, NULL, 527),
	(1008, 'CO281.jpg', 110690, 'image/jpeg', NULL, NULL, NULL, 528),
	(1009, 'CO281-3.jpg', 84639, 'image/jpeg', NULL, NULL, NULL, 528),
	(1010, 'CO281-2.jpg', 69051, 'image/jpeg', NULL, NULL, NULL, 528),
	(1011, 'K1P.jpg', 38339, 'image/jpeg', NULL, NULL, NULL, 530),
	(1012, 'K1P-2.jpg', 39890, 'image/jpeg', NULL, NULL, NULL, 530),
	(1013, 'K1P-3.jpg', 48078, 'image/jpeg', NULL, NULL, NULL, 530),
	(1014, 'K1P-4.jpg', 49384, 'image/jpeg', NULL, NULL, NULL, 530),
	(1015, '172universitaria.jpg', 213846, 'image/jpeg', NULL, NULL, NULL, 531),
	(1016, '172 cost.jpg', 209654, 'image/jpeg', NULL, NULL, NULL, 531),
	(1017, '41318P.jpg', 321709, 'image/jpeg', NULL, NULL, NULL, 532),
	(1018, '41318P_2.jpg', 279495, 'image/jpeg', NULL, NULL, NULL, 532),
	(1019, '172universitaria.jpg', 213846, 'image/jpeg', NULL, NULL, NULL, 533),
	(1020, '172 cost.jpg', 209654, 'image/jpeg', NULL, NULL, NULL, 533),
	(1021, '172universitaria.jpg', 213846, 'image/jpeg', NULL, NULL, NULL, 534),
	(1022, '172 cost.jpg', 209654, 'image/jpeg', NULL, NULL, NULL, 534),
	(1023, '1157466_501732156577848_784561938_n.jpg', 134563, 'image/jpeg', NULL, NULL, NULL, 535),
	(1024, '1157533_501732296577834_1777586503_n.jpg', 146125, 'image/jpeg', NULL, NULL, NULL, 535),
	(1025, '1157466_501732156577848_784561938_n.jpg', 134563, 'image/jpeg', NULL, NULL, NULL, 536),
	(1026, '1157533_501732296577834_1777586503_n.jpg', 146125, 'image/jpeg', NULL, NULL, NULL, 536),
	(1027, '1157466_501732156577848_784561938_n.jpg', 134563, 'image/jpeg', NULL, NULL, NULL, 537),
	(1028, '1157533_501732296577834_1777586503_n.jpg', 146125, 'image/jpeg', NULL, NULL, NULL, 537),
	(1029, '41318P.jpg', 321709, 'image/jpeg', NULL, NULL, NULL, 538),
	(1030, '41318P_2.jpg', 279495, 'image/jpeg', NULL, NULL, NULL, 538),
	(1031, '601.jpg', 253640, 'image/jpeg', NULL, NULL, NULL, 539),
	(1032, '601COS.jpg', 350506, 'image/jpeg', NULL, NULL, NULL, 539),
	(1033, '601.jpg', 253640, 'image/jpeg', NULL, NULL, NULL, 540),
	(1034, '601COS.jpg', 350506, 'image/jpeg', NULL, NULL, NULL, 540),
	(1035, '601.jpg', 253640, 'image/jpeg', NULL, NULL, NULL, 541),
	(1036, '601COS.jpg', 350506, 'image/jpeg', NULL, NULL, NULL, 541),
	(1037, '87609AM.jpg', 191630, 'image/jpeg', NULL, NULL, NULL, 542),
	(1038, '87609AM.jpg', 191630, 'image/jpeg', NULL, NULL, NULL, 543),
	(1039, '596B.jpg', 252497, 'image/jpeg', NULL, NULL, NULL, 544),
	(1040, '618 B.jpg', 269062, 'image/jpeg', NULL, NULL, NULL, 545),
	(1041, '618 B.jpg', 269062, 'image/jpeg', NULL, NULL, NULL, 546),
	(1042, '618 B.jpg', 269062, 'image/jpeg', NULL, NULL, NULL, 547),
	(1043, '602B.jpg', 375869, 'image/jpeg', NULL, NULL, NULL, 548),
	(1044, '602COS.jpg', 364497, 'image/jpeg', NULL, NULL, NULL, 548),
	(1045, '602B.jpg', 375869, 'image/jpeg', NULL, NULL, NULL, 549),
	(1046, '602COS.jpg', 364497, 'image/jpeg', NULL, NULL, NULL, 549),
	(1047, '602B.jpg', 375869, 'image/jpeg', NULL, NULL, NULL, 550),
	(1048, '602COS.jpg', 364497, 'image/jpeg', NULL, NULL, NULL, 550),
	(1049, 'SLFFPG4.jpg', 244728, 'image/jpeg', NULL, NULL, NULL, 551),
	(1050, '74519_ampliada.jpg', 145692, 'image/jpeg', NULL, NULL, NULL, 552),
	(1051, '74519_ampliada1.jpg', 112556, 'image/jpeg', NULL, NULL, NULL, 552),
	(1052, '74519_ampliada2.jpg', 117571, 'image/jpeg', NULL, NULL, NULL, 552),
	(1053, '74519_ampliada.jpg', 145692, 'image/jpeg', NULL, NULL, NULL, 553),
	(1054, '74519_ampliada1.jpg', 112556, 'image/jpeg', NULL, NULL, NULL, 553),
	(1055, '74519_ampliada2.jpg', 117571, 'image/jpeg', NULL, NULL, NULL, 553),
	(1056, '74519_ampliada.jpg', 145692, 'image/jpeg', NULL, NULL, NULL, 554),
	(1057, '74519_ampliada1.jpg', 112556, 'image/jpeg', NULL, NULL, NULL, 554),
	(1058, '74519_ampliada2.jpg', 117571, 'image/jpeg', NULL, NULL, NULL, 554),
	(1059, '74537_Ampliada.jpg', 95151, 'image/jpeg', NULL, NULL, NULL, 555),
	(1060, '74537_ampliada1.jpg', 94832, 'image/jpeg', NULL, NULL, NULL, 555),
	(1061, '74537_ampliada2.jpg', 89872, 'image/jpeg', NULL, NULL, NULL, 555),
	(1062, '74537_Ampliada.jpg', 95151, 'image/jpeg', NULL, NULL, NULL, 556),
	(1063, '74537_ampliada1.jpg', 94832, 'image/jpeg', NULL, NULL, NULL, 556),
	(1064, '74537_ampliada2.jpg', 89872, 'image/jpeg', NULL, NULL, NULL, 556),
	(1065, '74535_Ampliada.jpg', 223808, 'image/jpeg', NULL, NULL, NULL, 557),
	(1066, '74535_Ampliada.jpg', 223808, 'image/jpeg', NULL, NULL, NULL, 558),
	(1067, '74533_Ampliada.jpg', 136836, 'image/jpeg', NULL, NULL, NULL, 559),
	(1068, '74533_ampliada1.jpg', 105612, 'image/jpeg', NULL, NULL, NULL, 559),
	(1069, '74533_ampliada2.jpg', 117482, 'image/jpeg', NULL, NULL, NULL, 559),
	(1070, '74533_Ampliada.jpg', 136836, 'image/jpeg', NULL, NULL, NULL, 560),
	(1071, '74533_ampliada1.jpg', 105612, 'image/jpeg', NULL, NULL, NULL, 560),
	(1072, '74533_ampliada2.jpg', 117482, 'image/jpeg', NULL, NULL, NULL, 560),
	(1073, '74533_Ampliada.jpg', 136836, 'image/jpeg', NULL, NULL, NULL, 561),
	(1074, '74533_ampliada1.jpg', 105612, 'image/jpeg', NULL, NULL, NULL, 561),
	(1075, '74533_ampliada2.jpg', 117482, 'image/jpeg', NULL, NULL, NULL, 561),
	(1076, '74518_Ampliada.jpg', 113567, 'image/jpeg', NULL, NULL, NULL, 562),
	(1077, '74518_ampliada1.jpg', 99934, 'image/jpeg', NULL, NULL, NULL, 562),
	(1078, '74518_ampliada2.jpg', 129457, 'image/jpeg', NULL, NULL, NULL, 562),
	(1079, '74518_Ampliada.jpg', 113567, 'image/jpeg', NULL, NULL, NULL, 563),
	(1080, '74518_ampliada1.jpg', 99934, 'image/jpeg', NULL, NULL, NULL, 563),
	(1081, '74518_ampliada2.jpg', 129457, 'image/jpeg', NULL, NULL, NULL, 563),
	(1082, 'MS2245_Ampliada.jpg', 110783, 'image/jpeg', NULL, NULL, NULL, 564),
	(1083, 'ms2245_ampliada1.jpg', 117707, 'image/jpeg', NULL, NULL, NULL, 564),
	(1084, 'ms2245_ampliada2.jpg', 110572, 'image/jpeg', NULL, NULL, NULL, 564),
	(1085, 'MS2245_Ampliada.jpg', 110783, 'image/jpeg', NULL, NULL, NULL, 565),
	(1086, 'ms2245_ampliada1.jpg', 117707, 'image/jpeg', NULL, NULL, NULL, 565),
	(1087, 'ms2245_ampliada2.jpg', 110572, 'image/jpeg', NULL, NULL, NULL, 565),
	(1088, '74541_Ampliada.jpg', 101078, 'image/jpeg', NULL, NULL, NULL, 566),
	(1089, '74541_ampliada1.jpg', 103520, 'image/jpeg', NULL, NULL, NULL, 566),
	(1090, '74541_ampliada2.jpg', 91806, 'image/jpeg', NULL, NULL, NULL, 566),
	(1091, '74541_Ampliada.jpg', 101078, 'image/jpeg', NULL, NULL, NULL, 567),
	(1092, '74541_ampliada1.jpg', 103520, 'image/jpeg', NULL, NULL, NULL, 567),
	(1093, '74541_ampliada2.jpg', 91806, 'image/jpeg', NULL, NULL, NULL, 567),
	(1094, '74527_Ampliada.jpg', 144164, 'image/jpeg', NULL, NULL, NULL, 568),
	(1095, '74527_ampliada2.jpg', 112270, 'image/jpeg', NULL, NULL, NULL, 568),
	(1096, '74527_Ampliada.jpg', 144164, 'image/jpeg', NULL, NULL, NULL, 569),
	(1097, '74527_ampliada2.jpg', 112270, 'image/jpeg', NULL, NULL, NULL, 569),
	(1098, '74527_Ampliada.jpg', 144164, 'image/jpeg', NULL, NULL, NULL, 570),
	(1099, '74527_ampliada2.jpg', 112270, 'image/jpeg', NULL, NULL, NULL, 570),
	(1103, 'nas520.jpg', 187207, 'image/jpeg', NULL, NULL, NULL, 574),
	(1104, 'nas520-2.jpg', 196489, 'image/jpeg', NULL, NULL, NULL, 574),
	(1105, 'nas520.jpg', 187207, 'image/jpeg', NULL, NULL, NULL, 575),
	(1106, 'nas520-2.jpg', 196489, 'image/jpeg', NULL, NULL, NULL, 575),
	(1107, 'nas520.jpg', 187207, 'image/jpeg', NULL, NULL, NULL, 576),
	(1108, 'nas520-2.jpg', 196489, 'image/jpeg', NULL, NULL, NULL, 576),
	(1109, '074.jpg', 93794, 'image/jpeg', NULL, NULL, NULL, 577),
	(1110, '074-2.jpg', 93505, 'image/jpeg', NULL, NULL, NULL, 577),
	(1111, '074.jpg', 93794, 'image/jpeg', NULL, NULL, NULL, 578),
	(1112, '074-2.jpg', 93505, 'image/jpeg', NULL, NULL, NULL, 578),
	(1113, '074.jpg', 93794, 'image/jpeg', NULL, NULL, NULL, 579),
	(1114, '074-2.jpg', 93505, 'image/jpeg', NULL, NULL, NULL, 579),
	(1115, '4521.jpg', 97160, 'image/jpeg', NULL, NULL, NULL, 580),
	(1116, '4521-2.jpg', 95317, 'image/jpeg', NULL, NULL, NULL, 580),
	(1117, '4521-3.jpg', 108689, 'image/jpeg', NULL, NULL, NULL, 580),
	(1118, 'semp019.jpg', 108130, 'image/jpeg', NULL, NULL, NULL, 581),
	(1119, 'semp019-2.jpg', 105553, 'image/jpeg', NULL, NULL, NULL, 581),
	(1120, '74520.jpg', 170310, 'image/jpeg', NULL, NULL, NULL, 571),
	(1121, '74520.jpg', 170310, 'image/jpeg', NULL, NULL, NULL, 572),
	(1122, '74520.jpg', 170310, 'image/jpeg', NULL, NULL, NULL, 573);
/*!40000 ALTER TABLE `files` ENABLE KEYS */;


-- Copiando estrutura para tabela sedaerot_loja.genero
CREATE TABLE IF NOT EXISTS `genero` (
  `generoId` int(11) NOT NULL,
  `descricao` varchar(45) DEFAULT NULL,
  `status` int(11) DEFAULT '1',
  PRIMARY KEY (`generoId`)
) ENGINE=InnoDB DEFAULT CHARSET=utf8;

-- Copiando dados para a tabela sedaerot_loja.genero: ~2 rows (aproximadamente)
/*!40000 ALTER TABLE `genero` DISABLE KEYS */;
INSERT INTO `genero` (`generoId`, `descricao`, `status`) VALUES
	(1, 'Masculino', 1),
	(2, 'Feminino', 1);
/*!40000 ALTER TABLE `genero` ENABLE KEYS */;


-- Copiando estrutura para tabela sedaerot_loja.login
CREATE TABLE IF NOT EXISTS `login` (
  `loginId` int(11) NOT NULL AUTO_INCREMENT,
  `login` varchar(45) DEFAULT NULL,
  `senha` varchar(45) DEFAULT NULL,
  `status` int(11) DEFAULT NULL,
  PRIMARY KEY (`loginId`)
) ENGINE=InnoDB AUTO_INCREMENT=2 DEFAULT CHARSET=utf8;

-- Copiando dados para a tabela sedaerot_loja.login: ~1 rows (aproximadamente)
/*!40000 ALTER TABLE `login` DISABLE KEYS */;
INSERT INTO `login` (`loginId`, `login`, `senha`, `status`) VALUES
	(1, 'admin', 'admin', 1);
/*!40000 ALTER TABLE `login` ENABLE KEYS */;


-- Copiando estrutura para tabela sedaerot_loja.marca
CREATE TABLE IF NOT EXISTS `marca` (
  `marcaId` int(11) NOT NULL AUTO_INCREMENT,
  `descricao` varchar(45) DEFAULT NULL,
  `dtCadastro` timestamp NULL DEFAULT CURRENT_TIMESTAMP ON UPDATE CURRENT_TIMESTAMP,
  `status` int(11) DEFAULT '1',
  PRIMARY KEY (`marcaId`)
) ENGINE=InnoDB AUTO_INCREMENT=131 DEFAULT CHARSET=utf8;

-- Copiando dados para a tabela sedaerot_loja.marca: ~124 rows (aproximadamente)
/*!40000 ALTER TABLE `marca` DISABLE KEYS */;
INSERT INTO `marca` (`marcaId`, `descricao`, `dtCadastro`, `status`) VALUES
	(7, 'Garota Veneno', NULL, 1),
	(8, 'Adão e Eva', NULL, 1),
	(9, 'Absoloo', NULL, 1),
	(10, 'Loka Sensação', NULL, 1),
	(11, 'Sexy Free', NULL, 1),
	(12, 'Sensual Love', '2014-08-01 15:52:33', 1),
	(13, 'Sensuale Sabor', '2014-08-18 10:31:06', 1),
	(14, 'Nayane', '2014-08-18 10:31:30', 1),
	(15, 'Feitiços Aromáticos', '2014-08-18 10:32:26', 1),
	(16, 'All Alimentos', '2014-08-18 14:47:24', 1),
	(17, 'Perru', '2014-08-18 14:47:39', 1),
	(18, 'Sexy Angel', '2014-08-18 14:48:07', 1),
	(19, 'Blowtex', '2014-08-18 14:48:26', 1),
	(20, 'Sexy Free', '2014-08-18 14:48:41', 1),
	(21, 'Pimenta Sexy', '2014-08-18 14:49:01', 1),
	(22, 'Santo', '2014-08-18 14:49:24', 1),
	(23, 'Sexy Delicia', '2014-08-18 14:49:53', 1),
	(24, 'PLAISIR NACRÉ', '2014-08-18 14:52:57', 1),
	(25, 'Asós', '2014-08-18 14:57:02', 1),
	(26, 'Sapeka', '2014-08-18 14:58:04', 1),
	(27, 'ELAH LINGERIE', '2014-08-18 15:00:03', 1),
	(28, 'Erotik Love', '2014-08-18 15:13:42', 1),
	(29, 'Delirius Plus', '2014-08-18 15:14:04', 1),
	(30, 'Hot Flowers', '2014-09-02 15:35:01', 1),
	(31, 'Loving Sex', '2014-08-18 15:24:57', 1),
	(32, 'Macler', '2014-08-18 15:30:29', 1),
	(33, NULL, '2014-08-18 15:46:37', 0),
	(34, 'Eva Cosméticos', '2014-08-27 18:35:25', 1),
	(35, 'Cheias de Graça', '2014-08-29 13:50:03', 1),
	(36, 'Miss Collection', '2014-09-02 17:37:16', 1),
	(37, 'SYD N', '2014-09-04 11:36:15', 1),
	(38, 'K Gel', '2014-09-04 15:00:06', 1),
	(39, 'Intrinseca', '2014-09-04 15:21:51', 1),
	(40, 'Selene', '2014-09-05 15:27:39', 1),
	(41, 'Dominatrixxx', '2014-09-11 12:00:53', 1),
	(42, 'GT', '2014-09-11 15:34:38', 1),
	(43, 'Sicret', '2014-09-15 15:54:24', 1),
	(44, 'BAILE', '2014-09-16 16:00:51', 1),
	(45, 'Soft Love', '2014-09-16 16:12:40', 1),
	(46, 'Lafasex', '2014-09-16 17:56:01', 1),
	(47, 'OVO', '2014-09-22 14:19:33', 1),
	(48, 'Secret Love', '2014-10-31 11:32:46', 1),
	(49, 'Pau Brasil', '2014-12-03 14:47:03', 1),
	(50, 'Universo da Pelúcia', '2014-12-03 14:47:35', 1),
	(51, 'Big Teaze Toys', '2014-12-08 11:03:51', 1),
	(52, 'Atlantis', '2014-12-08 11:38:04', 1),
	(53, 'Malu Macedo', '2014-12-16 10:00:17', 1),
	(54, 'Mar e Sol', '2014-12-16 11:52:33', 1),
	(55, 'Nassama', '2014-12-16 15:26:58', 1),
	(56, 'Sempre Bella', '2014-12-16 15:47:41', 1),
	(57, 'Liebe', '2014-12-16 16:00:36', 1),
	(58, NULL, '2014-08-09 23:49:14', 1),
	(59, NULL, '2014-08-09 23:49:14', 1),
	(60, NULL, '2014-08-09 23:49:14', 1),
	(61, NULL, '2014-08-09 23:49:14', 1),
	(62, NULL, '2014-08-09 23:49:14', 1),
	(63, NULL, '2014-08-09 23:49:14', 1),
	(64, NULL, '2014-08-09 23:49:14', 1),
	(65, NULL, '2014-08-09 23:49:14', 1),
	(66, NULL, '2014-08-09 23:49:14', 1),
	(67, NULL, '2014-08-09 23:49:14', 1),
	(68, NULL, '2014-08-09 23:49:14', 1),
	(69, NULL, '2014-08-09 23:49:14', 1),
	(70, NULL, '2014-08-09 23:49:14', 1),
	(71, NULL, '2014-08-09 23:49:14', 1),
	(72, NULL, '2014-08-09 23:49:14', 1),
	(73, NULL, '2014-08-09 23:49:14', 1),
	(74, NULL, '2014-08-09 23:49:14', 1),
	(75, NULL, '2014-08-09 23:49:14', 1),
	(76, NULL, '2014-08-09 23:49:14', 1),
	(77, NULL, '2014-08-09 23:49:14', 1),
	(78, NULL, '2014-08-09 23:49:14', 1),
	(79, NULL, '2014-08-09 23:49:14', 1),
	(80, NULL, '2014-08-09 23:49:14', 1),
	(81, NULL, '2014-08-09 23:49:14', 1),
	(82, NULL, '2014-08-09 23:49:14', 1),
	(83, NULL, '2014-08-09 23:49:14', 1),
	(84, NULL, '2014-08-09 23:49:14', 1),
	(85, NULL, '2014-08-09 23:49:14', 1),
	(86, NULL, '2014-08-09 23:49:14', 1),
	(87, NULL, '2014-08-09 23:49:14', 1),
	(88, NULL, '2014-08-09 23:49:14', 1),
	(89, NULL, '2014-08-09 23:49:14', 1),
	(90, NULL, '2014-08-09 23:49:14', 1),
	(91, NULL, '2014-08-09 23:49:14', 1),
	(92, NULL, '2014-08-09 23:49:14', 1),
	(93, NULL, '2014-08-09 23:49:14', 1),
	(94, NULL, '2014-08-09 23:49:14', 1),
	(95, NULL, '2014-08-09 23:49:14', 1),
	(96, NULL, '2014-08-09 23:49:14', 1),
	(97, NULL, '2014-08-09 23:49:14', 1),
	(98, NULL, '2014-08-09 23:49:14', 1),
	(99, NULL, '2014-08-09 23:49:14', 1),
	(100, NULL, '2014-08-09 23:49:14', 1),
	(101, NULL, '2014-08-09 23:49:14', 1),
	(102, NULL, '2014-08-09 23:49:14', 1),
	(103, NULL, '2014-08-09 23:49:14', 1),
	(104, NULL, '2014-08-09 23:49:14', 1),
	(105, NULL, '2014-08-09 23:49:14', 1),
	(106, NULL, '2014-08-09 23:49:15', 1),
	(107, NULL, '2014-08-09 23:49:15', 1),
	(108, NULL, '2014-08-09 23:49:15', 1),
	(109, NULL, '2014-08-09 23:49:15', 1),
	(110, NULL, '2014-08-09 23:49:15', 1),
	(111, NULL, '2014-08-09 23:49:15', 1),
	(112, NULL, '2014-08-09 23:49:15', 1),
	(113, NULL, '2014-08-09 23:49:15', 1),
	(114, NULL, '2014-08-09 23:49:15', 1),
	(115, NULL, '2014-08-09 23:49:15', 1),
	(116, NULL, '2014-08-09 23:49:15', 1),
	(117, NULL, '2014-08-09 23:49:15', 1),
	(118, NULL, '2014-08-09 23:49:15', 1),
	(119, NULL, '2014-08-09 23:49:15', 1),
	(120, 'SEXY HOT', '2014-08-18 14:45:40', 1),
	(121, 'Carbogel', '2014-08-18 14:46:12', 1),
	(122, 'Harmony', '2014-08-18 15:35:48', 1),
	(123, 'PlayGirl', '2014-08-18 14:41:17', 1),
	(124, 'Sempre Bella', '2014-08-18 14:42:32', 1),
	(125, 'DIRAS', '2014-08-18 14:43:13', 1),
	(126, 'Sexy Ball', '2014-08-18 15:02:25', 1),
	(127, 'PIPEDREAM', '2014-08-18 15:10:49', 1),
	(128, 'Vibo', '2014-09-04 10:35:47', 1),
	(129, 'Eva Collection', '2014-12-08 11:23:32', 1),
	(130, 'Tenga', '2014-12-08 17:13:02', 1);
/*!40000 ALTER TABLE `marca` ENABLE KEYS */;


-- Copiando estrutura para tabela sedaerot_loja.produto
CREATE TABLE IF NOT EXISTS `produto` (
  `produtoId` int(11) NOT NULL AUTO_INCREMENT,
  `mMarcaId` int(11) NOT NULL,
  `mSubcategoriaId` int(11) NOT NULL DEFAULT '0',
  `codigoProduto` varchar(45) DEFAULT NULL,
  `titulo` varchar(45) DEFAULT NULL,
  `descricao` text,
  `dtCadastro` timestamp NULL DEFAULT CURRENT_TIMESTAMP,
  `dtAutualizacao` timestamp NULL DEFAULT NULL,
  `status` int(11) DEFAULT '1',
  `valor` double DEFAULT NULL,
  `valorOriginal` double DEFAULT NULL,
  `quantidade` int(11) DEFAULT NULL,
  `quantidadeMinima` int(11) DEFAULT NULL,
  `peso` decimal(20,2) DEFAULT NULL,
  `destaque` int(11) DEFAULT NULL,
  `informacao` text,
  `desconto` double DEFAULT NULL,
  `flPromocao` int(11) DEFAULT '0',
  `flLancamento` int(11) DEFAULT '0',
  `altura` float(20,2) DEFAULT '0.00',
  `largura` float(20,2) DEFAULT '0.00',
  `comprimento` float(20,2) DEFAULT '0.00',
  `tamanho` varchar(50) DEFAULT NULL,
  `infotecnica` text,
  PRIMARY KEY (`produtoId`),
  KEY `fk_produto_marca1_idx` (`mMarcaId`),
  CONSTRAINT `fk_produto_marca1` FOREIGN KEY (`mMarcaId`) REFERENCES `marca` (`marcaId`) ON DELETE CASCADE ON UPDATE NO ACTION
) ENGINE=InnoDB AUTO_INCREMENT=582 DEFAULT CHARSET=utf8;

-- Copiando dados para a tabela sedaerot_loja.produto: ~502 rows (aproximadamente)
/*!40000 ALTER TABLE `produto` DISABLE KEYS */;
INSERT INTO `produto` (`produtoId`, `mMarcaId`, `mSubcategoriaId`, `codigoProduto`, `titulo`, `descricao`, `dtCadastro`, `dtAutualizacao`, `status`, `valor`, `valorOriginal`, `quantidade`, `quantidadeMinima`, `peso`, `destaque`, `informacao`, `desconto`, `flPromocao`, `flLancamento`, `altura`, `largura`, `comprimento`, `tamanho`, `infotecnica`) VALUES
	(1, 10, 0, '170213', 'Pó Mágico da Bruxinha', 'Pó Mágico da Bruxinha - Loka Sensação', '2014-08-01 15:51:04', NULL, 1, 3.3, NULL, 37, 5, 0.01, 1, 'Pó Mágico Da Bruxinha é um energético em pó para misturar na bebida e deixar sua parceira(o) com muito mais tesão. Proporciona também mais energia para a hora da transa.<br /><br />\r\nObs: Cores sortidas, sem opção de escolha.<br /><br />\r\nContém: 2gr de pó.<br /><br />\r\nSugestão de uso: Tomar com água, sucos ou bebidas destiladas. Não misturar a bebidas gaseificadas como refrigerantes e cervejas. <br /><br />\r\nComposição: Ervas, raízes e pó de 5 produtos naturais (guaraná, catuaba, marapuama, noz de cola e pfaffia).<br /><br />\r\n', 0, NULL, NULL, 2.50, 4.00, 8.50, '', ''),
	(3, 12, 0, '313758', 'Bolinhas Funcionais', 'Bolinhas Funcionais 50 Tons de Cinza - 2 Unid', '2014-08-01 16:09:04', NULL, 1, 5.9, NULL, 10, 3, 0.01, NULL, 'Bolinha Funcional 50 Tons De Cinza, é um óleo que aumenta a sensibilidade, estimulando a circulação sanguinea da região e ao mesmo tempo remete as sensações "Esquenta, Esfria e vibra com uma forte intensidade", consequentemente aumentando o desejo do prazer.<br />\r\n<br />\r\nIndicada para uso Anal ou Vaginal<br />\r\n<br />\r\nContém: 2 Unidades. <br />\r\n<br />\r\nAtenção:<br />\r\nPor se tratar de produto com base de gelatina, é necessário o cuidado com o armazenamento, o produto ficando exposto a altas e baixas temperaturas, poderá sofrer alterações em suas características (cor, tamanho e formato), porém, sem perder sua funções. O produto armazenado em local com excesso de umidade ou em ambiente sem ventilação poderá sofrer problemas de bolor (mofo), como qualquer outro produto com base alimentícia, onde não nos responsabilizamos pelo mesmo.<br />\r\n', 0, NULL, NULL, 2.50, 2.50, 5.00, '', ''),
	(4, 123, 0, '22LS102', 'Algema', 'Algema Fetiche Dourada - em corino', '2014-08-09 23:49:14', NULL, 1, 16.7, NULL, 1, 1, 0.05, NULL, 'Curta a arte do sado, ou curta uma brincadeira sensual e exótica com seu parceiro. Com essas incríveis algemas para seu fetiche. <br />\r\n<br />\r\nMaterial em Corino<br />\r\n<br />\r\n', 0, NULL, NULL, 0.50, 18.00, 30.00, '', ''),
	(5, 123, 0, '22LS106', 'Algema', 'Algema Fetiche Tigrada - em corino', '2014-08-09 23:49:14', NULL, 1, 16.7, NULL, 3, 1, 0.04, NULL, 'Algema Fetiche - TIGRADA. Confeccionado com material em corino. Tudo para seu fetiche ser completo. ', 0, NULL, NULL, 0.50, 19.50, 30.00, '', NULL),
	(6, 123, 0, '22LS060S', 'Algema', 'Algema em Metal com capa em Pelúcia Oncinha', '2014-08-09 23:49:14', NULL, 1, 38.7, NULL, 2, 1, 0.23, NULL, 'Aliando conforto e estilo, as algemas em zamak com pelúcia são firmes, mas macias e sofisticadas. Acompanha chaves e trava anti-pânico.', 0, NULL, NULL, 2.50, 16.00, 30.00, '', 'Material: Pelúcia, Nylon, Vinil e Metal Peso: 180 gr Cor: Oncinha Embalagem: Blister PET'),
	(7, 123, 0, '22LS023S', 'Algema', 'Algema em Metal Niquelada - Puro Fetiche', '2014-08-09 23:49:14', NULL, 1, 36.4, NULL, 2, 1, 0.22, NULL, 'Algema de metal niquelada super resistente.    Para suas fantasias de "bondage" (imobilização). Estas algemasde metal niquelada super resistente, com chaves e que funcionam como as verdadeiras, porém com travas de segurança para evitar acidentes.', 0, NULL, NULL, 2.50, 15.00, 30.00, '', 'Material: Metal Peso: 160 gr Cor: Niquelado Embalagem: Blister PET'),
	(8, 24, 0, '22BI0048', 'Algema PLAISIR NACRÉ', 'Algema Erótica peroladas - PLAISIR NACRÉ', '2014-08-09 23:49:14', NULL, 1, 143, NULL, 1, 1, 0.10, NULL, 'Este produto é uma algema de luxo perolada, muito linda e sofisticada. <br />\r\nGaranta uma relação imaginativa e inusitada com o parceiro, através deste acessório que reúne muitos requintes e bom gosto.<br />\r\nÉ muito confortável e segura.', 0, NULL, NULL, 3.50, 12.50, 12.50, '', 'Marca: Bijoux Indiscrets Imprtador: EROS Imp. Exp. Ltda                      Pais de Origem: Espanha'),
	(9, 8, 0, '13ADAO14V', 'Anel Companheiro 11 x 2,5cm', 'Anel Companheiro com vibro - cor pele - 11 x 2,5cm', '2014-08-09 23:49:14', NULL, 1, 31.5, NULL, 3, 2, 0.14, NULL, 'Os anéis com prótese companheiro quando colocado na base de um pênis com proporções próximas as de um pênis real, simulam uma perfeita dupla penetração, ela é considerada uma das maiores fantasias femininas.<br />\r\nO Anel companheiro com vibrador tem a Função de massagear a parceira durante a penetração, segurar a ereção e retardar a ejaculação. <br />\r\n<br />\r\nRestrição de Uso: Não podem ser utilizados por mais de 30 minutos corridos pois podem prejudicar o pênis', 0, NULL, NULL, 6.00, 13.00, 23.00, '', 'Cuidados: Lavar antes e após o manuseio com água e sabão neutro.  Cor: Pele       Material: PVC Atóxico flexivel Vibrador: Torpedo 5,5cm de comprimento (acompanha baterias) Tamanho: 11 x 2,5 cm Embalagem: Blister PET'),
	(10, 8, 0, '13AC005T', 'Anel Oriental', 'Anel Oriental com Plug em Silicone - Transparente', '2014-08-09 23:49:14', NULL, 1, 12.3, NULL, 2, 2, 0.03, NULL, 'Anel Oriental com Plug.                                     <br />\r\nAnel massageador usado durante a relação para massagear a vulva e estimular o clitoris com plug para penetração anal                                                           Um anel massageador flexível que, quando colocado na base do pênis ou vibrador, além de estimular a vulva e o clitoris durante a relação sexual com seu relevo de cerdas macias, tem um fino plug para penetração anal simultânea', 0, NULL, NULL, 5.00, 5.50, 14.00, '', 'Cuidados: Lavar antes e após o manuseio com água e sabão neutro.Não compartilhe deste produto com outros parceiros. Origem: Nacional. Cor: Transparente. Dimensões: 50x130x0 int. 25mm. Material: Elastômero. Embalagem: Caixa'),
	(11, 8, 0, '13EVA252', 'Anel Vibratório', 'Anel Vibratório com Massageador Leãozinho', '2014-08-09 23:49:14', NULL, 1, 14.3, NULL, 5, 2, 0.02, NULL, 'Este leãozinho “feroz” enlouquece as mulheres, porque tem na cabeça uma mini cápsula vibratória de 4 cm que estimula o clitóris, desde que este anel em silicone esteja bem localizado na base do pênis do parceiro ou em vibrador personal. <br />\r\nE eles também ganham em vibração e simultaneamente podem segurar a ereção e retardar a ejaculação. <br />\r\nÉ reutilizável (não descartável)  desde que o cuidados com a higiene sejam observados como lavar antes e após o manuseio com água e sabão. <br />\r\nVem embalado em uma graciosa caixinha e permite trocar as baterias.                    <br />\r\n<br />\r\nModo de Usar: Antes de usá-lo, passe um pano úmido e limpe com sabonete antibactericida. <br />\r\nEvite o contato da água com o compartimento das pilhas. <br />\r\nSeque com papel toalha descartável ou deixe secar naturalmente (para maior durabilidade do produto, este processo deve ser repetido após cada uso).<br />\r\nAbra a tampa do controle do produto, coloque as baterias. Feche a tampa. Aperte o botão para ligar e sentir a intensidade da vibração<br />\r\n', 0, NULL, NULL, 2.50, 6.50, 9.00, '', 'Contém: Magic Ring Composição: PVC Validade: válido por prazo indeterminado Restrições de Uso- Antes de utilizar consulte o seu médico ginecologista. Não nos responsabilizamos pelo mau uso do produto.- Pessoas alérgicas não devem usar o produto. Não use o produto em regiões com inflamações, inchaços ou lacerações.'),
	(12, 25, 0, '21KS008', 'Baralho Kama Sutra', 'Baralho Kama Sutra com 52 posições ', '2014-08-09 23:49:14', NULL, 1, 15.3, NULL, 2, 1, 0.08, NULL, 'Com nova embalagem e melhor acabamento, o Baralho Kama Sutra da Adão e Eva torna um simples jogo de cartas uma sugestiva partida de novas possibilidades para a relação a dois. <br />\r\nSão 52 fotos de posições originais do Livro Kama sutra, com naipes e números onde você pode jogar qualquer tipo de jogo de cartas que não precise de Coringa. <br />\r\neito em papel de ótima qualidade é ideal para dar de presente.', 0, NULL, NULL, 2.50, 6.00, 11.50, '', 'Os baralhos e jogos da Adão e Eva são feitos em papel de ótima qualidade com fotos de alta qualidade de modelos e do elenco das produtoras de cinema adulto Explicita Vídeo e Ícaro Stúdios. Vem embalados em práticas caixinhas displays. Medidas: 9,0 x 6,0 x 2,5 cm (embalagem) contem 52 cartas.   Origem: Nacional (Exclus. Adão & Eva)  Embalagem: Nova caixa personalizada '),
	(13, 25, 0, '21KS013', 'Baralho Kama Sutra Desenho', 'Baralho Kama Sutra com 52 posições - Desenho', '2014-08-09 23:49:14', NULL, 1, 15.3, NULL, 3, 1, 0.08, NULL, 'Com nova embalagem e melhor acabamento, o Baralho Kama Sutra (Desenho) da Adão e Eva torna um simples jogo de cartas uma sugestiva partida de novas possibilidades para a relação a dois. <br />\r\nSão 52 fotos de posições ilustrado originais do Livro Kama sutra, com naipes e números onde você pode jogar qualquer tipo de jogo de cartas que não precise de Coringa. <br />\r\nFeito em papel de ótima qualidade é ideal para dar de presente.', 0, NULL, NULL, 2.50, 6.00, 11.50, '', 'Os baralhos e jogos da Adão e Eva são feitos em papel de ótima qualidade com fotos de alta qualidade de modelos e do elenco das produtoras de cinema adulto Explicita Vídeo e Ícaro Stúdios. Vem embalados em práticas caixinhas displays. Medidas: 9,0 x 6,0 x 2,5 cm (embalagem) contem 52 cartas.   Origem: Nacional (Exclus. Adão & Eva)  Embalagem: Nova caixa personalizada '),
	(14, 26, 0, '825192M', 'Body', 'Body Malu Sapeka - Vermelho - M', '2014-08-09 23:49:14', NULL, 1, 69, NULL, 1, 1, 0.07, NULL, 'Body sensual confeccionado em renda e tule, garante ainda mais beleza para suas curvas. Este body possui um excelente ajuste ao corpo, pois é uma peça com bastante elasticidade.<br />\r\n', 15, 1, NULL, 2.00, 18.00, 22.00, 'M', ''),
	(15, 26, 0, '825192G', 'Body', 'Body Malu Sapeka - Vermelho - G', '2014-08-09 23:49:14', NULL, 1, 69, NULL, 1, 1, 0.07, NULL, 'Body sensual confeccionado em renda e tule. Não acompanha Meia 7/8 e persex. O Body Malu garante ainda mais beleza para suas curvas. Este body possui um excelente ajuste ao corpo, pois é uma peça com bastante elasticidade.', 15, NULL, NULL, 2.00, 18.00, 22.00, 'G', ''),
	(16, 26, 0, '825273U', 'Body', 'Body Madam Sapeka - Branco - Único ', '2014-08-09 23:49:14', NULL, 1, 102, NULL, 2, 1, 0.07, NULL, 'Body sensual confeccionado em renda com aplique de borboleta.O body possui bojo de espuma, fecho com três regulagens na parte de trás da peça e na calcinha tirinhas laterais em cetim para serem amarradas.', 20, 1, NULL, 2.00, 18.00, 22.00, 'U', 'A calcinha do body possui forro 100% algodão.              Tamanho único, veste do manequim 38 ao 42'),
	(17, 27, 0, '821054G', 'Body', 'Body em tule, renda, bojo bolha - Branco - G', '2014-08-09 23:49:14', NULL, 1, 68, NULL, 1, 1, 0.08, NULL, 'Body em tule trabalhado em renda com bojo bolha e laço em cetim com strass Elah Lingerie Body.            Laço em cetim com strass. Possui alça regulavem com jóia e strass.', 0, NULL, NULL, 5.00, 19.00, 29.00, 'G', 'Composição:                          85% Poliamida 15% Elastano Bojo: 60% Poliuretano,40% Poliéster.                     Renda:90,7 Poliamida 9,3% Elastano                         Forro:100% Algodão'),
	(18, 26, 0, '825230U', 'Body', 'Body Sexy Strass - Preto - Único ', '2014-08-09 23:49:14', NULL, 1, 117, NULL, 2, 1, 0.14, NULL, 'Body fio dental, super sensual, possui bordado em guipir no busto, aro e strass nas alças, acompanha luva. NÃO ACOMPANHA NIPPLE COVER, Fecho na parte de trás da peça com 3 regulagens, Tamanho Único, veste do manequim 38 ao 42', 0, NULL, NULL, 2.00, 19.00, 29.00, 'U', '-Bordado em guipir no busto   - Aro e Strass nas alças         - Fecho com 3 regulagens     - Veste do Manequim 38 ao 42'),
	(19, 8, 0, '19AC009', 'Bolinhas Tailandesas', 'Bolinhas Tailandesas Grande - Cores Variadas', '2014-08-09 23:49:14', NULL, 1, 11.9, NULL, 1, 3, 0.07, NULL, 'Cinco esferas em resina polida (importada), com cordão em silicone e argola em plástico, totalmente higiênica e atóxica.                    <br />\r\nNos tempos antigos, as praticantes de pompoarismo utilizavam seus próprios colares de pérolas ou outros materiais para exercitar a coordenação motora dos anéis vaginais. <br />\r\nPara compor o moderno cordão de bolinhas tailandesas, a Adão e Eva importa cinco esferas em resina polida. <br />\r\nE para torna-lo higiênico e atóxico ata-as em fio flexível de silicone e argola de segurança em plástico, facilitando a higiene e aumentando a vida útil do produto. <br />\r\nO cordão de bolinhas tailandesas grande é ideal para as praticantes iniciantes que ainda estão apreendendo sua consciência corporal.', 0, NULL, NULL, 3.00, 12.50, 18.50, '', 'Cuidados: Lavar antes e após o manuseio com água e sabão neutro. Não compartilhe deste produto com outros parceiros. Aconselhável o uso lubrificantes. Medidas: 5 esferas grades 2,5 cm de diâmetro Origem: Adão & Eva (Fabricante)       Cor: Diversas Material: Resina Polida Embalagem: Blister PET'),
	(20, 126, 0, '31CO365', 'Bolinhas Explosivas', 'Bolinhas Explosivas com 3 unidades', '2014-08-09 23:49:14', NULL, 1, 7.9, NULL, 2, 1, 0.03, NULL, 'São cápsulas de óleos essências com os mais delicados perfumes que excitam e umidificam, se dissolvem com o calor podendo ser estouradas no corpo e utilizadas como óleos de massagem corporal, tudo para que sua relação seja muito mais agradável e prazerosa.<br />\r\nContém 03 Unidades  <br />\r\nEmbalagem de PVC lacrada.', 20, 1, NULL, 3.00, 4.00, 4.00, '', ''),
	(21, 127, 0, '104PD354200', 'Boneca Inflável', 'Boneca Inflável c/ 3 oríficios - PARIS LOVE DOLL', '2014-08-09 23:49:14', NULL, 1, 203, NULL, 2, 1, 0.40, NULL, 'Esta é a boneca inflável Super Estrela, desenvolvida para agradar e satisfazer qualquer homem. <br />\r\nEla possui 3 orifícios, um grande diferencial que atrai cada vez mais homens, pois quanto mais possibilidades de satisfação, maior é sua atratividade e qualidade. <br />\r\nDispõe de muita beleza e detalhes feitos para a máxima satisfação. <br />\r\n<br />\r\nFunções: Masturbação e estimulação<br />\r\n<br />\r\nUsar Lubrificante, ver em: Cosméticos/Lubrificantes.', 0, NULL, NULL, 5.00, 19.00, 30.00, '', 'Marca: pedream Importador:EROS IMP. EXP. LTDA.                                   País de orígem: EUA Validade:Indeterminada Cor:Bege               Material:Vinil                     Peso Bruto na Embalagem:403,00 g Dimensões da Embalagem:19,00 x 5,00 x 25,00 cm (CxLxA)     Dimensões do Produto:56 x 1,6 cm (LxA) Material e Higienização:<br /><br />\r\n<br /><br />\r\nVINIL<br /><br />\r\nComponentes:<br /><br />\r\nComposto de cloro, com base no sal comum, e etileno, do petróleo cru.<br /><br />\r\nPropriedades:<br /><br />\r\nOs materiais de vinil têm uma textura mais sólida e pouca porosidade.<br /><br />\r\nHigiene e Manutenção:<br /><br />\r\nHigienizar o vinil com água fria e sabonete suave, usando um pano macio. Deixar secar naturalmente a sombra. <br /><br />\r\nMantenha-o em local seco, freso e ao abrigo da luz.<br /><br />\r\nLubrificantes:<br /><br />\r\nÀ base de silicone, água<br /><br />\r\nMaterial e Higienização:<br /><br />\r\n<br /><br />\r\nVINIL<br /><br />\r\nComponentes:<br /><br />\r\nComposto de cloro, com base no sal comum, e etileno, do petróleo cru.<br /><br />\r\nPropriedades:<br /><br />\r\nOs materiais de vinil têm uma textura mais sólida e pouca porosidade.<br /><br />\r\nHigiene e Manutenção:<br /><br />\r\nHigienizar o vinil com água fria e sabonete suave, usando um pano macio. Deixar secar naturalmente a sombra. <br /><br />\r\nMantenha-o em local seco, freso e ao abrigo da luz.<br /><br />\r\nLubrificantes:<br /><br />\r\nÀ base de silicone, água<br /><br />\r\n'),
	(22, 8, 0, '11MAS17', 'Borboleta Magica', 'Borboleta Magica Em Cyberskin', '2014-08-09 23:49:14', NULL, 1, 64.9, NULL, 4, 1, 0.13, NULL, 'A Borboleta Mágica em CyberSkin foi desenvolvida especialmente para mulheres que querem expandir suas sensações e fantasias.<br /><br />\r\nEsse dispositivo único de prazer pode ser usado em qualquer lugar e nas mais inusitadas situações, proporcionando máxima liberdade de uso mesmo em público com total discrição, ou ainda para ser usado a dois. Entregue o controle remoto nas mãos do seu parceiro e deixe que ele controle a intensidade da vibração. A borboleta mágica encaixa confortavelmente e se ajusta ao redor das suas pernas com suas alças elásticas ajustáveis. Restrições de Uso: Antes de utilizar consulte o seu médico ginecologista. Não nos responsabilizamos pelo mau uso do produto. Pessoas alérgicas ao elastômero não devem usar o produto. Não use o produto em regiões com inflamações, inchaços ou lacerações.<br /><br />\r\nModo de Usar: Abra a caixa,retire a sua Borboleta mágica. Antes de usá-lo pela primeira vez, passe um pano umido e limpe com sabonete antibacteriano. Evite o contato da água com o vibrador e com o compartimento das pilhas. Seque com papel toalha descartável ou deixe secar naturalmente (para maior durabilidade do produto, este processo deve ser repetido após cada uso).<br /><br />\r\nAbra a tampa controle do produto, Coloque 2 pilhas AA alcalinas novas (não inclusas). Feche a tampa. Gire o botão redondo no sentido horário para ligar, aumentar e controlar a intensidade da vibração.<br /><br />\r\nPara melhor conservação do CyberSkin, após usar e lavar o produto com sabonete antibacteriano, passe um pouco de talco. Esse procedimento manterá o CyberSkin em seu formato original por mais tempo.<br /><br />\r\n<br />\r\n', 0, NULL, NULL, 5.00, 12.00, 14.50, '', 'Composição: Elastômero (borboleta) ABS (vibrador) e Elastano.<br /><br />\r\nVálido por prazo indeterminado.<br /><br />\r\nFabricado por: ATLANTIS INDUSTRIA E COMERCIO DE ARTEFATOS <br /><br />\r\nPLASTICOS LTDA EPPCNPJ. 11.423.788/0001-65<br /><br />\r\n'),
	(23, 8, 0, '17MAS06', 'Borboleta Mágica', 'Borboleta Mágica - Butterfly Estimulador Feminino', '2014-08-09 23:49:14', NULL, 1, 55.8, NULL, 3, 2, 0.13, NULL, 'Masturbador feminino ou estimulador em formato de borboleta, vibrador multi-velocidade com mini pênis. O corpo dessa borboleta que fica em contato direto com o clitoris é recheado com uma cápsula vibratória potente e com multi-velocidade acionada por controle remoto com fio.<br /><br />\r\nEstimulador ou Butterfly com mini pênis.<br /><br />\r\nNão acompanha pilha<br /><br />\r\nVibrador Multi-velocidade<br /><br />\r\nCor: Rosa<br /><br />\r\n', 0, NULL, NULL, 5.00, 12.00, 14.50, '', 'Material: PVC Atóxico<br /><br />\r\nEmbalagem: Caixa<br /><br />\r\n <br /><br />\r\nProduto Nacional<br /><br />\r\n'),
	(24, 28, 0, '32CO146', 'Calcinha Ai, Delicia', 'Calcinha Ai, Delicia Morango Coméstivel', '2014-08-09 23:49:14', NULL, 1, 19.9, NULL, 3, 1, 0.03, NULL, 'Ai, Delícia! - Morango<br /><br />\r\nPara a mulher sedutora e ousada.<br /><br />\r\nCalcinha produzida em gelatina solúvel, com aromas e sabores deliciosos! <br /><br />\r\nCom tiras ajustáveis que vestem manequins do P ao G. <br /><br />\r\nTamanho único,<br /><br /><br />\r\n', 0, NULL, NULL, 0.50, 15.00, 24.00, 'U', 'Erokit Love'),
	(25, 29, 0, '32CO14702', 'Calcinha Perfumada', 'Calcinha Perfumada Delirius Plus - Aroma Uva', '2014-08-09 23:49:14', NULL, 1, 9.9, NULL, 2, 1, 0.02, NULL, 'Calcinhas Perfumada Delírius Plus - Aroma Uva<br />\r\n <br />\r\nA Cada caixinha uma nova e incrível surpresa. Complemente sua relação com os melhores aromas disponíveis para apimentar a sua relação.<br />\r\n<br />\r\nContém 01 Unidades<br />\r\n<br />\r\nAroma de Uva<br />\r\n<br />\r\nAs cores e os Desenhos das Calcinhas podem Variar.<br />\r\n', 0, NULL, NULL, 3.50, 6.00, 5.00, 'U', ''),
	(26, 120, 0, '32CO265', 'Calcinha Solúvel', 'Calcinha Solúvel - O Gato Comeu - Morango', '2014-08-09 23:49:14', NULL, 1, 27.8, NULL, 3, 1, 0.03, NULL, 'Calcinha Solúvel - O Gato Comeu<br /><br />\r\nCadê a calcinha que estava aqui? O gato comeu!<br /><br />\r\nA Sexy Hot trás para você a calcinha solúvel mais bonita, mais moderna e mais gostosa que você já viu!<br /><br />\r\nCom ela você vai ficar irresistível e deliciosa, seu gato com certeza vai ficar louco de desejo para sentir o seu sabor.<br /><br />\r\nVista e Comprove!<br /><br />\r\nCalcinha solúvel de fantasia, confeccionada com ingredientes comestíveis.<br /><br />\r\nContém: Uma Calcinha Solúvel - MORANGO<br /><br />\r\nComposição:Gelatina MS538800002001-5, Hidroxipropil, Metil Celulose, tensoativo aniônico, corantes e sabor, sacarina sódica.<br /><br />\r\nNão contém nutrientes.<br /><br />\r\nTamanho: Único.<br /><br />\r\n• Veste PMG<br /><br />\r\n• Cor Rosa<br /><br />\r\n• Não possui soldas ou costuras<br /><br />\r\n• É cortada integralmente esticando e modelando no seu corpo<br /><br />\r\n• Por não ter tiras de amarrar, veste como uma tanga<br /><br />\r\nValidade: 18 meses<br /><br />\r\n <br /><br /><br />\r\nProduto confeccionado artesanalmente, registrado na Associação de Artesões de Ribeirão Preto, dispensado do registro na ANVISA conforme resolução Nº 12 de 02/01/2001.<br /><br /><br />\r\nNa eventual ingestão, o produto não causa irritações ao aparelho digestivo.<br /><br /><br />\r\nFabricado por: CNPJ 62.742.093/0001-87<br /><br /><br />\r\n', 0, NULL, NULL, 0.50, 15.00, 24.00, 'U', ''),
	(27, 120, 0, '32CO266', 'Calcinha Solúvel', 'Calcinha Solúvel - O Gato Comeu - Menta', '2014-08-09 23:49:14', NULL, 1, 27.8, NULL, 3, 1, 0.03, NULL, 'Calcinha Solúvel - O Gato Comeu<br />\r\nCadê a calcinha que estava aqui? O gato comeu!<br />\r\nA Sexy Hot trás para você a calcinha solúvel mais bonita, mais moderna e mais gostosa que você já viu!<br />\r\nCom ela você vai ficar irresistível e deliciosa, seu gato com certeza vai ficar louco de desejo para sentir o seu sabor.<br />\r\nVista e Comprove!<br />\r\nCalcinha solúvel de fantasia, confeccionada com ingredientes comestíveis.<br />\r\n <br />\r\nContém: Uma Calcinha Solúvel - MORANGO<br />\r\nComposição:Gelatina MS538800002001-5, Hidroxipropil, Metil Celulose, tensoativo aniônico, corantes e sabor, sacarina sódica.<br />\r\nNão contém nutrientes.<br />\r\nTamanho: Único.<br />\r\n• Veste PMG<br />\r\n• Cor Rosa<br />\r\n• Não possui soldas ou costuras<br />\r\n• É cortada integralmente esticando e modelando no seu corpo<br />\r\n• Por não ter tiras de amarrar, veste como uma tanga<br />\r\nValidade: 18 meses<br />\r\n <br />\r\nProduto confeccionado artesanalmente, registrado na Associação de Artesões de Ribeirão Preto, dispensado do registro na ANVISA conforme resolução Nº 12 de 02/01/2001.<br />\r\nNa eventual ingestão, o produto não causa irritações ao aparelho digestivo.<br />\r\nFabricado por: CNPJ 62.742.093/0001-87<br />\r\n', 0, NULL, NULL, 0.50, 15.00, 24.00, 'U', ''),
	(28, 8, 0, '14AC016', 'Capa Peniana', 'Capa Peniana Extensora em Silicone - 14cm', '2014-08-09 23:49:14', NULL, 1, 23.4, NULL, 2, 2, 0.07, NULL, 'As Capas penianas, estimulam o canal vaginal durante a penetração. <br />\r\nFeita em elastômero, a Capa Extensora se adapta a qualquer tamanho de pênis ou vibrador personal por ser flexivel e elástica.<br />\r\nTransparente, ela tem ainda na ponta, um volume a mais para dar maior comprimento ao pênis.<br />\r\nSeu corpo com relevo de cerdas ultramacias estimulam todo o canal vaginal durante a relação.<br />\r\n <br />\r\nModo de usar: vista a capa no local desejado e use para estimulação corporal. Higienize antes e após o uso com sabonete antibacteriano e seque com uma toalha de papel.<br />\r\n <br />\r\nPrecauções: Para evitar lesões ou agravamento de condições pré-existentes, não use em áreas inflamadas, irritadas, inchadas ou com lacerações.<br />\r\nEm caso de irritação suspenda o uso e  procure um médico.<br />\r\nPessoas alérgicas ao elastômero não devem usar o produto<br />\r\n', 0, NULL, NULL, 6.50, 11.00, 25.00, '', 'Composição: Elastômero atóxico<br />\n <br />\nContém: 01 unidade<br />\n <br />\nValidade: indeterminada<br />\n <br />\nGarantia: 3 meses<br />\n <br />\nEste produto não deve ser usado como preservativo.<br />\nFaça sexo seguro, use camisinha.<br />\n'),
	(29, 8, 0, '14AC067P', 'Capa Peniana', 'Capa Peniana Texturizada - Fume - 17cm', '2014-08-09 23:49:14', NULL, 1, 28.4, NULL, 2, 1, 0.08, NULL, 'Capa peniana que mede aproximadamente 17cm, deixa seu penis mais largo, além de ter no seu exterior textura massageadora e extimuladora.<br />\r\nEsta capa tem o diferencial de brilhar no escuro, basta colocar o produto exposto à luz por 10 segundos antes de apagar a luz e depois é só vestir.<br />\r\nCuidados: Este material não substitui o Preservativo. <br />\r\nLavar antes e após o manuseio com água e sabão neutro ou Toy Cleaner. <br />\r\nNão compartilhe deste produto com outros parceiros.<br />\r\nAconselhável o uso Lubrificantes<br />\r\n', 0, NULL, NULL, 5.00, 11.00, 25.50, '', 'Medidas: 17x4 cm(total)<br />\nOrigem: Nacional<br />\nCor: Translucido / Fumê<br />\nMaterial: Elastomero<br />\nEmbalagem: Blister PET  <br />\nFabricante: Adão e Eva<br />\n'),
	(30, 8, 0, '14AC029B', 'Capa Peniana', 'Capa Peniana em PCV com Elástico - 16cm', '2014-08-09 23:49:14', NULL, 1, 21.3, NULL, 3, 1, 0.11, NULL, 'Capa peniana em PVC com elástico 16 cm <br />\r\n <br />\r\nEsta capa peniana em PVC possui diversos tamanhos, de material flexível e macio,  aceita vários tamanhos de vibradores ou próteses penianas. O elástico garante maior segurança e liberdade para aproveitar os movimentos da penetração.<br />\r\n <br />\r\nCuidados: Este material não substitui o preservativo. Lavar antes e após o manuseio com água e sabão neutro. Não compartilhe deste produto com outros parceiros.<br />\r\nAconselhável o uso lubrificantes.<br />\r\n<br />\r\n', 0, NULL, NULL, 3.00, 15.50, 30.00, '', 'Origem: Adão & Eva (Fabricante) <br />\nCor: Diversas<br />\nMaterial: PVC flexível e fita elástica.<br />\nTamanho: 16 x 4 centímetros<br />\nEmbalagem: Solapa e saco plástico<br />\n'),
	(31, 8, 0, '14AC029C', 'Capa Peniana', 'Capa Peniana em PCV com Elástico - 20cm', '2014-08-09 23:49:14', NULL, 1, 21.3, NULL, 3, 1, 0.11, NULL, 'Capa peniana em PVC com elástico 20 cm <br />\r\n <br />\r\nEsta capa peniana em PVC possui diversos tamanhos, de material flexível e macio,  aceita vários tamanhos de vibradores ou próteses penianas. O elástico garante maior segurança e liberdade para aproveitar os movimentos da penetração.<br />\r\n <br />\r\nCuidados: Este material não substitui o preservativo. Lavar antes e após o manuseio com água e sabão neutro. Não compartilhe deste produto com outros parceiros.<br />\r\nAconselhável o uso lubrificantes.<br />\r\n', 0, NULL, NULL, 6.00, 15.00, 30.00, '', 'Origem: Adão & Eva (Fabricante) <br /><br />\r\nCor: Diversas<br /><br />\r\nMaterial: PVC flexível e fita elástica.<br /><br />\r\nTamanho: 20 x 4,5 centímetros<br /><br />\r\nEmbalagem: Solapa e saco plástico<br /><br />\r\n'),
	(32, 8, 0, '31CO026', 'Cápsulas', 'Kit com 4 Cápsulas - Aromas Sortidos', '2014-08-09 23:49:14', NULL, 1, 9.8, NULL, 8, 3, 0.04, NULL, 'Para trazer ares sofisticados a uma noite quente de amor, as cápsulas de óleo corporal da Adão e Eva trazem perfumes contratipos de consagradas marcas como Dolce&Cabana, Georgio Armani e Gabriela Sabatine, entre outros e agora contam com 5 novos aromas beijáveis: uva, morango, menta, chocolate e leite condensado .<br />\r\n<br />\r\nA cápsula de gelatina dissolve rapidamente em contato com o calor do corpo  e não deixa resíduos.<br />\r\n', 0, NULL, NULL, 3.50, 5.50, 5.50, '', 'Origem: Nacional, Adão & Eva<br />\nEmbalagem: Frasco acrílico<br />\nMedidas: Contem 4 unidades de bolinha<br />\nFragrância: Surtida entro os aromas, CK One. Dolce & Gabbana. Lê Male. kaiak. Ck Be. Georgio Armani. Gabriela Sabatini. Happy. Chocolate. Chanpagne com morango.<br />\nCor: Diversas<br />\nModo de uso: Passe essa deliciosa fragrância desses óleos de banho a qualquer hora do dia após o banho ou antes de deitar, despertará o libido do sexo feminino.<br />\nPrecauções: Manter em lugar fresco ao abrigo do calor e da luz intensa.<br />\nComposição: Essência, Irgassan DP-300, Miristrato de isopropila e óleo mineral.<br />\nValido 24 meses as data de fabricação.<br />\n <br />\nINDÚSTRIA BRASILEIRA<br />\nRes. 343/05 Aut.Funcionamento 2-03676-2<br />\nCRQ-IV 004350410<br />\n'),
	(33, 8, 0, '31CO025', 'Cápsulas', 'Cápsula Dourada - 1 unid.- Adão e Eva', '2014-08-09 23:49:14', NULL, 1, 2.9, NULL, 2, 3, 0.01, NULL, 'Para trazer ares sofisticados a uma noite quente de amor, as cápsulas de óleo corporal trazem perfumes contratipos de consagradas marcas como Dolce&Cabana, Georgio Armani e Gabriela Sabatine, entre outros.<br /><br />\r\nA cápsula de gelatina dissolve rapidamente em contato com o calor do corpo  e não deixa resíduos<br /><br /><br />\r\n', 0, NULL, NULL, 3.50, 2.50, 3.50, '', 'Origem: Nacional, Adão & Eva<br /><br /><br />\r\nEmbalagem: Frasco acrílico<br /><br /><br />\r\nMedidas: Contem 1 unidades de bolinha<br /><br /><br />\r\nFragrância: Inspirado no perfume Happy<br /><br /><br />\r\nCor: Dourado<br /><br /><br />\r\nModo de uso: Passe essa deliciosa fragrância desses óleos de banho a qualquer hora do dia após o banho ou antes de deitar, despertará o libido do sexo feminino.<br /><br /><br />\r\nPrecauções: Manter em lugar fresco ao abrigo do calor e da luz intensa.<br /><br /><br />\r\nComposição: Essência, Irgassan DP-300, Miristrato de isopropila e óleo mineral.<br /><br /><br />\r\nValido 24 meses as data de fabricação.<br /><br /><br />\r\n <br /><br /><br />\r\nINDÚSTRIA BRASILEIRA<br /><br /><br />\r\nRes. 343/05 Aut.Funcionamento 2-03676-2<br /><br /><br />\r\nCRQ-IV 004350410<br /><br /><br />\r\n'),
	(34, 8, 0, '31CO017', 'Cápsulas', 'Kit com 8 Cápsulas - Aromas Sortidos', '2014-08-09 23:49:14', NULL, 1, 14.5, NULL, 0, 2, 0.05, NULL, 'Kit com 8 Cápsulas Sortidas <br />\r\nPara trazer ares sofisticados a uma noite quente de amor, as cápsulas de óleo corporal da Adão e Eva trazem perfumes contratipos de consagradas marcas como Dolce&Cabana, Georgio Armani e Gabriela Sabatine, entre outros e agora contam com 5 novos aromas beijáveis: uva, morango, menta, chocolate e leite condensado .<br />\r\nA cápsula de gelatina dissolve rapidamente em contato com o calor do corpo  e não deixa resíduos', 0, NULL, NULL, 4.50, 6.00, 6.00, '', 'Origem: Nacional, Adão & Eva<br /><br /><br /><br />\r\nEmbalagem: Frasco acrílico<br /><br /><br /><br />\r\nMedidas: Contem 8 unidades de bolinha<br /><br /><br /><br />\r\nFragrância: Inspirado no perfume CK One. Dolce & Gabbana. Lê Male. kaiak. Ck Be. Georgio Armani. Gabriela Sabatini. Happy. Chocolate. Chanpagne com morango.<br /><br /><br /><br />\r\nCor: Diversas<br /><br /><br /><br />\r\nModo de uso: Passe essa deliciosa fragrância desses óleos de banho a qualquer hora do dia após o banho ou antes de deitar, despertará o libido do sexo feminino.<br /><br /><br /><br />\r\nPrecauções: Manter em lugar fresco ao abrigo do calor e da luz intensa.<br /><br /><br /><br />\r\nComposição: Essência, Irgassan DP-300, Miristrato de isopropila e óleo mineral.<br /><br /><br /><br />\r\nValido 24 meses as data de fabricação.<br /><br /><br /><br />\r\n<br /><br /><br /><br />\r\nDados Técnicos:<br /><br /><br /><br />\r\n <br /><br /><br /><br />\r\nINDÚSTRIA BRASILEIRA<br /><br /><br /><br />\r\nRes. 343/05 Aut.Funcionamento 2-03676-2<br /><br /><br /><br />\r\nCRQ-IV 004350410<br /><br /><br /><br />\r\nVálido por 36 meses da data de fabricação<br /><br /><br /><br />\r\nOrigem: Nacional, Adão & Eva<br /><br /><br /><br />\r\nEmbalagem: Frasco acrílico<br /><br /><br /><br />\r\nMedidas: Contem 8 unidades de bolinha<br /><br /><br /><br />\r\nFragrância: Inspirado no perfume CK One. Dolce & Gabbana. Lê Male. kaiak. Ck Be. Georgio Armani. Gabriela Sabatini. Happy. Chocolate. Chanpagne com morango.<br /><br /><br /><br />\r\nCor: Diversas<br /><br /><br /><br />\r\nModo de uso: Passe essa deliciosa fragrância desses óleos de banho a qualquer hora do dia após o banho ou antes de deitar, despertará o libido do sexo feminino.<br /><br /><br /><br />\r\nPrecauções: Manter em lugar fresco ao abrigo do calor e da luz intensa.<br /><br /><br /><br />\r\nComposição: Essência, Irgassan DP-300, Miristrato de isopropila e óleo mineral.<br /><br /><br /><br />\r\nValido 24 meses as data de fabricação.<br /><br /><br /><br />\r\n <br /><br /><br /><br />\r\nINDÚSTRIA BRASILEIRA<br /><br /><br /><br />\r\nRes. 343/05 Aut.Funcionamento 2-03676-2<br /><br /><br /><br />\r\nCRQ-IV 004350410<br /><br /><br /><br />\r\n'),
	(35, 8, 0, '23BC001', 'Cartão', 'Cartão - Vivo Arranhado......', '2014-08-09 23:49:14', NULL, 1, 3.3, NULL, 3, 1, 0.01, NULL, 'Cartões Animados<br />\r\nCartões Animados ainda são populares porque dizem algo que Cartão - Vivo arranhado...   <br />\r\n     Mas não largo minha gata!<br />\r\nCartões animados e apimentados, para brincadeiras e tiração de sarro, diversos temas para diversas ocasiões. Este cartão é para declarar que o seu coração é definitivamente domínio da mulher amada<br />\r\nnão conseguimos, de uma maneira surpreendente, meiga ou mesmo engraçada.<br />\r\n', 0, NULL, NULL, 0.50, 11.50, 16.00, '', 'Dados Técnicos:<br />\nOrigem: Nacional (Exclusividade Adão & Eva)<br />\nMaterial: Cartão tríplex 250gr, acabamento em verniz<br />\nAcompanha Envelope<br />\n'),
	(36, 8, 0, '23BC014', 'Cartão', 'Cartão - Vou te dar umas Aulinhas de Inglês.......', '2014-08-09 23:49:14', NULL, 1, 3.3, NULL, 3, 1, 0.01, NULL, 'Cartão – Vou te dar umas aulinhas de inglês....<br />\r\n      Oh, Yes! Oh, God! I Love! Yes! Fuck! Yes!<br />\r\n<br />\r\nCartões animados e apimentados, para brincadeiras e tiração de sarro, diversos temas para diversas ocasiões. Este cartão é para declarar que o seu coração é definitivamente domínio da mulher amada.<br />\r\nCartões Animados<br />\r\nCartões Animados ainda são populares porque dizem algo que não conseguimos, de uma maneira surpreendente, meiga ou mesmo engraçada.<br />\r\n', 0, NULL, NULL, 0.50, 11.50, 16.00, '', 'Origem: Nacional (Exclusividade Adão & Eva)<br />\nMaterial: Cartão tríplex 250gr, acabamento em verniz<br />\nAcompanha Envelope<br />\n'),
	(37, 123, 0, '22LS8260', 'Chicote', 'Chicote Fetiche - Vermelho - 22cm', '2014-08-09 23:49:14', NULL, 1, 9.9, NULL, 2, 1, 0.04, NULL, 'Chicote Fetiche - Vermelho<br />\r\n<br />\r\nCom uma excelente flexibilidade as tiras do chicote fetiche possuem aproximadamente 22cm de comprimento, confeccionadas em polietileno e com um cabo de 10cm de comprimento.<br />\r\n<br />\r\nProduto ideal para realizar suas fantasias e seus fetiches...Leve e Prático !<br />\r\n<br />\r\nContém 01 Unidade<br />\r\n<br />\r\nTamanho: O Cabo possui 10cm de comprimento<br />\r\n                  E as Tiras possuem 22cm. de comprimento.<br />\r\n', 0, NULL, NULL, 2.50, 15.00, 19.50, '', ''),
	(38, 123, 0, '22LS022', 'Chicote', 'Chicote Longo em Courvin, com 9 tiras - 90cm', '2014-08-09 23:49:14', NULL, 1, 29.2, NULL, 3, 1, 0.10, NULL, 'Chicote Fetiche - Vermelho<br />\r\n<br />\r\nCom uma excelente flexibilidade as tiras do chicote fetiche possuem aproximadamente 22cm de comprimento, confeccionadas em polietileno e com um cabo de 10cm de comprimento.<br />\r\n<br />\r\nProduto ideal para realizar suas fantasias e seus fetiches...Leve e Prático !<br />\r\n<br />\r\nContém 01 Unidade<br />\r\n<br />\r\nTamanho: O Cabo possui 10cm de comprimento<br />\r\n                  E as Tiras possuem 22cm. de comprimento.<br />\r\n', 0, NULL, NULL, 6.00, 15.50, 24.00, '', NULL),
	(39, 32, 0, '19AC015', 'Cone para Pompoarismo', 'Cone para Pompoarismo - Marfim 45gr', '2014-08-09 23:49:14', NULL, 1, 19.6, NULL, 4, 1, 0.06, NULL, 'Cone para pompoar  <br /><br />\r\nCone para pompoarismo <br /><br />\r\n Os cones para pompoar foram introduzidos na medicina pelo ginecologista Arnold Kegelem 1950 para tratamento de incontinência urinária e outros males do trato urinário. São cinco pesos diferentes para o treino de força muscular da região pelvica e vaginal. Marfim 45gr, rosa 20gr, amarelo 32gr, azul 70 gr e verde 57gr<br /><br /><br /><br /><br />\r\n', 0, NULL, NULL, 11.00, 5.50, 5.00, '', 'Cuidados: Lavar antes e após o manuseio com água e sabão neutro. Não compartilhe deste produto com outros parceiros.<br /><br /><br /><br /><br />\r\nAconselhável o uso lubrificantes.<br /><br /><br /><br /><br />\r\nMedidas: Cone 5x2 cm<br /><br /><br /><br /><br />\r\nOrigem: Adão & Eva (Fabricante)<br /><br /><br /><br /><br />\r\nCor: Marfim<br /><br /><br /><br /><br />\r\nMaterial: Polímero Plástico (Atóxico)<br /><br /><br /><br /><br />\r\nEmbalagem: Blister PET<br /><br /><br /><br /><br />\r\n'),
	(40, 33, 0, '841261M', 'Conjunto', 'Conjunto c/ detalhes de Estampa e Calcinha Conforto - Branco', '2014-08-09 23:49:14', NULL, 0, 44, NULL, 0, 1, 0.09, NULL, 'Conjunto com Detalhes de Estampa e Calcinha Conforto<br />\r\n<br />\r\nConjunto com Detalhes de Estampa e Calcinha Conforto Soutien Tecido : 82% Poliamida 18% Algodão Bojo : 100% Poliéster Calcinha : Tecido : 82% Poliamida 18% Algodão Forro : 100% Algodão<br />\r\n ', 0, NULL, NULL, 5.00, 16.00, 29.00, 'M', 'Conjunto com Detalhes de Estampa e Calcinha Conforto<br />\n<br />\nSoutien <br />\n<br />\nTecido :<br />\n82% Poliamida<br />\n18% Algodão<br />\n<br />\nBojo :<br />\n100% Poliéster<br />\n<br />\nCalcinha :<br />\n<br />\nTecido :<br />\n82% Poliamida<br />\n18% Algodão<br />\n<br />\nForro :<br />\n100% Algodão<br />\n'),
	(41, 125, 0, '84194G', 'Conjunto', 'Conjunto em Microfibra e Renda, calcinha Calesson - Onça', '2014-08-09 23:49:14', NULL, 1, 49, NULL, 0, 1, 0.09, NULL, 'Conjunto em microfibra e renda, sutian e calcinha calesson - Diras Sutiã: Em microfibra lateral em renda. Possui alças reguláveis, fecho regulavel 2 niveis. Calcinha: Modelo calesson com renda e microfibra. Composição: 84% Poliamida 16% Elastano Forro 100% Algodão                                                                                                                                                                               Conjunto em microfibra e renda, sutian e calcinha calesson - Diras<br /><br />\r\n<br /><br />\r\nSutiã: Em microfibra lateral em renda. Possui alças reguláveis, fecho regulavel 2 niveis.<br /><br />\r\n<br /><br />\r\nCalcinha: Modelo calesson com renda e microfibra<br /><br />\r\n', 0, NULL, NULL, 5.00, 19.00, 29.00, 'G', 'Composição: <br /><br />\r\n84% Poliamida<br /><br />\r\n16% Elastano <br /><br />\r\n<br /><br />\r\nForro<br /><br />\r\n100% Algodão<br /><br />\r\n'),
	(42, 8, 0, '19AC007', 'Bolinhas Pompoar conj. Com 4', 'Conjunto 4 Bolinhas Pompoar - Ben-Wa', '2014-08-09 23:49:14', NULL, 1, 27.7, NULL, 2, 3, 0.10, NULL, 'Conjunto 4 bolas pompoar com alça em silicone<br />\r\nAs bolas Ben-wa também tem pesinhos em seu interior e auxiliam à praticante no ganho de força e potência muscular e, em simultâneo, coordenação motora. Este Conjunto de 4 bolas para pompoar da Adão e Eva é totalmente com alça também em silicone, muito mais fácil de higienizar.<br />\r\n', 0, NULL, NULL, 4.00, 12.50, 18.00, '', 'Cuidados: Lavar antes e após o manuseio com água e sabão neutro. Não compartilhe deste produto com outros parceiros. Aconselhável o uso lubrificantes.<br /><br /><br />\r\nMedidas: 3,5 cm de Diâmetro<br /><br /><br />\r\nOrigem: Adão & Eva (Fabricante)<br /><br /><br />\r\nCor: Marfim<br /><br /><br />\r\nMaterial: Polímero Plástico (Atóxico)<br /><br /><br />\r\nEmbalagem: Blister PET<br /><br /><br />\r\n'),
	(43, 36, 0, '852008G', 'Corset', 'Corset - Estampa Bordada Florida, laço em Cetim ', '2014-08-09 23:49:14', NULL, 1, 115, NULL, 1, 1, 0.19, 1, 'Corset com Estampa Bordada Florida com Laço em Cetim e Amarras nas Costas Miss Collection - Miess Composição : 90% Poliéster 10% Elastano', 0, NULL, NULL, 2.00, 25.00, 41.00, 'G', 'Composição :<br /><br />\r\n90% Poliéster<br /><br />\r\n10% Elastano<br /><br />\r\n'),
	(44, 36, 0, '852008M', 'Corset', 'Corset - Estampa Bordada Florida com Laço em Cetim', '2014-08-09 23:49:14', NULL, 1, 115, NULL, 1, 1, 0.19, NULL, 'Corset com Estampa Bordada Florida com Laço em Cetim e Amarras nas Costas Miss Collection - Miess Composição : 90% Poliéster 10% Elastano', 0, NULL, NULL, 2.00, 25.00, 41.00, 'M', 'Composição :<br /><br />\r\n<br /><br />\r\n90% Poliéster<br /><br />\r\n10% Elastano<br /><br />\r\n'),
	(45, 36, 0, '85819G', 'Corset', 'Corset com Estampa Florida e Laço - Vermelho', '2014-08-09 23:49:14', NULL, 1, 115, NULL, 1, 1, 0.23, NULL, 'Corset com Estampa Florida e Detalhes de Laço em Cetim Miss Collection - Miess Composição : 90% Poliéster 10% Elastano', 0, NULL, NULL, 2.00, 25.00, 41.00, 'G', 'Composição :<br />\n<br />\n90% Poliéster<br />\n10% Elastano<br />\n'),
	(46, 38, 0, '85819M', 'Corset', 'Corset com Estampa Florida e Laço em Cetim - Vermelho', '2014-08-09 23:49:14', NULL, 0, 115, NULL, 0, 1, 0.23, NULL, 'Corset com Estampa Florida e Detalhes de Laço em Cetim Miss Collection - Miess Composição : 90% Poliéster 10% Elastano', 0, NULL, NULL, 2.00, 25.00, 41.00, 'M', 'Composição :<br />\n<br />\n90% Poliéster<br />\n10% Elastano<br />\n'),
	(47, 36, 0, '851269M', 'Corset', 'Corset com Estampa de Onça, Detalhes em Strass', '2014-08-09 23:49:14', NULL, 1, 115, NULL, 0, 1, 0.20, 1, 'Corset com Estampa de Onça Detalhes em Strass Laço de Enfeite e Bojo Miss Collection - Miess Composição : 90% Poliéster 10% Elastano', 0, NULL, NULL, 2.00, 25.00, 41.00, 'M', 'Composição :<br />\n<br />\n90% Poliéster<br />\n10% Elastano<br />\n'),
	(48, 8, 0, '22LD015', 'Dados Jogo do Prazer', 'Dados Jogo do Prazer Hot ', '2014-08-09 23:49:14', NULL, 1, 7.9, NULL, 4, 3, 0.03, NULL, 'Uma noite mais quente pode ser decidida neste jogo para adultos contendo 01 cubo impresso com DESENHOS DE 5 (CINCO) DIFERENTES POSIÇÕES SEXUAIS E UM CORINGA. Vale o que sair no dado e a opção de passar ou de criar uma nova possibilidade quando cair no Coringa.<br /><br />\r\nQuando o clima está morno, a sugestão é confiar a sorte do relacionamento aos dados. É uma forma divertida de aproximação e de trazer de novo a adrenalina para o coração e outras partes do corpo também interessantes<br /><br />\r\n', 0, NULL, NULL, 2.50, 5.00, 7.50, '', 'Origem: Nacional<br /><br />\r\nIndicação: Produto vendido como brincadeira.<br /><br />\r\nEmbalagem: Saco PP<br /><br />\r\n'),
	(49, 26, 0, '879176GG', 'Espartilho', 'Espartilho Scarlett Sapeka - Pink e Preto', '2014-08-09 23:49:14', NULL, 1, 120, NULL, 1, 1, 0.04, NULL, 'Confeccionado em poliamida, elastano e renda.<br /><br />\r\nLindo espartilho composto por:<br />\r\n- 01 espartilho<br />\r\n- 01 calcinha fio dental<br />\r\n- 04 ligas<br /><br />\r\nEspartilho com bojo e aro, possui 4 barbatanas, fecho frontal modelo zíper, alças reguláveis, costas com transparência, detalhes com renda na parte inferior e frontal da peça.<br /><br />\r\nCalcinha fio dental com tirinhas reguláveis.<br /><br />\r\nMeia 7/8 vendida separadamente.<br /><br />\r\nTabela de Medidas:<br />\r\nTamanho P - Manequim 36 - 38<br />\r\nTamanho M - Manequim 38 - 40<br />\r\nTamanho G - Manequim 40 - 42<br />\r\nTamanho GG - Manequim 42 - 44<br />\r\n', 15, 1, NULL, 6.00, 35.00, 50.00, 'GG', ''),
	(50, 26, 0, '879176P', 'Espartilho', 'Espartilho Sacarlett Sapeka - Pink e Preto', '2014-08-09 23:49:14', NULL, 0, 120, NULL, 0, 1, 0.04, NULL, 'Confeccionado em poliamida, elastano e renda.<br />\r\n<br />\r\nLindo espartilho composto por:<br />\r\n- 01 espartilho<br />\r\n- 01 calcinha fio dental<br />\r\n- 04 ligas<br />\r\n<br />\r\nEspartilho com bojo e aro, possui 4 barbatanas, fecho frontal modelo zíper, alças reguláveis, costas com transparência, detalhes com renda na parte inferior e frontal da peça.<br />\r\nCalcinha fio dental com tirinhas reguláveis.<br />\r\nMeia 7/8 vendida separadamente.<br />\r\n<br />\r\nTabela de Medidas:<br />\r\nTamanho P - Manequim 36 - 38<br />\r\nTamanho M - Manequim 38 - 40<br />\r\nTamanho G - Manequim 40 - 42<br />\r\nTamanho GG - Manequim 42 - 44<br />\r\n', 0, NULL, NULL, 6.00, 35.00, 50.00, 'P', NULL),
	(51, 26, 0, '879012GG', 'Espartilho', 'Espartilho Nathalie Sapeka - Preto', '2014-08-09 23:49:14', NULL, 1, 138, NULL, 1, 1, 0.05, NULL, 'Espartilho Nathalie<br /><br />\r\nConfeccionado em tule, renda e cetim.<br /><br />\r\nConjunto composto por um espartilho, uma calcinha fio dental e um conjunto de ligas.<br /><br />\r\n', 15, 1, NULL, 6.00, 35.00, 50.00, 'GG', ''),
	(52, 26, 0, '879012G', 'Espartilho', 'Espartilho Nathalie Sapeka - Preto ', '2014-08-09 23:49:14', NULL, 1, 138, NULL, 1, 1, 0.05, 1, 'Espartilho Nathalie<br /><br />\r\nConfeccionado em tule, renda e cetim.<br /><br />\r\nConjunto composto por um espartilho, uma calcinha fio dental e um conjunto de ligas.<br /><br /><br /><br /><br />\r\n', 15, NULL, NULL, 6.00, 35.00, 50.00, 'G ', ''),
	(53, 32, 0, '87261GG', 'Espartilho', 'Espartilho em Tule c/ detalhes em Renda e Laços - Branco ', '2014-08-09 23:49:14', NULL, 1, 92, NULL, 1, 1, 0.13, NULL, 'Espartilho em Tule com Detalhes em Renda e Laços - Macler Espartilho: em Tule com Detalhes em Cetim, Renda e Laços. Alças reguláveis, fecho com 14 colchetes com 1 nível de regulagem. Não acompanha meia. Calcinha: Modelo fio em renda e tule. Composição: 90% Poliamida, 10% Elastano, Forro 100% Algodão', 0, NULL, NULL, 8.00, 30.00, 43.00, 'GG', 'Espartilho em Tule com Detalhes em Renda e Laços - Macler<br /><br /><br /><br />\r\n<br /><br /><br /><br />\r\nEspartilho: em Tule com Detalhes em Cetim, Renda e Laços. Alças reguláveis, fecho com 14 colchetes com 1 nível de regulagem. Não acompanha meia.<br /><br /><br /><br />\r\n<br /><br /><br /><br />\r\nCalcinha: Modelo fio em renda e tule.<br /><br /><br /><br />\r\n<br /><br /><br /><br />\r\nComposição: 90% Poliamida, 10% Elastano, Forro 100% Algodão'),
	(54, 32, 0, '87261P', 'Espartilho', 'Espartilho em Tule c/ detalhes em Renda e Laços - Branco', '2014-08-09 23:49:14', NULL, 1, 92, NULL, 1, 1, 0.12, NULL, 'Espartilho em Tule com Detalhes em Renda e Laços - Macler Espartilho: em Tule com Detalhes em Cetim, Renda e Laços. Alças reguláveis, fecho com 14 colchetes com 1 nível de regulagem. Não acompanha meia. Calcinha: Modelo fio em renda e tule. Composição: 90% Poliamida, 10% Elastano, Forro 100% Algodão', 0, NULL, NULL, 7.00, 27.00, 40.00, 'P', 'Espartilho em Tule com Detalhes em Renda e Laços - Macler<br /><br /><br />\r\n<br /><br /><br />\r\nEspartilho: em Tule com Detalhes em Cetim, Renda e Laços. Alças reguláveis, fecho com 14 colchetes com 1 nível de regulagem. Não acompanha meia.<br /><br /><br />\r\n<br /><br /><br />\r\nCalcinha: Modelo fio em renda e tule.<br /><br /><br />\r\n<br /><br /><br />\r\nComposição: 90% Poliamida, 10% Elastano, Forro 100% Algodão'),
	(55, 32, 0, '87270M', 'Espartilho', 'Espartilho com Design Drapeado, Laço em Cetim-Vermelho', '2014-08-09 23:49:14', NULL, 1, 79, NULL, 2, 1, 0.12, NULL, 'Espartilho com Design Drapeado e Laço em Cetim, Calcinha Fio - Macler<br />\r\n<br />\r\nEspartilho com Design Drapeado e Laço em Cetim, Calcinha Fio . Alças reguláveis, fecho com 11 colchetes com 1 nível de regulagem. Não acompanha meia.<br />\r\n<br />\r\nCalcinha: Modelo fio .<br />\r\n<br />\r\nComposição: 93% Poliéster, 07% Elastano, Forro 100% Algodão<br />\r\n', 0, NULL, NULL, 7.00, 27.00, 42.00, 'M', NULL),
	(56, 123, 0, '41LIN07', 'Fantasia de Felina', 'Fantasia de Felina - Playgirl', '2014-08-09 23:49:14', NULL, 1, 35.7, NULL, 1, 1, 0.06, NULL, 'Conteúdo: Peça única composta por tanga e top<br />\r\nOrigem: Nacional<br />\r\nTamanho: Único<br />\r\nMaterial: Confeccionada em poliamida<br />\r\nEmbalagem: Caixa personalizada\r\nCuidados: Não lavar em máquinas, não usar alvejante a base de cloro, não passar o ferro e não lavar a seco<br />\r\n', 0, NULL, NULL, 5.00, 17.50, 27.50, 'U', NULL),
	(57, 123, 0, '41LIN09', 'Fantasia de Tigresa', 'Fantasia de Tigresa - Playgirl', '2014-08-09 23:49:14', NULL, 1, 39.5, NULL, 1, 1, 0.07, NULL, 'Conteúdo: tanga e top com gargantilha<br />\r\nOrigem: Nacional<br />\r\nTamanho: Único<br />\r\nMaterial: Confeccionada em poliéster<br />\r\nEmbalagem: Caixa personalizada.\r\nCuidados: Não lavar em maquinas, não usar alvejante a base de cloro, não passar o ferro e não lavar a seco.\r\n', 0, NULL, NULL, 5.00, 17.50, 27.50, 'U', NULL),
	(58, 123, 0, '41LIN32', 'Fantasia Motoqueira', 'Fantasia Motoqueira - Playgirl', '2014-08-09 23:49:14', NULL, 1, 66.7, NULL, 2, 1, 0.08, NULL, 'Fantasia Motoqueira confeccionada em vinil elástico.<br /><br />\r\nComposta por Top, Calcinha, Saia e Boné.<br /><br />\r\nDetalhe: com fitas em cetim para ajuste da saia no quadril.<br /><br />\r\nNão acompanha acessórios.<br /><br />\r\nTamanho Único, serve do 38 ao 46<br /><br />\r\nCor: Preto<br /><br />\r\n', 15, 1, NULL, 5.00, 17.50, 27.50, 'U', 'Cuidados: <br /><br />\r\nLavar a mão. <br /><br />\r\nNão usar alvejante. <br /><br />\r\nNão secar em secadora. <br /><br />\r\nNão passar a ferro. <br /><br />\r\nNão lavar a seco. <br /><br />\r\nLavar sempre com sabão neutro ou detergente neutro.<br /><br />\r\nIndústria Brasileira<br /><br />\r\n'),
	(59, 120, 0, '33CO275', 'Fogo e Gelo', 'Gel Comestível para o prazer oral - Tropical Kiss', '2014-08-09 23:49:14', NULL, 1, 9.8, NULL, 9, 3, 0.03, NULL, 'BALL CAT - Fogo e Gelo - Sabor Tropical Kiss - Comestível<br />\r\nCódigo de referência: CO275<br />\r\n<br />\r\n<br />\r\nBall Cat - O Verdadeiro Bola Gato<br />\r\nO Gel comestível para sexo oral que seu gatinho estava esperando.<br />\r\nGel Comestível Hot Ice (esquenta e Esfria) para Sexo Oral<br />\r\nSabor Tropical Kiss - 15g<br />\r\nModo de usar: Aplicar sobre o local desejado e saborear a vontade. <br />\r\nPRODUTO COMESTÍVEL. <br />\r\n<br />\r\nApós aberto consumir em até 15 dias.<br />\r\nIngredientes:<br />\r\nGlicerina, Aroma Idêntico ao Natural de Menta e Cereja, Mentol e Corantes Vermelho I, II e VI, Amarelo Crepúsculo e Azul I.<br />\r\nOrientação ao Consumidor:<br />\r\nNão Contém Glúten. Aromatizado Artificialmente. Manter em local seco, fresco e ao abrigo da luz. Manter fora do alcance de crianças. Evite contato com os olhos. Em casos de antecedentes alérgicos, usar com precaução.<br />\r\nFabricado por: CNPJ: 68.250.224/0002-76<br />\r\nSão Pedro/SP<br />\r\nLicença de Func. nº 355040701-109-000015-1-1<br />\r\nPRODUTO ISENTO DE REGISTRO CONFORME RDC ANVISA 27/2010.<br />\r\nIndústria Brasileira<br />\r\nInformações Nutricionais:<br />\r\nPorção de 5g (1 colher de chá): Não contém quantidades significativas de Valor Energético, Carboidratos, Proteínas, Gorduras Totais, Gorduras Saturadas, Gorduras Trans, Fibra Alimentar e Sódio.<br />\r\n<br />\r\n*Valores diários com base em uma dieta de 2000 Kcal ou 8400 KJ. Seus valores diários podem ser maiores ou menores dependendo de suas necessidades energéticas.<br />\r\nAtendimento ao consumidor: (11) 2020-9090<br />\r\nEsse produto faz parte da Linha Sexy Hot, produto exclusivo Adão e Eva Toys<br />\r\nValidade: 24 meses<br />\r\nAGITE ANTES DE USAR<br />\r\n', 0, NULL, NULL, 2.50, 2.50, 8.50, '', NULL),
	(60, 120, 0, '33CO273', 'Fogo e Gelo', 'Gel Comestível para o prazer oral - Black Ice', '2014-08-09 23:49:14', NULL, 1, 9.8, NULL, 7, 3, 0.03, NULL, 'Ball Cat \r\nO Gel comestível para sexo oral que seu gatinho estava esperando.<br />\r\nGel Comestível Hot Ice (esquenta e Esfria) para Sexo Oral<br />\r\nSabor Extra Forte - 15g<br />\r\nModo de usar: Aplicar sobre o local desejado e saborear a vontade.\r\n\r\n<br />\r\nPRODUTO COMESTÍVEL. <br />\r\n<br />\r\nApós aberto consumir em até 15 dias.<br />\r\nIngredientes:<br />\r\nGlicerina, Aroma Idêntico ao Natural de Menta e Mentol.<br />\r\nOrientação ao Consumidor:<br />\r\nNão Contém Glúten. Aromatizado Artificialmente. Manter em local seco, fresco e ao abrigo da luz. Manter fora do alcance de crianças. Evite contato com os olhos. Em casos de antecedentes alérgicos, usar com precaução.<br />\r\nFabricado por: CNPJ: 68.250.224/0002-76<br />\r\nSão Pedro/SP<br />\r\nLicença de Func. nº 355040701-109-000015-1-1<br />\r\nPRODUTO ISENTO DE REGISTRO CONFORME RDC ANVISA 27/2010.<br />\r\nIndústria Brasileira<br />\r\nInformações Nutricionais:<br />\r\nPorção de 5g (1 colher de chá): Não contém quantidades significativas de Valor Energético, Carboidratos, Proteínas, Gorduras Totais, Gorduras Saturadas, Gorduras Trans, Fibra Alimentar e Sódio.<br />\r\n<br />\r\n*Valores diários com base em uma dieta de 2000 Kcal ou 8400 KJ. Seus valores diários podem ser maiores ou menores dependendo de suas necessidades energéticas.<br />\r\nAtendimento ao consumidor: (11) 2020-9090<br />\r\nEsse produto faz parte da Linha Sexy Hot, produto exclusivo Adão e Eva Toys<br />\r\nValidade: 24 meses<br />\r\nAGITE ANTES DE USAR<br />\r\n', 0, NULL, NULL, 2.50, 2.50, 8.50, '', NULL),
	(61, 123, 0, '22LS012', 'Bondage', 'Kit com 4 amarras e venda de pelúcia - Preto', '2014-08-09 23:49:14', NULL, 1, 47.9, NULL, 2, 1, 0.13, NULL, 'Kit com 4 amarras e venda de pelúcia. Ajuste o ângulo perfeito com as cintas Posição de Mestre!<br />\r\nCintas de Nylon resistente irão segurar confortavelmente suas pernas no lugar para que elas não se canse quando a ação acontece.<br />\r\nA alça de pescoço é acolchoada para maior conforto, e as cintas é facilmente ajustável para a maioria dos tamanhos.<br />\r\n ', 0, NULL, NULL, 5.00, 15.00, 30.00, '', ''),
	(62, 30, 0, '14HZ404NE', 'Capa Peniana', 'Capa Peniana c/ cinto - Vibro Extensor - 15x4,5cm', '2014-08-09 23:49:14', NULL, 1, 98.8, NULL, 1, 1, 0.39, NULL, 'Capa Peniana com Cinto - Vibrador 15x4,5 cm - <br />\r\n<br />\r\nA capa peniana é parecida com uma camisinha só que bem mais grossa, essa capa possui extensor e vibrador interno o que proporciona mais prazer a você e a sua parceira.<br />\r\nO cinto se adapta ao seu corpo dando-lhe mais segurança.<br />\r\n<br />\r\nUsar com lubrificantes (ver em cosméticos/lubrificantes)<br />\r\n <br />\r\nAcompanha 2 pilhas AA<br />\r\n', 0, NULL, NULL, 18.00, 23.50, 33.00, '', 'Modelo: HZ404NE <br /><br />\r\nFabricante: HotFlowers<br /><br />\r\nGarantia: 3 meses<br /><br />\r\nEmbalagem: 0 x 0 x 0 cm (Largura X Comprimento X Altura)<br /><br />\r\nPeso: 0,318 kg<br /><br />\r\nQuantidade de itens na embalagem: 1 <br /><br />\r\n'),
	(63, 8, 0, '31CO006', 'Cápsulas', 'Cápsula Amarela com 2 unid. - Adão e Eva', '2014-08-09 23:49:14', NULL, 1, 4, NULL, 5, 3, 0.02, NULL, 'Cápsula Amarela - 2 unidades <br />\r\nPara trazer ares sofisticados a uma noite quente de amor, as cápsulas de óleo corporal da Adão e Eva trazem perfumes contratipos de consagradas marcas como Dolce&Cabana, Georgio Armani e Gabriela Sabatine, entre outros e agora contam com 5 novos aromas beijáveis: uva, morango, menta, chocolate e leite condensado .<br />\r\nA cápsula de gelatina dissolve rapidamente em contato com o calor do corpo  e não deixa resíduos<br />\r\nCápsula Amarela - 2 unidades <br />\r\n', 0, NULL, NULL, 5.50, 3.00, 3.00, '', 'Origem: Nacional, Adão & Eva<br /><br /><br /><br />\r\nEmbalagem: Frasco acrílico<br /><br /><br /><br />\r\nMedidas: Contem 2 unidades de bolinha<br /><br /><br /><br />\r\nFragrância: Inspirado no perfumes CK Be<br /><br /><br /><br />\r\nCor: Amarelo<br /><br /><br /><br />\r\nModo de uso: Passe essa deliciosa fragrância desses óleos de banho a qualquer hora do dia após o banho ou antes de deitar, despertará o libido do sexo feminino.<br /><br /><br /><br />\r\nPrecauções: Manter em lugar fresco ao abrigo do calor e da luz intensa.<br /><br /><br /><br />\r\nComposição: Essência, Irgassan DP-300, Miristrato de isopropila e óleo mineral.<br /><br /><br /><br />\r\nValido 24 meses as data de fabricação.<br /><br /><br /><br />\r\n <br /><br /><br /><br />\r\nINDÚSTRIA BRASILEIRA<br /><br /><br /><br />\r\nRes. 343/05 Aut.Funcionamento 2-03676-2<br /><br /><br /><br />\r\nCRQ-IV 004350410<br /><br /><br /><br />\r\n'),
	(64, 8, 0, '31CO008', 'Cápsulas', 'Cápsula Laranja com 2 und. - Adão e Eva', '2014-08-09 23:49:14', NULL, 1, 4, NULL, 7, 3, 0.02, NULL, 'Cápsula Laranja - 2 unidades <br /><br />\r\nPara trazer ares sofisticados a uma noite quente de amor, as cápsulas de óleo corporal da Adão e Eva trazem perfumes contratipos de consagradas marcas como Dolce&Cabana, Georgio Armani e Gabriela Sabatine, entre outros e agora contam com 5 novos aromas beijáveis: uva, morango, menta, chocolate e leite condensado .<br /><br /><br />\r\nA cápsula de gelatina dissolve rapidamente em contato com o calor do corpo  e não deixa resíduos.<br />\r\n', 0, NULL, NULL, 5.50, 3.00, 3.00, '', 'Origem: Nacional, Adão & Eva<br /><br />\r\nEmbalagem: Frasco acrílico<br /><br />\r\nMedidas: Contem 2 unidades de bolinha<br /><br />\r\nFragrância: Inspirado no perfume Giorgio Armani<br /><br />\r\nCor: Laranja<br /><br />\r\nModo de uso: Passe essa deliciosa fragrância desses óleos de banho a qualquer hora do dia após o banho ou antes de deitar, despertará o libido do sexo feminino.<br /><br /><br /><br />\r\nPrecauções: Manter em lugar fresco ao abrigo do calor e da luz intensa.<br /><br />\r\nComposição: Essência, Irgassan DP-300, Miristrato de isopropila e óleo mineral.<br /><br />\r\nValido 24 meses as data de fabricação.<br /><br />\r\n <br />\r\nINDÚSTRIA BRASILEIRA<br /><br />\r\nRes. 343/05 Aut.Funcionamento 2-03676-2<br /><br />\r\nCRQ-IV 004350410<br /><br />\r\nOrigem: Nacional, Adão & Eva<br /><br />\r\nEmbalagem: Frasco acrílico<br /><br />\r\nMedidas: Contem 2 unidades de bolinha<br /><br />\r\nFragrância: Inspirado no perfume Giorgio Armani<br /><br />\r\nCor: Laranja<br /><br />\r\nModo de uso: Passe essa deliciosa fragrância desses óleos de banho a qualquer hora do dia após o banho ou antes de deitar, despertará o libido do sexo feminino.<br /><br /><br /><br />\r\nPrecauções: Manter em lugar fresco ao abrigo do calor e da luz intensa.<br /><br />\r\nComposição: Essência, Irgassan DP-300, Miristrato de isopropila e óleo mineral.<br /><br />\r\nValido 24 meses as data de fabricação.<br /><br />\r\n<br />\r\nINDÚSTRIA BRASILEIRA<br /><br />\r\nRes. 343/05 Aut.Funcionamento 2-03676-2<br /><br />\r\nCRQ-IV 004350410<br /><br />\r\n'),
	(65, 8, 0, '31CO002', 'Cápsulas', 'Cápsula de Coração Dourado com 3 unid.', '2014-08-09 23:49:14', NULL, 1, 6, NULL, 6, 3, 0.02, NULL, 'Cápsulas de Coração Dourado - 2 unidades <br />\r\nPara trazer ares sofisticados a uma noite quente de amor, as cápsulas de óleo corporal da Adão e Eva trazem perfumes contratipos de consagradas marcas como Dolce&Cabana, Georgio Armani e Gabriela Sabatine, entre outros. /><br />\r\nA cápsula de gelatina dissolve rapidamente em contato com o calor do corpo  e não deixa resíduos<br />\r\n', 0, NULL, NULL, 5.50, 3.00, 3.00, '', 'Origem: Nacional, Adão & Eva<br /><br /><br /><br /><br />\r\nEmbalagem: Frasco acrílico<br /><br /><br /><br /><br />\r\nMedidas: Contem 3 unidades<br /><br /><br /><br /><br />\r\nFragrância: Inspirado no perfume Soie<br /><br /><br /><br /><br />\r\nCor: Dourado<br /><br /><br /><br /><br />\r\nModo de uso: Passe essa deliciosa fragrância desses óleos de banho a qualquer hora do dia após o banho ou antes de deitar, despertará o libido do sexo feminino.<br /><br /><br /><br /><br />\r\nPrecauções: Manter em lugar fresco ao abrigo do calor e da luz intensa.<br /><br /><br /><br /><br />\r\nComposição: Essência, Irgassan DP-300, Miristrato de isopropila e óleo mineral.<br /><br /><br /><br /><br />\r\nValido 24 meses as data de fabricação.<br /><br /><br /><br /><br />\r\nINDÚSTRIA BRASILEIRA<br /><br /><br /><br /><br />\r\nRes. 343/05 Aut.Funcionamento 2-03676-2<br /><br /><br /><br /><br />\r\nCRQ-IV 004350410<br /><br /><br /><br /><br />\r\n'),
	(66, 30, 0, '31HC225', 'Cápsulas', 'Cápsulas Hot Ball - Diversas Cores - 2un', '2014-08-09 23:49:14', NULL, 1, 4, NULL, 10, 5, 0.01, NULL, 'Abuse dos aromas surpreendentes,<br /><br />\r\nexplosão de prazer que irá aquecer sua relação.<br /><br />\r\nDerivado de óleo de coco.<br /><br />\r\nEmbalagem com três unidades. Sem opção de escolha.<br /><br />\r\n', 0, NULL, NULL, 3.00, 6.50, 11.50, '', 'Fabricante: HotFlowers<br /><br />\r\nGarantia: 3 meses<br /><br />\r\nEmbalagem: 0 x 0 x 0 cm (Largura X Comprimento X Altura)<br /><br />\r\nPeso: 0,020 kg<br /><br />\r\nQuantidade de itens na embalagem: 1 <br /><br />\r\n'),
	(67, 30, 0, '31HC226', 'Cápsulas', 'Cápsulas Hot Ball - Bolinhas do Prazer - 3un', '2014-08-09 23:49:14', NULL, 1, 5.9, NULL, 5, 2, 0.02, NULL, 'Abuse dos aromas surpreendentes,<br />\r\nExplosão de prazer que irá aquecer sua relação.<br />\r\nSensação de aquecimento<br />\r\nDerivado de óleo de coco.<br />\r\nEmbalagem com três unidades. Sem opção de escolha<br />\r\n', 0, NULL, NULL, 3.00, 6.50, 13.50, '', 'Fabricante: HotFlowers<br /><br /><br /><br />\r\nGarantia: 3 meses<br /><br /><br /><br />\r\nEmbalagem: 0 x 0 x 0 cm (Largura X Comprimento X Altura)<br /><br /><br /><br />\r\nPeso: 0,020 kg<br /><br /><br /><br />\r\nQuantidade de itens na embalagem: 1 <br /><br /><br /><br />\r\n'),
	(68, 123, 0, '22LS027', 'Chibata', 'Chibata média 30cm - Preto', '2014-08-09 23:49:14', NULL, 1, 23.8, NULL, 3, 1, 0.05, NULL, 'Perfeita para golpes leves e para compor o cenário sadomasoquista. <br />\r\n<br />\r\nChibata média 30cm - em courvin preto<br />\r\n', 0, NULL, NULL, 1.00, 12.00, 31.00, '', ''),
	(69, 123, 0, '22LS026', 'Chibata', 'Chibata em Formato de Mão 38cm', '2014-08-09 23:49:14', NULL, 1, 32.2, NULL, 3, 1, 0.09, NULL, 'Perfeita para golpes leves e para compor o cenário sadomasoquista.<br />\r\n<br />\r\nChibata em Formato de Mão, 38cm, em courvin preto com alça auxiliar para punho e para pendurar na cintura. ', 15, 1, NULL, 3.50, 18.00, 39.00, '', ''),
	(70, 31, 0, '9LOV41', 'DVD - O Novo Cama Sutra', 'DVD - O Novo Kama Sutra', '2014-08-09 23:49:14', NULL, 1, 29.9, NULL, 1, 1, 0.09, NULL, 'DVD Loving Sex - O Novo Kama Sutra - O Guia indispensável Para Os Amantes - Volume #4: Posições sexuais incriveis<br />\r\n<br />\r\nCaracterísticas especiais do DVD:<br />\r\n- Dicas da Dra. Patti Britlon<br />\r\n- Linguagens: Áudio Inglês e Português<br />\r\n- Legendas em Português<br />\r\n- Extensa informação sobre sexualidade<br />\r\n- Cenas Bônus<br />\r\n- Link para websites importantes<br />\r\n<br />\r\nDuração aproximada: 70 minutos<br />\r\nNeste programa vamos conhecer uma grande variedade de posições sexuais inspiradas no Kama Sutra moderno e antigo. Nossos três casais reais exibem sua intimidade explícita, sintonia e cumplicidade ao experimentar carícias e as diversas posições deitados, ajoelhados, em pé e sentados, além de lugares e horários diferentes. O caminho para o êxtase passa por sensações embriagantes de puro prazer.<br />\r\n<br />\r\n- Antigos segredos da união sexual<br />\r\n- Posições sexuais principais<br />\r\n- Posições com nomes de animais<br />\r\n- Posições sexuais avançadas<br />\r\n- Posições sexuais modernas<br />\r\n- Lugares e horários diferentes<br />\r\n<br />\r\nTítulo Original: The Modern Volume 3: Sexual Positions for Great Sex<br />\r\n', 0, NULL, NULL, 1.50, 13.50, 19.00, '', ''),
	(71, 31, 0, '9LOV06', 'DVD - Seduza com Strip Tease', 'DVD - Seduza com Strip Tease', '2014-08-09 23:49:14', NULL, 1, 29.9, NULL, 2, 1, 0.09, NULL, 'Descrição:<br />\r\nDescubra a arte da dança sedutora que pode ser feita por todas as mulheres. Aprenda a se despir valorizando o seu corpo e melhore sua sexualidade. Sinta-se uma mulher sensual a hora que quiser<br />\r\n<br />\r\nMAIS INFORMAÇÕES:<br />\r\nDescubra a arte da dança sedutora que pode ser feita por todas as mulheres. Aprenda a se despir valorizando o seu corpo e melhore sua sexualidade. Sinta-se uma mulher sensual a hora que quiser. <br />\r\nVeja como é fácil aprender cada movimento sensual dessa dança, a aproximação corporal holística e segredos de sedução que transformam todas as mulheres em deusas eróticas. Veja como Stacy aprende, passo a passo, a conseguir e controlar toda a atenção de seu marido... e muito mais.<br />\r\n', 0, NULL, NULL, 1.50, 13.50, 19.00, '', ''),
	(72, 31, 0, '9LOV04', 'DVD ', 'DVD - Sexo Incrivel com Brinquedos Eróticos', '2014-08-09 23:49:14', NULL, 1, 29.9, NULL, 1, 1, 0.09, NULL, 'Descrição:<br />\r\nEste guia explícito vem explorar maneiras criativas de usar brinquedos eróticos e outros objetos para enriquecer a vida sexual do casal, e aumentar a excitação em suas relações sexuais.<br />\r\n<br />\r\nMais Informações:<br />\r\nEste guia explícito vem explorar maneiras criativas de usar brinquedos eróticos e outros objetos para enriquecer a vida sexual do casal, e aumentar a excitação em suas relações sexuais. Pénis artificiais, vibradores, brinquedos anais e muitos outros dispositivos eróticos para ela e para ele. Em várias situações e lugares, entre quatro paredes e ao ar livre, Juli e seus amigos demonstram com detalhes explícitos como usar excitantes brinquedos eróticos e alguns utensílios domésticos comuns que podem ser usados com erotismo.<br />\r\n <br />\r\n• Escolhendo brinquedos eróticos:<br />\r\n• Brinquedos eróticos para mulheres e homens;<br />\r\n• Brinquedos com controle remoto;<br />\r\n• Brinquedos anais, os brinquedos favoritos de Juli.<br />\r\n', 0, NULL, NULL, 1.50, 13.50, 19.00, '', ''),
	(73, 122, 0, '33CO245', 'Gel Funcional', 'Gel Spice Exciting para Massagem Corporal', '2014-08-09 23:49:14', NULL, 1, 9.75, NULL, 13, 5, 0.02, NULL, 'Gel Spice Exciting - 15g -  Gel Para Massagem Corporal<br />\r\nSpice é a nova linha de géis funcionais Eva Cosméticos para experiências sensuais diferenciadas. As práticas bisnagas foram desenvolvidas para facilitar a aplicação. Modernas e discretas podem ser levadas na bolsa para apimentar encontros casuais.<br />\r\n<br />\r\nModo de Usar: Coloque a quantidade desejada na ponta dos dedos e aplique no local desejado, massageando delicadamente.<br />\r\nComposição: Aqua(Water), Alcohol, carbomer, triethanolamine, glycerin, propylene glycol(and) diazolidinyl urea (and) iodopropynyl butylcarbamate, colorant CI 19140<br />\r\n', 0, NULL, NULL, 2.00, 3.00, 11.00, '', 'Precauções: Embalagem não reutilizável. Manter em lugar fresco ao abrigo do calor e da luz intensa. Manter fora do alcance das crianças. Em caso de contato com os olhos, lavar com água em abundância. Havendo irritação, suspender o uso e procurar um médico. Uso externo<br /><br /><br />\r\nRes. 343/05 Aut.Funcionamento 2-03676-2 Responsável<br /><br /><br />\r\nTécnico: Vanessa Priscila Baillo CRQ-IV 04412810<br /><br /><br />\r\nFabricado por: CNPJ: 03.811.724/0001-03<br /><br /><br />\r\nINDÚSTRIA BRASILEIRA<br /><br /><br />\r\n'),
	(74, 122, 0, '33CO243', 'Gel Funcional', 'Gel Spice Extra Time para Massagem Corporal', '2014-08-09 23:49:14', NULL, 1, 9.75, NULL, 5, 3, 0.02, NULL, 'Gel Spice Extra Time - 15g -  Gel Para Massagem Corporal<br />\r\nSpice é a nova linha de géis funcionais Eva Cosméticos para experiências sensuais diferenciadas. As práticas bisnagas foram desenvolvidas para facilitar a aplicação. Modernas e discretas podem ser levadas na bolsa para apimentar encontros casuais.<br />\r\nModo de Usar: Coloque a quantidade desejada na ponta dos dedos e aplique no local desejado, massageando delicadamente.<br />\r\nComposição: Aqua (Water), Alcohol,carbomer, triethanolamine, benzocaine, parfum, propylene glycol(and) diazolidinyl urea (and) iodopropynyl butylcarbamate, colorant CI 42090, CI 19140<br />\r\n', 0, NULL, NULL, 2.00, 3.00, 11.00, '', 'Precauções: Embalagem não reutilizável. Manter em lugar fresco ao abrigo do calor e da luz intensa. Manter fora do alcance das crianças. Em caso de contato com os olhos, lavar com água em abundância. Havendo irritação, suspender o uso e procurar um médico. Uso externo<br />\n <br />\nRes. 343/05 Aut.Funcionamento 2-03676-2 Responsável<br />\nTécnico: Vanessa Priscila Baillo CRQ-IV 04412810<br />\nFabricado por: CNPJ: 03.811.724/0001-03<br />\nINDÚSTRIA BRASILEIRA<br />\n'),
	(75, 120, 0, '33CO274', 'Fogo e Gelo ', 'Gel Comestível para o prazer oral - Morango', '2014-08-09 23:49:14', NULL, 1, 9.8, NULL, 4, 3, 0.03, NULL, 'Ball Cat - O Verdadeiro Bola Gato<br /><br />\r\nO Gel comestível para sexo oral que seu gatinho estava esperando.<br /><br />\r\nGel Comestível Hot Ice (Esquenta e Esfria) para Sexo Oral<br /><br />\r\nSabor Morango - 15g<br /><br />\r\nModo de usar: Aplicar sobre o local desejado e saborear a vontade. <br /><br />\r\nPRODUTO COMESTÍVEL. <br /><br />\r\nApós aberto consumir em até 15 dias.<br /><br />\r\nIngredientes:<br /><br />\r\nGlicerina, Aroma Idêntico ao Natural de Menta e Cereja, Mentol e corantes Vermelho I, II e VI, Amarelo Crepúsculo e Azul I. <br /><br />\r\nOrientação ao Consumidor:<br /><br />\r\nNão Contém Glúten. Aromatizado Artificialmente. Manter em local seco, fresco e ao abrigo da luz. Manter fora do alcance de crianças. Evite contato com os olhos. Em casos de antecedentes alérgicos, usar com precaução.<br /><br />\r\nFabricado por: CNPJ: 68.250.224/0002-76<br /><br />\r\nSão Pedro/SP<br /><br />\r\nLicença de Func. nº 355040701-109-000015-1-1<br /><br />\r\nPRODUTO ISENTO DE REGISTRO CONFORME RDC ANVISA 27/2010.<br /><br />\r\nIndústria Brasileira<br /><br />\r\nInformações Nutricionais:<br /><br />\r\nPorção de 5g (1 colher de chá): Não contém quantidades significativas de Valor Energético, Carboidratos, Proteínas, Gorduras Totais, Gorduras Saturadas, Gorduras Trans, Fibra Alimentar e Sódio.<br /><br />\r\n*Valores diários com base em uma dieta de 2000 Kcal ou 8400 KJ. Seus valores diários podem ser maiores ou menores dependendo de suas necessidades energéticas.<br /><br />\r\nAtendimento ao consumidor: (11) 2020-9090<br /><br />\r\nEsse produto faz parte da Linha Sexy Hot, produto exclusivo Adão e Eva Toys<br /><br />\r\nValidade: 24 meses<br /><br />\r\nAGITE ANTES DE USAR<br /><br />\r\n', 0, NULL, NULL, 2.50, 2.50, 8.50, '', ''),
	(76, 30, 0, '37HC452', 'Perfume', 'Perfume Dasputas - Amore Mio - Hot Flowers', '2014-08-09 23:49:14', NULL, 1, 14.6, NULL, 9, 2, 0.04, NULL, 'A Fragrância DasPutas Amore Mio foi criada com intuito de deixar um "cheirinho" gostoso em uma noite apimentada.<br />\r\nSensualize com este perfume e com brincadeiras divertidas e excitantes, para levar seu parceiro à loucura.<br />\r\n<br />\r\nFragrância Floral , Frutal e Musk.<br />\r\n<br />\r\nFabricante: HotFlowers<br />\r\nGarantia: 3 meses<br />\r\nPeso: 0,040 kg<br />\r\nQuantidade de itens na embalagem: 1 ', 20, 1, NULL, 10.00, 6.50, 2.00, '', ''),
	(77, 30, 0, '37HC454', 'Perfume', 'Perfume Dasputas - Sexy - Hot Flowers', '2014-08-09 23:49:14', NULL, 1, 14.6, NULL, 6, 2, 0.04, NULL, 'Das putas Sexy<br />\r\n<br />\r\nA Fragrância DasPutas Sexy foi criada com intuito de deixar um "cheirinho" gostoso em uma noite apimentada.<br />\r\nSensualize com este perfume e com brincadeiras divertidas e excitantes, para levar seu parceiro à loucura.<br />\r\n<br />\r\nFragrância Frutal , Doce e Cremoso.<br />\r\n<br />\r\nFabricante: Hot Flowers<br />\r\nGarantia: 3 meses<br />\r\nPeso: 0,040 kg<br />\r\nQuantidade de itens na embalagem: 1 <br />\r\n', 20, 1, NULL, 10.00, 6.50, 2.00, '', ''),
	(78, 66, 0, '33CO283', 'Gel Aromatizado Comestível', 'Gel Aromatizado Comestível Fruit', '2014-08-09 23:49:14', NULL, 0, 4.85, NULL, 20, 6, 0.03, NULL, 'o de Potássio, Corantes Vermelho VI e Amarelo VI.<br />\r\nTutti Frutti: Glicerina, Água, Aroma Idêntico ao Natural de Tutti-Frutti, Conservantes: Benzoato de Sódio e Sorbato de Potássio, Corantes vermelho II e Vermelho IV.<br />\r\nMenta: Glicerina, Água, Aroma Idêntico ao Natural de Menta, Conservantes: Benzoato de Sódio e Sorbato de Potássio, Corantes Amarelo Tartrazina, Azul I e Azul II.<br />\r\nOrientação ao consumidor:<br />\r\nNão Contém Glúten. Colorido e Aromatizado Artificialmente. Manter em local seco, fresco e ao abrigo da luz. Manter fora do alcance de crianças. Evite contato com<br />\r\nos olhos. <br />\r\nEm casos de antecedentes alérgicos, usar com precaução.<br />\r\nSabor menta contém corante Amarelo Tartrazina.<br />\r\nInformações Nutricionais: Porção de 5g (1 colher de chá): Não contém quantidades significativas de Valor Energético, Carboidratos, Proteínas, Gorduras Totais, Gorduras Saturadas, Gorduras Trans, Fibra Alimentar e Sódio.*Valores diários com base em uma dieta de 2000 Kcal ou 8400 KJ. Seus valores diários podem ser maiores ou menores dependendo de suas necessidades energéticas.<br />\r\nFabricado por:  CNPJ: 68.250.224/0002-76 Av. Ângelo Franzin, 341 – São Pedro/SP <br />\r\nLicença de Func. nº 355040701-109-000015-1-1<br />\r\nPRODUTO ISENTO DE REGISTRO CONFORME RDC ANVISA 27/2010.<br />\r\nIndústria Brasileira. SAC:(11)2020-9090.<br />\r\n<br />\r\nAGITE ANTES DE USAR<br />\r\nValidade: 24 meses<br />\r\nFABRICAÇÃO: VIDE FRASCO<br />\r\n', 0, NULL, NULL, 1.50, 2.00, 7.50, '', NULL),
	(79, 30, 0, '36HC102', 'Gel Azul - Hardelay', 'Gel Azul - Retardante Masculino - Hot Flowers', '2014-08-09 23:49:14', NULL, 1, 12.9, NULL, 4, 3, 0.03, NULL, 'Creme Lubrificante Hardelay<br />\r\nCreme lubrificante retardante masculino.<br />\r\nAplicar no pênis e no escroto massageando, principalmente a glande.<br />\r\nProvoca agradável sensação de calor.<br />\r\nProlonga a ereção retardando a ejaculação.<br />\r\nEmbalagem de 7g<br />\r\n<br />\r\nFabricante: HotFlowers<br />\r\nGarantia: 3 meses<br />\r\nPeso: 0,020 kg<br />\r\nQuantidade de itens na embalagem: 1 <br />\r\n', 0, NULL, NULL, 3.00, 9.00, 12.00, '', NULL),
	(80, 120, 0, '39CO126', 'Gel do Beijo', 'Gel Labial Refrescante - Cereja Ice', '2014-08-09 23:49:14', NULL, 1, 8.9, NULL, 5, 3, 0.03, NULL, 'Gel do Beijo Cereja Ice - 15ml  ( roll-on )<br /><br />\r\nProlongando o prazer oral de todas as formas e por muito mais tempo, a linha Sex Hot da Adão e Eva agora também tem o gel do beijo. No aroma de Morango Fresh refresca o beijo deixando tudo mais gostoso.<br /><br />\r\n', 0, NULL, NULL, 2.00, 2.00, 8.50, '', 'Modo de uso: Aplique sobre os lábios.<br /><br /><br /><br /><br /><br /><br /><br />\r\nEmbalagem: 15g<br /><br /><br /><br /><br /><br /><br /><br />\r\nEmbalagem Secundaria: Caixa<br /><br /><br /><br /><br /><br /><br /><br />\r\nFabricação: Nacional <br /><br /><br /><br /><br /><br /><br /><br />\r\nValidade: 24 Meses<br /><br /><br /><br /><br /><br /><br /><br />\r\nImportante: Embalagem não reutilizável, deve ser descartada após o término do produto.<br /><br /><br /><br /><br /><br /><br /><br />\r\nNotificado junto a ANVISA.<br /><br /><br /><br /><br /><br /><br /><br />\r\nINDÚSTRIA BRASILEIRA.<br /><br /><br /><br /><br /><br /><br /><br />\r\nVálido por 24 meses da data de fabricação<br /><br /><br /><br /><br /><br /><br /><br />\r\n'),
	(81, 120, 0, '33CO230', 'Gel Espanhola Menta', 'Espanhola - Gel para Massagem dos Seios Aroma Menta', '2014-08-09 23:49:14', NULL, 1, 8.8, NULL, 0, 3, 0.05, NULL, 'Gel para Massagem dos Seios - ESPANHOLA - Menta<br />\r\nCom 38 gramas<br />\r\nSeios poderosos merecem um grande aliado: Um Gel para massagem hidratante beijável com Aroma de MENTA que torna a massagem mais deslizante. Realça o brilho da Pele, facilita o contato tornando a massagem inesquecível.<br />\r\nComposição: Glycerin, Flavor, Methyldibromo Glutaronitrile (and) Phenoxyethanol, Sodium Saccharin, Aqua, Alcohol, Flavor, Hydroxyethylcellulose, Sorbitol, CI 15625.<br />\r\nModo de usar: Colocar a quantidade desejada na ponta dos dedos, aplicar no local massageando delicadamente em movimentos circulares, começando pela região central.<br />\r\nPrecauções: Manter fora do alcance das crianças. Manter ao abrigo de luz e calor. Em caso de irritação suspender o uso, e procurar orientação médica. Embalagem não reutilizável. USO EXTERNO.<br />\r\nFabricado por: Harmony Aroma Chemicals e Natural Products Ltda<br />\r\nCNPJ.: 01.518.837/0001-90<br />\r\nRua Milton Alves, 83 Jardim Alvorada Jandira SP<br />\r\nRES. ANVS 343/05 M.S: 2.03.200-7<br />\r\nResponsável Técnico: <br />\r\nVera Pineda Bonfadini Afonso CRQ IV 04414369<br />\r\nData de fabricação e lote vide embalagem.<br />\r\n', 0, NULL, NULL, 1.50, 3.50, 8.00, '', ''),
	(82, 120, 0, '36CO270', 'Gel Lubrificante', 'OOPS! LUB - Gel Lubrificante Hot ', '2014-08-09 23:49:14', NULL, 1, 9.7, NULL, 5, 3, 0.06, NULL, 'Oops! Lub Hot<br />\r\n<br />\r\nOops! Lub Hot é um lubrificante com ação térmica deixa seu sexo mais quente.<br />\r\nÉ para aquelas pessoas que desejam experimentar uma sensação mais quente, tornando o sexo mais gostoso.<br />\r\nPensado também para quem gosta de brincar sozinho, sua embalagem em formato de vibrador proporciona a você vários momentos de prazer.<br />\r\n<br />\r\nEm caso de irritação suspenda o uso.<br />\r\nProduto não comestível.<br />\r\nFabricado por: <br />\r\nHarmony Aroma Chemicals e Natural Products Ltda<br />\r\nCNPJ.: 01.518.837/0001-90<br />\r\nRua Milton Alves, 83 Jardim Alvorada – Jandira/SP<br />\r\nRES. ANVS 343/05 M.S: 2.03.200-7<br />\r\n', 0, NULL, NULL, 2.00, 2.50, 13.00, '', ''),
	(83, 71, 0, '36CO269', 'Gel Lubrificante', 'OOPS! LUB - Gel Lubrificante Neutro', '2014-08-09 23:49:14', NULL, 1, 7.9, NULL, 5, 3, 0.06, NULL, 'Oops! Lub Neutro<br />\r\n<br />\r\nOops! Lub Neutro é um Lubrificante para quem gosta de sexo com conforto.<br />\r\nPensado também para quem gosta de brincar sozinho, sua embalagem em formato de vibrador proporciona a você vários momentos de prazer.', 0, NULL, NULL, 2.00, 2.50, 13.00, '', ''),
	(84, 30, 0, '36HC154', 'Gel Rosa - Excitation', 'Gel Rosa - Excitation - Excitante Feminino - Hot Flowers', '2014-08-09 23:49:14', NULL, 1, 12.4, NULL, 1, 3, 0.03, NULL, 'Creme excitante feminino.<br />\r\nEstimulante e afrodisíaco age como estimulante da circulação e aquecedor, favorecendo o aumento do apetite sexual e a excitação<br />\r\n<br />\r\nAplique sobre a pele massageando suavemente.<br />\r\n<br />\r\nEmbalagem com 25g.<br />\r\n<br />\r\nPode ser usado com preservativo<br />\r\n<br />\r\nEmbalagem de 7g.<br />\r\nFabricante: HotFlowers<br />\r\nGarantia: 3 meses<br />\r\nPeso: 0,020 kg<br />\r\nQuantidade de itens na embalagem: 1 <br />\r\n', 0, NULL, NULL, 3.00, 9.00, 12.00, '', ''),
	(85, 46, 0, '39CO224', 'Gel Térmico', 'Gel térmico Lafasex Caipinha', '2014-08-09 23:49:14', NULL, 1, 6.35, NULL, 0, 1, 0.04, NULL, 'Gel Térmico Lafasex Caipirinha - 20ml<br /><br />\r\nInspirado nos mais saborosos e mundialmente famosos drinks.<br /><br />\r\nO Gel térmico comestível Lafasex é produzido com os melhores ingredientes para lhe garantir um delicioso sabor na sua relação, além disso, aquece em contato com a pele proporcionando uma deliciosa sensação. O que lhe garante um delicioso sabor como nas melhores bebidas, IDEAL PARA SEXO ORAL.<br /><br />\r\nAlém disso, aquece em contato com a pele lhe proporcionando uma deliciosa sensação.<br /><br />\r\nModo de usar: Aplique no local desejado e use a imaginação de como tirar!!! Experimente assoprar e sentir um calor super delicioso.<br /><br />\r\nContém 01 Unidade de 20ml<br /><br />\r\n', 0, NULL, NULL, 2.50, 2.50, 9.50, '', ''),
	(86, 120, 0, '33CO285', 'Gotas Chinesas', 'Gotas Chinesas - Gel Aromatizado Comestível - Esq./Esfria', '2014-08-09 23:49:14', NULL, 1, 9.75, NULL, 6, 3, 0.03, NULL, 'GOTAS CHINESAS - GEL AROMATIZADO COMESTÍVEL<br />\r\nEmbalagem conta gotas com 10ml<br />\r\n<br />\r\nExcitante comestível com aroma de cravo e de menta gelada, com conta gotas.<br />\r\nSensação de esquenta esfria.<br />\r\n<br />\r\nModo de usar: Aplicar sobre o local desejado e saborear a vontade. <br />\r\n<br />\r\nPRODUTO COMESTÍVEL. Após aberto consumir em até 15 dias. <br />\r\n<br />\r\nIngredientes: Glicerina, Aroma Natural de Cravo e Aroma Idêntico ao Natural de Menta Gelada. <br />\r\nNão Contém Glúten. <br />\r\nAromatizado artificialmente. <br />\r\nManter em local seco, fresco e ao abrigo da luz. <br />\r\nManter fora do alcance de crianças. Evite contato com os olhos. <br />\r\nEm casos de antecedentes alérgicos, usar com precaução. <br />\r\nFabricado por: CNPJ: 68.250.224/0002-76. Av. Ângelo Franzin, 341 – São Pedro/SP. Licença de Func. nº 355040701-109-000015-1-1. PRODUTO ISENTO DE REGISTRO CONFORME RDC ANVISA 27/2010. <br />\r\nIndústria Brasileira. <br />\r\nInformações Nutricionais: Porção de 5g (1 colher de chá): Não contém quantidades significativas de Valor Energético, Carboidratos, Proteínas, Gorduras Totais, Gorduras Saturadas, Gorduras Trans, Fibra Alimentar e Sódio.<br />\r\n*Valores diários com base em uma dieta de 2000 Kcal ou 8400 KJ. <br />\r\nSeus valores diários podem ser maiores ou menores dependendo de suas necessidades energéticas. <br />\r\n', 0, NULL, NULL, 3.00, 3.00, 8.00, '', 'Fabricado por: CNPJ: 68.250.224/0002-76. Av. Ângelo Franzin, 341 – São Pedro/SP. Licença de Func. nº 355040701-109-000015-1-1. PRODUTO ISENTO DE REGISTRO CONFORME RDC ANVISA 27/2010. <br /><br /><br /><br /><br /><br /><br />\r\n<br /><br /><br /><br /><br /><br /><br />\r\nIndústria Brasileira. <br /><br /><br /><br /><br /><br /><br />\r\nInformações Nutricionais: Porção de 5g (1 colher de chá): Não contém quantidades significativas de Valor Energético, Carboidratos, Proteínas, Gorduras Totais, Gorduras Saturadas, Gorduras Trans, Fibra Alimentar e Sódio.<br /><br /><br /><br /><br /><br /><br />\r\n*Valores diários com base em uma dieta de 2000 Kcal ou 8400 KJ. <br /><br /><br /><br /><br /><br /><br />\r\nSeus valores diários podem ser maiores ou menores dependendo de suas necessidades energéticas. <br /><br /><br /><br /><br /><br /><br />\r\n'),
	(87, 75, 0, '33CO284', 'Gotas do Prazer', 'O Segredo - Gel Aromatizado Comestível', '2014-08-09 23:49:14', NULL, 1, 9.75, NULL, 6, 3, 0.03, NULL, 'O Segredo - GEL AROMATIZADO COMESTÍVEL (esquenta).<br />\r\nEmbalagem conta gotas com 10ml<br />\r\n<br />\r\nModo de usar: Aplicar sobre o local desejado e saborear a vontade. <br />\r\nPRODUTO COMESTÍVEL. <br />\r\nApós aberto consumir em até 15 dias. <br />\r\nIngredientes: Glicerina e Aroma Natural de Cravo.<br />\r\n<br />\r\nNão Contém Glúten. <br />\r\nContém aromatizante. <br />\r\nManter em local seco, fresco e ao abrigo da luz.<br />\r\nManter fora do alcance de crianças. <br />\r\nEvite contato com os olhos. <br />\r\nEm casos de antecedentes alérgicos, usar com precaução. <br />\r\nFabricado por:  CNPJ: 68.250.224/0002-76 Av. Ângelo Franzin, 341 – São Pedro/SP <br />\r\nLicença de Func. nº 355040701-109-000015-1-1. PRODUTO ISENTO DE REGISTRO CONFORME RDC ANVISA 27/2010. <br />\r\nIndústria Brasileira. <br />\r\nInformações Nutricionais:Porção de 5g (1 colher de chá): Não contém quantidades significativas de Valor Energético, Carboidratos, Proteínas, Gorduras Totais, Gorduras Saturadas, Gorduras Trans, Fibra Alimentar e Sódio. <br />\r\n<br />\r\n*Valores diários com base em uma dieta de 2000 Kcal ou 8400 KJ. <br />\r\nSeus valores diários podem ser maiores ou menores dependendo de suas necessidades energéticas.                                                                                                                                           AGITE ANTES DE USAR. <br />\r\nVALIDADE: 24 MESES. <br />\r\nFABRICAÇÃO: VIDE FRASCO<br />\r\n', 0, NULL, NULL, 3.00, 3.00, 8.00, '', ''),
	(88, 76, 0, '35TOY01', 'Higienizador', 'Toy Cleaner - Higienizador para Brinquedos Eróticos', '2014-08-09 23:49:14', NULL, 1, 16.4, NULL, 1, 1, 0.14, NULL, 'Toy Cleaner - Higienizador para Brinquedos Eróticos - Transar é arte, limpar faz parte.<br /><br />\r\nToy Cleaner é um sabão líquido especifico para a limpeza de brinquedos eróticos adultos.<br /><br />\r\nDiferente de higienizadores à base de álcool que podem danificar o seu brinquedo erótico, Toy Cleaner foi especialmente desenvolvido à base de água, com tensoativos que limpam, previnem o ressecamento e aumentam a vida útil do seu brinquedo.<br /><br />\r\nToy Cleaner é enriquecido com micro cápsulas que prolongam o perfume e a refrescância após a limpeza.<br /><br />\r\nOrigem: Nacional<br /><br />\r\nEmbalagem: Pet com tampa fliptop<br /><br />\r\nMedidas: 100ml (mililitros)<br /><br />\r\nIndicação: O Sabonete líquido, foi desenvolvido para limpar e higienizar, deixando um suave perfume no seu brinquedo.<br /><br />\r\nModo de uso: Aplique distribuindo uniformemente no produto, limpando toda superfície de seu brinquedo erótico, pois não o resseca. Seu uso em uma vasta área materiais como plástico, PVC, silicone e etc.<br /><br />\r\nVálido por 24 meses da data de fabricação<br /><br />\r\nNotificado junto a ANVISA.<br /><br />\r\nINDÚSTRIA BRASILEIRA <br /><br />\r\nMS 3.02616.7<br /><br />\r\nProduto Saneante notificado na ANVISA Nº 25351.528601.2009/70 <br /><br />\r\n', 0, NULL, NULL, 4.00, 6.00, 16.50, '', ''),
	(89, 77, 0, '22LS091', 'Kit - Posição de Mestre ', 'Kit - Posição de Mestre - Oncinha', '2014-08-09 23:49:14', NULL, 1, 46.4, NULL, 3, 1, 0.11, NULL, 'Kit - Posição Mestre  - Oncinha<br />\r\nAjuste o ângulo perfeito com as cintas Posição Mestre! Deixe sua imaginação levá-la para além de seus limites físicos. Cintas de nylon resistentes irão segurar confortavelmente suas pernas no lugar para que elas não se cansem quando a ação acontece. O que lhe permite chegar a orgasmos  mais intensos e ir mais fundo do que nunca. A alça de pescoço é acolchoada para maior conforto, e as cintas de nylon facilmente ajustáveis para a maioria dos tamanhos. Aproveite as novas posições que você nunca pensou que fosse possível com a facilidade e conforto!<br />\r\n<br />\r\nContém: Um kit de cintas de nylon ajustáveis.<br />\r\nComposição: Pelúcia (100% poliéster) / Elástico (35% poliéster, 30% algodão, 35% elastodieno).<br />\r\nConservação e lavagem: Limpar com pano úmido. Secar à sombra.<br />\r\nTamanho: Único.<br />\r\nCor: Oncinha.<br />\r\nPRODUTO PARA MAIORES DE 18 ANOS<br />\r\n <br />\r\n <br />\r\n<br />\r\n', 0, NULL, NULL, 5.00, 15.00, 29.00, '', NULL),
	(90, 78, 0, '101EE901', 'Livro', 'Livro - Pompoarismo o Caminho do Prazer', '2014-08-09 23:49:14', NULL, 1, 29, NULL, 2, 1, 0.27, NULL, 'Pompoarismo o caminho do prazer - EDITORA EDEN<br /><br />\r\nEste livro contém técnicas de exercícios milenares de pompoarismo, ginástica íntima que habilitará a mulher a compreender os movimentos internos da musculatura. Possui técnicas para o casal inspirado nas exóticas posições do Kama Sutra, proporcionando níveis inimagináveis de prazer e êxtase sexual. As páginas desse maravilhoso livro ensinarão a técnica completa, com exercícios elaborados em séries para facilitar o treinamento e orientações para o uso correto dos acessórios. Ele mostrará o uso do colar tailandês que trabalha no aumento da consciência vaginal. Autores: KADOSH, Carlos e IMAGUIRE, Celine Editora: Eden Contém: 141 Páginas.<br /><br />\r\nFunções: Leitura e conhecimento<br /><br />\r\n', 0, NULL, NULL, 1.00, 15.50, 23.00, '', 'País de Orígem:<br /><br /><br />\r\nBrasil<br /><br /><br />\r\nValidade:<br /><br /><br />\r\nIndeterminada<br /><br /><br />\r\nCor:<br /><br /><br />\r\nColorido<br /><br /><br />\r\n<br /><br /><br />\r\n<br /><br /><br />\r\nMaterial:<br /><br /><br />\r\nPapel<br /><br /><br />\r\nPeso Bruto na Embalagem:<br /><br /><br />\r\n261,00 g<br /><br /><br />\r\n'),
	(91, 79, 0, '101EE904', 'Livro', 'Livro - Potência Sexual Masculina', '2014-08-09 23:49:14', NULL, 1, 31, NULL, 3, 1, 0.24, NULL, 'Potência sexual masculina – EDITORA EDEN<br />\n<br />\n<br />\nO Livro Potência Sexual Masculina é inovador e revolucionário, apresenta técnicas inéditas e segredos sexuais de resultado fabuloso. Apresentado de maneira fácil e bem-humorada, possui a riqueza das ilustrações do Márcio Baraldi e da participação de experts na área da sexualidade. Autor: Carlos Kadosh  Editora: Eden Contém: 148 Páginas.<br />\n <br />\n<br />\nFunções: Leitura e conhecimento<br />\n<br />\n', NULL, 0, 0, 1.00, 15.50, 23.00, NULL, 'Importador:<br />\nEROS IMP. EXP. LTDA.<br />\nPaís de Orígem:<br />\nBrasil<br />\nValidade:<br />\nindeterminada<br />\n<br />\n<br />\nCor:<br />\nColorido<br />\nMaterial:<br />\nPapel<br />\nPeso Bruto na Embalagem:<br />\n234,00 g<br />\n<br />\n<br />\nDimensões do Produto:<br />\n15,00 x 1,00 x 23,00 cm (CxLxA)<br />\n'),
	(92, 30, 0, '36HC444', 'Loção Lubrificante', 'AQUA LOOB - Resistente a água - Hot Flowers', '2014-08-09 23:49:14', NULL, 1, 14.8, NULL, 6, 3, 0.03, NULL, 'Aqua Loob<br />\r\nReinvente seu conceito. Lubrificantes resistentes à água.<br />\r\n<br />\r\nIdeal para usar de baixo d`água.<br />\r\nLoção lubrificante,<br />\r\nespecialmente desenvolvido com componentes resistentes à água,<br />\r\nmantendo uma lubrificação prolongada nas relações.<br />\r\n <br />\r\n<br />\r\nFabricante: HotFlowers<br />\r\nGarantia: 3 meses<br />\r\nPeso: 0,050 kg<br />\r\nQuantidade de itens na embalagem: 1 <br />\r\n', 0, NULL, NULL, 11.50, 2.50, 2.50, '', NULL),
	(93, 30, 0, '36HC445', 'Loção Lubrificante', 'AQUA FIRE - Resistente a água - Hot Flowers ', '2014-08-09 23:49:14', NULL, 1, 16.7, NULL, 7, 3, 0.03, NULL, 'Reinvente seu conceito. Lubrificantes resistentes à água﻿<br /><br />\r\nLoção Lubrificante,<br /><br />\r\ncom formulação que além de resistência à água,<br /><br />\r\nleva a um aquecimento no momento da relação,<br /><br />\r\ndeixando tudo mais quente na penetração.﻿', 0, NULL, NULL, 11.50, 2.50, 2.50, '', 'Fabricante: HotFlowers<br /><br />\r\nGarantia: 3 meses<br /><br />\r\nPeso: 0,050 kg<br /><br />\r\nQuantidade de itens na embalagem: 1'),
	(94, 30, 0, '36HC443', 'Loção Lubrificante', 'INTENSE LOOB - Loção Lubrificante - Hot Flowers', '2014-08-09 23:49:14', NULL, 1, 44.7, NULL, 1, 1, 0.08, NULL, 'Intense Loob 50ml<br />\r\n<br />\r\n•  É uma LOÇÃO LUBRIFICANTE de alta performance,<br />\r\ncom ação prolongada e intensa para uso em massagens,<br />\r\ne nas relações facilitando a penetração e proporcionando maior prazer.<br />\r\nPossui vitamina E que é um antioxidante e ajuda na prevenção do envelhecimento da pele.<br />\r\n<br />\r\nFabricante: HotFlowers<br />\r\nGarantia: 3 meses<br />\r\nPeso: 0,020 kg<br />\r\nQuantidade de itens na embalagem: 1 <br />\r\n', 0, NULL, NULL, 11.00, 4.50, 4.50, '', ''),
	(95, 30, 0, '34HC307', 'Lubrificante', 'Toque de Seda - Lubrificante,um toque suave e macio', '2014-08-09 23:49:14', NULL, 1, 17.5, NULL, 6, 3, 0.02, NULL, 'Toque de Seda<br />\r\nMasturbador UNISSEX. Aplique massageando suavemente.<br />\r\nProporciona um toque suave deixando a pele sensível como a seda.<br />\r\nDesperta os sentidos trazendo uma experiência única.<br />\r\nEmbalagem de 12ml.<br />\r\n<br />\r\nFabricante: HotFlowers<br />\r\nGarantia: 3 meses<br />\r\nPeso: 0,010 kg<br />\r\nQuantidade de itens na embalagem: 1 <br />\r\n', 0, NULL, NULL, 11.50, 2.50, 2.50, '', NULL),
	(96, 120, 0, '34CO236', 'Mãos de Seda', 'Gel Deslizante para Massagem - Mãos de Seda', '2014-08-09 23:49:14', NULL, 1, 20.7, NULL, 11, 5, 0.05, NULL, 'Gel para massagem Mãos de Seda - Menta<br />\r\nGel deslizante para massagem corporal, ideal para uma masturbação mais prazeroza!<br />\r\nMarca: Sexy Hot<br />\r\nConteúdo da embalagem: 30g<br />\r\nModo de Usar: Aplique o Gel para massagem Mãos de Seda no local desejado, massageando ate sua total absorção.<br />\r\nPrecauções: Manter fora do alcance das crianças. Manter ao abrigo de luz e calor. Em caso de irritação suspender o uso, e procurar orientação médica.<br />\r\nEmbalagem não reutilizável. USO EXTERNO.<br />\r\nVálido por 24 meses após a data de fabricação.', 0, NULL, NULL, 11.00, 4.50, 3.00, '', 'Fabricado por: Abcott Indústria Química Ltda.<br />'),
	(97, 8, 0, '17MAS02', 'Massageador', 'Massageador Butterfly Clitoriano e anal com Pênis', '2014-08-09 23:49:14', NULL, 1, 49.7, NULL, 2, 1, 0.22, NULL, 'Massageador Butterfly clitoriano e anal com pênis<br />\r\nEsta borboleta é um massageador clitoriano e anal com vibrador multivelocidade em formato de pênis para penetração vaginal de 14 cm de comprimento acionado por um controle remoto de fio. Em PVC atóxico é de fácil higienização. <br />\r\nMais Informações:<br />\r\nCom vibrador<br />\r\nAs próteses com a sua vantagem de se parecer com partes do corpo, aliadas ao poder de um vibrador proporcionam um novo prazer: misto de realidade e tecnologia.<br />\r\nUtiliza 2 Pilhas AA - Não acompanha pilha<br />\r\n', 0, NULL, NULL, 10.00, 17.50, 30.50, '', 'Utiliza 2 Pilhas AA<br />\nNão acompanha pilha.<br />\nCom controle com fio para ajuste para multi-Velocidade<br />\nCuidados: Lavar antes e após o manuseio com água e sabão neutro ou Higienize com Toy Cleaner, produto exclusivo Adão e Eva. <br />\nNão compartilhe deste produto com outros parceiros.<br />\nOrigem: Nacional (fabricante Adão e Eva)<br />\nTamanho: 14 x 2,5 cm<br />\nCor: Rosa<br />\nMaterial: PVC Atóxico<br />\nEmbalagem: Blister PET<br />\n'),
	(98, 85, 0, '22KS972', 'Mini Baralho', 'Mini Baralho Strip Sexy - Sexy Fantasy', '2014-08-09 23:49:14', NULL, 1, 6.35, NULL, 1, 1, 0.01, NULL, 'Mini Baralho Strip Sexy <br />\r\nSinta todo o prazer com essa brincadeira famosa, de pura sedução com 100% de diversão...<br />\r\n<br />\r\nBaralho com 12 cartas com frases indicativas para você se divertir com o seu parceiro(a).<br />\r\n<br />\r\nContém 01 Unidade<br />\r\n', 0, NULL, NULL, 1.50, 6.00, 6.00, '', ''),
	(99, 86, 0, '22LS031', 'Mordaça', 'Mordaça em Courvin com Tiras Ajustáveis', '2014-08-09 23:49:14', NULL, 1, 28.3, NULL, 3, 1, 0.05, NULL, 'MORDAÇA COM TIRAS AJUSTÁVEIS <br />\r\nMostre quem tem a última palavra com essa mordaça em courvin com tiras ajustáveis. Ideal para iniciantes, bocas pequenas e longas cenas de sadomasoquismo.<br />\r\n', 0, NULL, NULL, 4.00, 8.00, 15.00, '', 'Contém: Uma mordaça.<br /><br />\r\nComposição: Courvin (50% algodão, 50% poliéster).<br /><br />\r\nConservação e lavagem: Limpar com pano úmido. Secar à sombra.<br /><br />\r\nTamanho: Único.<br /><br />\r\nPRODUTO PARA MAIORES DE 18 ANOS<br /><br />\r\n'),
	(100, 120, 0, '33CO279', 'Mousse', 'Mousse de Chocolate com Morango para Massagem', '2014-08-09 23:49:14', NULL, 1, 10.25, NULL, 3, 1, 0.05, NULL, 'Mousse de Chocolate Comestível para Massagem - Eu Amo Chocolate com Morango<br />\r\n <br />\r\nAplique sobre o local desejado e saboreie a vontade.<br />\r\n<br />\r\nPeso: 30g<br />\r\nSabor: Chocolate com Morango<br />\r\n<br />\r\n<br />\r\nPRODUTO COMESTÍVEL.<br />\r\nApós aberto consumir em até 15 dias.<br />\r\nIngredientes:<br />\r\nAçúcar, Óleo Mineral, Gordura Vegetal, Cacau em Pó, Leite em Pó Integral, Leite em Pó Desnatado, Massa de Cacau, Emulsificantes: Lecitina de Soja (INS322) e Poliglicerol polirricinoleato (INS476) e Aroma Idêntico ao Natural de Morango.<br />\r\nAromatizado Artificialmente. Manter em local seco, fresco, arejado e longe de produtos que exalem odor.<br />\r\nFabricado por: Claudete Serena São Pedro ME - CNPJ: 68.250.224/0002-76<br />\r\nLicença de Func. nº 355040701-109-000015-1-1<br />\r\nPRODUTO ISENTO DE REGISTRO CONFORME RDC ANVISA 27/2010.<br />\r\nIndústria Brasileira<br />\r\nInformação Nutricional:<br />\r\nPorção de 10g (1/2 colher de sopa): Valor Energético 54 Kcal = 226KJ (2,7%VD*), Carboidratos 6,1g (2,0%VD*), Proteínas 0,4g (0,5%VD*), Gorduras Totais 3,2g (5,9%VD*), Gorduras Saturadas 0,9g (4,0%VD*), Gorduras Trans 0,6g (**), Fibra Alimentar 0,3g (1,2%VD*), Sódio 2,7mg (0,1%VD*).<br />\r\n*Valores diários com base em uma dieta de 2000 Kcal ou 8400 KJ. Seus valores diários podem ser maiores ou menores dependendo de suas necessidades energéticas.<br />\r\n<br />\r\nValidade: 6 meses da data de fabricação.<br />\r\n', 30, 1, NULL, 2.50, 6.00, 9.00, '', 'Fabricado por: Claudete Serena São Pedro ME - CNPJ: 68.250.224/0002-76<br /><br /><br /><br /><br /><br /><br />\r\nLicença de Func. nº 355040701-109-000015-1-1<br /><br /><br /><br /><br /><br /><br />\r\nPRODUTO ISENTO DE REGISTRO CONFORME RDC ANVISA 27/2010.<br /><br /><br /><br /><br /><br /><br />\r\nIndústria Brasileira<br /><br /><br /><br /><br /><br /><br />\r\nInformação Nutricional:<br /><br /><br /><br /><br /><br /><br />\r\nPorção de 10g (1/2 colher de sopa): Valor Energético 54 Kcal = 226KJ (2,7%VD*), Carboidratos 6,1g (2,0%VD*), Proteínas 0,4g (0,5%VD*), Gorduras Totais 3,2g (5,9%VD*), Gorduras Saturadas 0,9g (4,0%VD*), Gorduras Trans 0,6g (**), Fibra Alimentar 0,3g (1,2%VD*), Sódio 2,7mg (0,1%VD*).<br /><br /><br /><br /><br /><br /><br />\r\n<br /><br /><br /><br /><br /><br /><br />\r\n*Valores diários com base em uma dieta de 2000 Kcal ou 8400 KJ. Seus valores diários podem ser maiores ou menores dependendo de suas necessidades energéticas.<br /><br /><br /><br /><br /><br /><br />\r\n**Valores diários não estabelecidos.<br /><br /><br /><br /><br /><br /><br />\r\n<br /><br /><br /><br /><br /><br /><br />\r\nValidade: 6 meses<br /><br /><br /><br /><br /><br /><br />\r\n'),
	(101, 120, 0, '33CO233', 'Óleo para Massagem', 'Óleo para Massagem beijável - Esfria / Esquenta - Menta Ice', '2014-08-09 23:49:14', NULL, 1, 8.1, NULL, 0, 2, 0.06, NULL, 'Óleo para massagem beijável FOGO E GELO - Menta Ice ( Esquenta / Esfria)<br />\r\nCom 38 gramas<br />\r\nDescubra novas sensações. Aplique sobre a pele o Óleo Fogo e Gelo - Menta Ice, massageando e explorando o corpo com as mãos em movimentos circulares. A refrescância torna o tato muito mais agradável em toques mais prolongados.<br />\r\nComposição: Glycerin, Sorbitol, Methyldibromo Glutaronitrile (and) Phenoxyethanol, Sodium Benzotriazolyl Butylphenol Sulfonate (and) Buteth-3 (and) Tributyl Citrate, Flavor, Alcohol, CI 42090, CI 15985.<br />\r\nModo de usar: Colocar a quantidade desejada na ponta dos dedos, e aplicar no local, massageando delicadamente.<br />\r\nPrecauções: Manter fora do alcance das crianças. Manter ao abrigo de luz e calor. Em caso de irritação suspender o uso, e procurar orientação médica. Embalagem não reutilizável. USO EXTERNO.<br />\r\n', 0, NULL, NULL, 2.00, 3.50, 7.50, '', 'Fabricado por: Harmony Aroma Chemicals e Natural Products Ltda<br /><br /><br /><br /><br /><br /><br /><br /><br /><br /><br /><br />\r\nCNPJ.: 01.518.837/0001-90<br /><br /><br /><br /><br /><br /><br /><br /><br /><br /><br /><br />\r\nRua Milton Alves, 83 Jardim Alvorada Jandira SP<br /><br /><br /><br /><br /><br /><br /><br /><br /><br /><br /><br />\r\nRES. ANVS 343/05 M.S: 2.03.200-7<br /><br /><br /><br /><br /><br /><br /><br /><br /><br /><br /><br />\r\n<br /><br /><br /><br /><br /><br /><br /><br /><br /><br /><br /><br />\r\nResponsável Técnico: <br /><br /><br /><br /><br /><br /><br /><br /><br /><br /><br /><br />\r\nVera Pineda Bonfadini Afonso CRQ IV 04414369<br /><br /><br /><br /><br /><br /><br /><br /><br /><br /><br /><br />\r\nData de fabricação e lote vide embalagem.<br /><br /><br /><br /><br /><br /><br /><br /><br /><br /><br /><br />\r\n'),
	(102, 47, 0, '73T2B', 'OVO - Lifestyle', 'OVO Black - Lifestyle - Vibrador', '2014-08-09 23:49:14', NULL, 1, 181, NULL, 1, 1, 0.15, NULL, 'T2 – Sofisticação para o prazer!<br />\r\nCom design moderno, compacto e de fácil utilização, o T2 vai realizar seus desejos mais íntimos!<br />\r\nPara quem valoriza qualidade e eficiência, chegou o produto que vai satisfazer suas vontades.<br />\r\nDe motor ultra-potente, silencioso, com 5 programas de vibração, resistente à água, com baixo consumo de bateria e iluminação de led  para facilitar a identificação dos botões.<br />\r\nA combinação de texturas no revestimento permite variações de sensação surpreendentes!<br />\r\nPermita-se!<br />\r\nAcompanha manual de instruções em: Inglês, Espanhol, Francês, Alemão, Russo e Japonês.<br />\r\nQualidade: Produzido em ABS de qualidade incomparável, atóxico,  higienicamente superior aos similares no mercado, 100% seguro para o corpo!<br />\r\nÉ macio, não poroso, não tem cheiro e é fácil de limpar.<br />\r\nDisponíveis em 3 opções de cores.<br />\r\nEmbalagem: Se apresenta em embalagem com abertura e fechamento a vácuo (similar padrão apple), muito sofisticada, com encaixe para o vibrador e espaço para guardar manual de instruções com discrição e segurança.<br />\r\nDimensões: O vibrador mede 9,5 cm de comprimento por 2,5 cm de diâmetro (aproximadamente).<br />\r\nBaterias: Utiliza 1 bateria "AAA" não inclusa.<br />\r\nSempre substitua todas as pilhas ao mesmo tempo, nunca inverter as polaridades dentro do compartimento. Caso o produto fique sem uso, retire as pilhas para evitar curtos-circuitos ou oxidação das mesmas, o que poderia danificar seriamente seu vibrador. Siga as leis de descarte exercidas em sua região, nunca descarte as pilhas no lixo comum sob risco de contaminação de solo e água.<br />\r\n Modo de Usar: Mantenha pressionado durante 3 segundos o botão localizado na base do vibrador para ligar ou desligar. Para alterar o modo de vibração pressione o mesmo solte-o rapidamente.<br />\r\nRecomendações: É recomendado o uso de lubrificante à base de água.<br />\r\nCuidados:  Conservar fora da luz solar e não expor a temperatura superior a 50ºC, nunca permita que a água entre em contato com o compartimento de pilhas/ baterias. Higienize seu vibrador sempre antes e após o uso para maior segurança de sua saúde!', 0, NULL, NULL, 6.00, 6.00, 13.00, '', 'Distribuição Exclusiva no Brasil Adão e Eva Toys<br /><br /><br /><br /><br />\r\nImportado por: Coliseu Comercial Importadora<br /><br /><br /><br /><br />\r\nDesign by: Germany<br /><br /><br /><br /><br />\r\nMade in: RPC<br /><br /><br /><br /><br />\r\n'),
	(103, 90, 0, '51PD54212', 'Penetrador Duplo', 'Penetrador Duplo Sinuoso com 7 Veloc.', '2014-08-09 23:49:14', NULL, 1, 377, NULL, 2, 1, 0.42, NULL, 'Penetrador duplo sinuoso com 7 velocidades - 13 VIBRATOR DOUBLE DILDO - PIPEDREAM<br />\r\nEste produto é um penetrador duplo sinuoso em silicone, um material extremamente macio, suave e confortável. Este penetrador duplo possui saliências estimuladoras que aprimoram as sensações, transformando sua utilização em um momento intenso. O penetrador duplo possui ponta curvada para a estimulação do ponto G, o que aprimora ainda mais suas qualidades. Vem com um controle remoto de fio que controla suas sete velocidades, possibilitando que seus usuários tenham ainda mais prazer. Há também um suporte com haste para fixar na cinta, tudo pensando na máxima eficiência ao usuário. Seu design moderno é um de seus destaques, pois com beleza e sofisticação a sua utilização se torna muito melhor. Grátis uma venda lilás em silicone. <br />\r\nFunções: Penetração vaginal e anal<br />\r\nModo de Uso: Abra a tampa do controle. Insira as pilhas e aperte o botão de liga e desliga e em seguida aperte o botão de baixo para mudar as vibrações. Use lubrificante a base de água e inicie a penetração<br />\r\n', 0, NULL, NULL, 8.00, 33.00, 16.00, '', 'Marca:<br /><br /><br /><br />\r\nPipedream<br /><br /><br /><br />\r\nImportador:<br /><br /><br /><br />\r\nEROS IMP. EXP. LTDA.<br /><br /><br /><br />\r\nPaís de Orígem:<br /><br /><br /><br />\r\nEUA<br /><br /><br /><br />\r\n<br /><br /><br /><br />\r\n<br /><br /><br /><br />\r\nValidade:<br /><br /><br /><br />\r\nIndeterminada<br /><br /><br /><br />\r\nCor:<br /><br /><br /><br />\r\nLilás<br /><br /><br /><br />\r\nEnergia:<br /><br /><br /><br />\r\n2 pilhas AA não inclusas<br /><br /><br /><br />\r\n<br /><br /><br /><br />\r\n<br /><br /><br /><br />\r\nMaterial:<br /><br /><br /><br />\r\nABS, Silicone<br /><br /><br /><br />\r\nPeso Bruto na Embalagem:<br /><br /><br /><br />\r\n417,00 g<br /><br /><br /><br />\r\nDimensões da Embalagem:<br /><br /><br /><br />\r\n33,00 x 8,00 x 16,00 cm (CxLxA)<br /><br /><br /><br />\r\n<br /><br /><br /><br />\r\n<br /><br /><br /><br />\r\nDimensões do Produto:<br /><br /><br /><br />\r\n33 x 4 x 4 cm (CxLxA)<br /><br /><br /><br />\r\nPenetráveis Produto:<br /><br /><br /><br />\r\n16 cm<br /><br /><br /><br />\r\nTamanho Produto:<br /><br /><br /><br />\r\nControle:10x3,5cm<br /><br /><br /><br />\r\n<br /><br /><br /><br />\r\nMaterial e Higienização:<br /><br /><br /><br />\r\nABS<br /><br /><br /><br />\r\nComponentes:<br /><br /><br /><br />\r\nResina sintética termoplástica composta pela combinação de acrilonitrila, butadieno e estireno.<br /><br /><br /><br />\r\nPropriedades:<br /><br /><br /><br />\r\nRígida e leve, com alguma flexibilidade e resistência na absorção de impacto.<br /><br /><br /><br />\r\nIdeal na fabricação de acessórios moldados.<br /><br /><br /><br />\r\nHigiene e Manutenção:<br /><br /><br /><br />\r\nHigienizar com água fria e sabão neutro (ou bactericida), antes e após o uso. Deixe secar naturalmente a sombra. Guarde-o na embalagem original ou saco plástico. Mantenha-o em local seco, fresco e ao abrigo da luz.<br /><br /><br /><br />\r\n<br /><br /><br /><br />\r\n<br /><br /><br /><br />\r\nSILICONE<br /><br /><br /><br />\r\nComponentes:<br /><br /><br /><br />\r\nPolímero semi-orgânico e industrial conhecido por sua ampla estabilidade e por repelir a água. Compostos inodoros e insípidos.<br /><br /><br /><br />\r\nPropriedades:<br /><br /><br /><br />\r\nPossui uma estrutura molecular estreita e retém o calor. Alta flexibilidade, também repele a sujeira e bactérias. Não se desfaz com fricção.<br /><br /><br /><br />\r\nHigiene e Manutenção:<br /><br /><br /><br />\r\nHigienizar com água fria e sabão (neutro ou bactericida), antes e após o uso. Para maior durabilidade, manter em local seco, fresco e ao abrigo da luz. Guarde-o na embalagem original ou saco plástico.<br /><br /><br /><br />\r\nLubrificantes:<br /><br /><br /><br />\r\nÀ base de água<br /><br /><br /><br />\r\n<br /><br /><br /><br />\r\n'),
	(104, 120, 0, '37CO041', 'Perfume ', 'Perfume Pheromon for Woman', '2014-08-09 23:49:14', NULL, 1, 23.5, NULL, 3, 2, 0.04, 1, 'Perfume Pheromon for Woman <br />\r\n<br />\r\nAlém de colônia desodorante para todo o corpo, essa deliciosa fragrância, desperta o libido do sexo masculino. Para qualquer hora do dia ou após o banho.<br />\r\nO Perfume Pheromon for Woman, é um produto que estimula a liberação dos feromônios, são substâncias que atraem e despertam o libido.<br />\r\nFeito para mulheres que querem ser mais atraentes que querem conquistar ou melhorar suas relações sexuais.<br />\r\n', 0, NULL, NULL, 10.00, 3.50, 3.50, '', 'Origem: Nacional, exclusividade Adão & Eva<br /><br /><br />\r\nEmbalagem: Frasco de vidro com borrifador<br /><br /><br />\r\nMedidas: 15ml (mililitros)<br /><br /><br />\r\nIndicação: Indicado para limpeza de pele e contração dos poros. Deixa suave sensação de adstringência local.<br /><br /><br />\r\nFinalidade e modo de uso: Colônia desodorante para todo o corpo. Passe essa deliciosa fragrância a qualquer hora do dia após o banho ou antes de deitar, despertará o libido do sexo masculino.<br /><br /><br /><br /><br />\r\nPrecauções: Embalagem não reutilizável.  Manter em lugar fresco ao abrigo do calor e da luz intensa.<br /><br /><br />\r\n <br /><br />\r\nINDÚSTRIA BRASILEIRA<br /><br /><br />\r\nRes. 343/05 Aut.Funcionamento 2-03676-2<br /><br /><br />\r\nCRQ-IV 004350410<br /><br /><br />\r\nVálido por 36 meses da data de fabricação<br /><br /><br />\r\n'),
	(105, 120, 0, '37CO040', 'Perfume ', 'Perfume Pheromon for Man', '2014-08-09 23:49:14', NULL, 1, 23.5, NULL, 3, 2, 0.04, NULL, 'Perfume Pheromon for Man <br /><br /><br />\r\nAlém de colônia desodorante para todo o corpo, essa deliciosa fragrância, disperta o libido do sexo feminino. Para qualquer hora do dia ou após o banho.<br /><br /><br />\r\n', 0, NULL, NULL, 10.00, 3.50, 3.50, '', 'Origem: Nacional, exclusividade Adão & Eva<br /><br /><br />\r\nEmbalagem: Frasco de vidro com borrifador<br /><br /><br />\r\nMedidas: 15ml (mililitros)<br /><br /><br />\r\nIndicação: Indicado para limpeza de pele e contração dos poros. Deixa suave sensação de adstringência local.<br /><br /><br />\r\nFinalidade e modo de uso: Colônia desodorante para todo o corpo. Passe essa deliciosa fragrância a qualquer hora do dia após o banho ou antes de deitar, despertará o libido do sexo feminino.<br /><br /><br />\r\nPrecauções: Embalagem não reutilizável.  Manter em lugar fresco ao abrigo do calor e da luz intensa.                                                                                                                                    INDÚSTRIA BRASILEIRA<br /><br /><br />\r\nRes. 343/05 Aut.Funcionamento 2-03676-2<br /><br /><br />\r\nCRQ-IV 004350410<br /><br /><br />\r\nVálido por 36 meses da data de fabricação<br /><br /><br />\r\n<br /><br /><br />\r\n'),
	(106, 93, 0, '22BR343', 'Pétalas Aromáticas', 'Pétalas Aromáticas c/ 120 unid.', '2014-08-09 23:49:14', NULL, 1, 19.8, NULL, 2, 1, 0.04, NULL, 'Pétalas Aromáticas c/ 120 unid. <br />\r\nEm tecido de cetim vermelho, em formato de coração e com essência de narciso altamente afrodisíaco.<br />\r\nContem: 120 Unid. (Pétalas)<br />\r\n', 0, NULL, NULL, 0.50, 14.50, 18.00, '', ''),
	(107, 94, 0, '111HP332V', 'Plug Anal', 'Plug Anal 6 Ball Violeta - 11,5x2,5cm', '2014-08-09 23:49:14', NULL, 1, 27.9, NULL, 3, 1, 0.07, NULL, 'Plug Anal 6 Ball<br />\r\n<br />\r\nUsar com Lubrificantes, vem em: (Cosméticos/Lubrificantes)<br />\r\n<br />\r\nFabricante: HotFlowers<br />\r\nGarantia: 3 meses<br />\r\nPeso: 0,067 kg<br />\r\nQuantidade de itens na embalagem: 1', 0, NULL, NULL, 3.50, 11.00, 29.00, '', ''),
	(108, 95, 0, '111HP334V', 'Plug Anal', 'Plug Anal Espeto Penis - Violeta - 17,2x2cm', '2014-08-09 23:49:14', NULL, 1, 27.9, NULL, 2, 1, 0.07, NULL, 'Plug Anal Espeto de Pênis<br />\r\n<br />\r\nUsar com Lubrificantes, ver em: (cosméticos/Lubrificantes)<br />\r\n<br />\r\nFabricante: HotFlowers<br />\r\nGarantia: 3 meses<br />\r\nPeso: 0,064 kg<br />\r\nQuantidade de itens na embalagem: 1 <br />\r\n', 0, NULL, NULL, 3.50, 11.00, 29.00, '', ''),
	(109, 120, 0, '33CO282', 'Porta dos Fundos', 'Porta dos Fundos - Gel Aromatizado Comestível ', '2014-08-09 23:49:14', NULL, 1, 21, NULL, 6, 3, 0.03, NULL, 'Gel aromatizado Comestível - Porta dos Fundos<br />\r\n<br />\r\nModo de usar: <br />\r\nAplicar sobre o local desejado e saborear a vontade. <br />\r\n<br />\r\nPRODUTO COMESTÍVEL.<br />\r\n<br />\r\nApós aberto consumir em até 15 dias.<br />\r\n<br />\r\nIngredientes: Glicerina, Água e Aromas Naturais de Cravo e Jambu.<br />\r\nNão Contém Glúten. Contém Aromatizante. Manter em local seco, fresco e ao abrigo da luz. Manter fora do alcance de crianças. Evite contato com os olhos. Em casos de antecedentes alérgicos, usar com precaução.<br />\r\n“Produto sem Risco e Não Perigoso”<br />\r\nSP. Licença de Func. nº 355040701-109-000015-1-1<br />\r\nPRODUTO ISENTO DE REGISTRO CONFORME RDC ANVISA 27/2010.<br />\r\nIndústria Brasileira<br />\r\nInformações Nutricionais:<br />\r\nPorção de 5g (1 colher de chá): Não contém quantidades significativas de Valor Energético, Carboidratos, Proteínas, Gorduras Totais, Gorduras Saturadas, Gorduras Trans, Fibra Alimentar e Sódio.<br />\r\n*Valores diários com base em uma dieta de 2000 Kcal ou 8400 KJ. Seus valores diários podem ser maiores ou menores dependendo de suas necessidades energéticas.<br />\r\n', 0, NULL, NULL, 2.50, 2.50, 10.50, '', 'Fabricado por: Sexy Hot<br /><br /><br />\r\nAGITE ANTES DE USAR<br /><br /><br />\r\n'),
	(110, 8, 0, '53ADAO17', 'Protese', 'Protese com Vibro - Pele - 18,5cm', '2014-08-09 23:49:14', NULL, 1, 55.3, NULL, 5, 1, 0.35, NULL, 'Prótese 10 Vibro em PVC - 18,5x4,5 cm.<br /><br />\r\nPrótese com vibrador de multivelocidade em formato de pênis com 18,5 cm de comprimento e 4,5 cm de diâmetro para penetração vaginal ou anal, em PVC atóxico de fácil higienização.<br /><br />\r\nUtiliza 2 Pilhas AA - Não acompanha pilha', 0, NULL, NULL, 10.00, 17.50, 30.50, '', 'Utiliza 2 Pilhas AA<br /><br /><br /><br /><br />\r\nNão acompanha pilha.<br /><br /><br /><br /><br />\r\nAjuste para multi-Velocidade<br /><br /><br /><br /><br />\r\nCuidados: Lavar antes e após o manuseio com água e sabão neutro ou Higienize com Toy Cleaner, produto exclusivo Adão e Eva. <br /><br /><br /><br /><br />\r\nNão compartilhe deste produto com outros parceiros.<br /><br /><br /><br /><br />\r\nOrigem: Nacional (fabricante Adão e Eva)<br /><br /><br /><br /><br />\r\nTamanho: 18,5 x 4,5 cm<br /><br /><br /><br /><br />\r\nCor: Pele<br /><br /><br /><br /><br />\r\nMaterial: PVC Atóxico<br /><br /><br /><br /><br />\r\nEmbalagem: Blister PET<br /><br /><br /><br /><br />\r\n'),
	(111, 8, 0, '53ADAO17P', 'Protese', 'Protese com Vibro - Preto - 18,5cm', '2014-08-09 23:49:14', NULL, 1, 55.3, NULL, 1, 1, 0.35, NULL, 'Prótese 10 com Vibro em PVC - 18,5x4,5 cm.<br /><br />\r\nPrótese com vibrador de multivelocidade em formato de pênis com 18,5 cm de comprimento e 4,5 cm de diâmetro para penetração vaginal ou anal, em PVC atóxico de fácil higienização.                   Utiliza 2 Pilhas AA - Não acompanha pilha ', 0, NULL, NULL, 10.00, 15.50, 29.00, '', 'Utiliza 2 Pilhas AA<br /><br />\r\nNão acompanha pilha.<br /><br />\r\nAjuste para multi-Velocidade<br /><br />\r\nCuidados: Lavar antes e após o manuseio com água e sabão neutro ou Higienize com Toy Cleaner, produto exclusivo Adão e Eva. <br /><br />\r\nNão compartilhe deste produto com outros parceiros.<br /><br />\r\nOrigem: Nacional (fabricante Adão e Eva)<br /><br />\r\nTamanho: 18,5 x 4,5 cm<br /><br />\r\nCor: Preto<br /><br />\r\nMaterial: PVC Atóxico<br /><br />\r\nEmbalagem: Blister PET<br /><br />\r\n'),
	(112, 8, 0, '54ADAO27S', 'Protese', 'Protese com Cinta - Pele - 14,5 x 4cm', '2014-08-09 23:49:14', NULL, 1, 27.9, NULL, 2, 1, 0.25, NULL, 'Prótese 6 com Cinta em Couro e Elástico - 14,5x4 cm.<br />\r\nPrótese para penetração vaginal ou anal, em PVC atóxico de fácil higienização em formato de pênis com 14,5 cm de comprimento e 4 cm de diâmetro, com cinta com regulagem, em couro sintético. Com Cinta<br />\r\nAs próteses com cinta são muito funcionais quando a relação é entre duas mulheres, ou mesmo para realizar a fantasia de uma penetração masculina feita por uma mulher. 15 opções incluindo cintas ajustáveis a todo tamanho de quadril<br />\r\n', 0, NULL, NULL, 8.00, 17.50, 30.50, '', 'Cuidados: Lavar antes e após o manuseio com água e sabão neutro ou Higienize com Toy Cleaner, produto exclusivo Adão e Eva. <br />\nNão compartilhe deste produto com outros parceiros.<br />\nOrigem: Nacional (fabricante Adão e Eva)<br />\nTamanho: 14,5 x 4 cm<br />\nCor: Pele<br />\nMaterial: PVC Atóxico e Couro Sintético<br />\nEmbalagem: Blister PET<br />\n'),
	(113, 30, 0, '54HP209GT', 'Protese', 'Protese em Gel Transparente - 16x4cm', '2014-08-09 23:49:14', NULL, 1, 59.7, NULL, 2, 1, 0.26, NULL, 'Prótese em Gel 16x4cm<br />\r\n<br />\r\nFabricante: HotFlowers<br />\r\nGarantia: 3 meses<br />\r\nPeso: 0,249 kg<br />\r\nQuantidade de itens na embalagem: 1<br />\r\n', 0, NULL, NULL, 7.50, 14.00, 28.50, '', NULL),
	(114, 30, 0, '54HP209GV', 'Protese', 'Protese em Gel Vermelho - 16x4cm', '2014-08-09 23:49:14', NULL, 1, 59.7, NULL, 1, 1, 0.26, NULL, 'Prótese em Gel 16x4cm<br />\r\n<br />\r\nFabricante: HotFlowers<br />\r\nGarantia: 3 meses<br />\r\nPeso: 0,249 kg<br />\r\nQuantidade de itens na embalagem: 1<br />\r\n', 0, NULL, NULL, 7.50, 14.00, 28.50, '', NULL),
	(115, 30, 0, '54HP224GT', 'Protese', 'Protese em Gel Transparente - 17,5x4,5cm', '2014-08-09 23:49:14', NULL, 1, 66, NULL, 2, 1, 0.33, NULL, 'Prótese em Gel 17,5x4,5<br />\r\n<br />\r\nFabricante: HotFlowers<br />\r\nGarantia: 3 meses<br />\r\nPeso: 0,348 kg<br />\r\nQuantidade de itens na embalagem: 1 <br />\r\n', 0, NULL, NULL, 7.50, 14.00, 28.50, '', NULL),
	(116, 30, 0, '54HP224GV', 'Protese', 'Protese em Gel Vermelho - 17,5x4,5cm', '2014-08-09 23:49:14', NULL, 1, 66, NULL, 1, 1, 0.33, NULL, 'Prótese em Gel 17,5x4,5<br />\r\n                                                                                                                                                                                                                                                                                                                                                                  <br />\r\nFabricante: HotFlowers<br />\r\nGarantia: 3 meses<br />\r\nPeso: 0,348 kg<br />\r\nQuantidade de itens na embalagem: 1 <br />\r\n', 0, NULL, NULL, 7.50, 14.00, 28.50, '', NULL),
	(117, 30, 0, '54HP237GT', 'Protese', 'Protese em Gel Transparente - 15x3cm', '2014-08-09 23:49:14', NULL, 1, 59.7, NULL, 2, 1, 0.21, NULL, 'Prótese em Gel 15x3cm<br />\r\n<br />\r\nFabricante: HotFlowers<br />\r\nGarantia: 3 meses<br />\r\nPeso: 0,195 kg<br />\r\nQuantidade de itens na embalagem: 1 <br />\r\n', 0, NULL, NULL, 7.50, 14.00, 28.50, '', NULL),
	(118, 30, 0, '54HP237GV', 'Protese', 'Protese em Gel Vermelho - 15x3cm', '2014-08-09 23:49:14', NULL, 1, 59.7, NULL, 2, 1, 0.21, NULL, 'Prótese em Gel 15x3cm<br />\r\n<br />\r\nFabricante: HotFlowers<br />\r\nGarantia: 3 meses<br />\r\nPeso: 0,195 kg<br />\r\nQuantidade de itens na embalagem: 1 <br />\r\n', 0, NULL, NULL, 7.50, 14.00, 28.50, '', NULL),
	(119, 30, 0, '54HP247N', 'Plug Anal', 'Plug Anal - Natural - 10,5x2cm', '2014-08-09 23:49:14', NULL, 1, 22, NULL, 3, 1, 0.07, NULL, 'Plug Anal 10,5x2cm<br />\r\n<br />\r\nUsar com lubrificantes, ver em: (cosméticos/Lubrificantes)<br />\r\n<br />\r\nFabricante: HotFlowers<br />\r\nGarantia: 3 meses<br />\r\nPeso: 0,101 kg<br />\r\nQuantidade de itens na embalagem: 1<br />\r\n', 0, NULL, NULL, 6.50, 10.00, 19.50, '', ''),
	(120, 30, 0, '53HP337NI', 'Protese', 'Protese com vibro interno - 12,5x3,5cm', '2014-08-09 23:49:14', NULL, 1, 91.1, NULL, 2, 1, 0.22, NULL, 'Prótese com Vibro Interno 12,4x3,5 cm<br />\r\n<br />\r\nFabricante: HotFlowers<br />\r\nGarantia: 3 meses<br />\r\nPeso: 0,249 kg<br />\r\nQuantidade de itens na embalagem: 1 <br />\r\n', 0, NULL, NULL, 7.50, 14.50, 28.00, '', NULL),
	(121, 30, 0, '51HP350N', 'Protese - Eu e Você', 'Prótese Eu e Você - Dupla em Silicone Maciço ', '2014-08-09 23:49:15', NULL, 1, 127.1, NULL, 2, 1, 0.44, NULL, 'Prótese Eu & Você<br />\r\nProtese Dupla em Silicone Maciço - Natural - 4,5x4x10cm<br />\r\nFabricante: HotFlowers<br />\r\nGarantia: 3 meses<br />\r\nPeso: 0,200 kg<br />\r\nQuantidade de itens na embalagem: 1<br />\r\n', 0, NULL, NULL, 5.00, 30.00, 31.00, '', NULL),
	(122, 8, 0, '25RK006', 'Raspadinha', 'Raspadinha Kama Sutra Cards - Strip Tease', '2014-08-09 23:49:15', NULL, 1, 0.7, NULL, 39, 5, 0.00, NULL, 'Raspadinha Kama Sutra Cards - Strip Tease - <br />\r\nO casal, com o auxilio de uma moeda ou com a própria unha, raspa um quadradinho da primeira linha (ação 1) e um da segunda linha (ação 2). E então o que for revelado terá que ser executado.<br />\r\n<br />\r\nRaspadinhas<br />\r\nPrêmios ultrasensuais para a relação a dois, as raspadinhas Kama Sutra sugerem novas possibilidades de posições, lugares e preliminares.<br />\r\n', 0, NULL, NULL, 0.50, 5.50, 9.50, '', 'Dados Técnicos:<br />\nOrigem: Nacional (Adão & Eva)<br />\nEmbalagem: Saco plástico com solapa<br />\n'),
	(123, 8, 0, '25RK001', 'Raspadinha', 'Raspadinha Kama Sutra Cards - Amor', '2014-08-09 23:49:15', NULL, 1, 0.7, NULL, 6, 5, 0.00, NULL, 'Raspadinha Kama Sutra Cards - Strip Tease <br />\r\nO casal, com o auxilio de uma moeda ou com a própria unha, raspa um quadradinho da primeira linha (ação 1) e um da segunda linha (ação 2). E então o que for revelado terá que ser executado.<br />\r\n<br />\r\nRaspadinhas<br />\r\nPrêmios ultrasensuais para a relação a dois, as raspadinhas Kama Sutra sugerem novas possibilidades de posições, lugares e preliminares.<br />\r\n', 0, NULL, NULL, 0.50, 5.50, 9.50, '', 'Dados Técnicos:<br /><br />\r\nOrigem: Nacional (Adão & Eva)<br /><br />\r\nEmbalagem: Saco plástico com solapa<br /><br />\r\n'),
	(124, 120, 0, '39CO209', 'Refrescante Bucal', 'Spray Bucal Morango Fresh - Boca Loka ', '2014-08-09 23:49:15', NULL, 1, 10.2, NULL, 6, 3, 0.03, NULL, 'Spray bucal morango fresh- BOCA LOKA - 15ml <br />\r\n<br />\r\nProlongando o prazer oral de todas as formas e por muito mais tempo, a linha Sex Hot agora também tem o Spray Bucal. Nos sabores Morango e Menta, refrescam o beijo e hálito deixando tudo mais gostoso.<br />\r\n<br />\r\nEm prática embalagem spray é de fácil aplicação além de vir em caixinhas ultramodernas com design exclusivo.<br />\r\n<br />\r\nModo de uso: Aplique na Boca.<br />\r\nEmbalagem: 15ml<br />\r\nEmbalagem Secundaria: Caixa<br />\r\nFabricação: Nacional <br />\r\nValidade: 24 Meses<br />\r\n', 0, NULL, NULL, 2.00, 2.00, 10.50, '', 'Importante: Embalagem não reutilizável, deve ser descartada após o término do produto.<br /><br /><br /><br /><br /><br /><br />\r\n <br /><br /><br /><br /><br /><br /><br />\r\nNotificado junto a ANVISA.<br /><br /><br /><br /><br /><br /><br />\r\n <br /><br /><br /><br /><br /><br /><br />\r\nINDÚSTRIA BRASILEIRA.<br /><br /><br /><br /><br /><br /><br />\r\n <br /><br /><br /><br /><br /><br /><br />\r\nVálido por 24 meses da data de fabricação<br /><br /><br /><br /><br /><br /><br />\r\n'),
	(125, 120, 0, '39CO210', 'Refrescante Bucal', 'Spray Bucal Menta Extra Forte - Boca Loka ', '2014-08-09 23:49:15', NULL, 1, 10.2, NULL, 3, 3, 0.03, NULL, 'Spray bucal menta extra forte - BOCA LOKA - 15ml<br />\r\n<br />\r\nProlongando o prazer oral de todas as formas e por muito mais tempo, a linha Sex Hot agora também tem o Spray Bucal. Nos sabores Morango e Menta, refrescam o beijo e hálito deixando tudo mais gostoso.<br />\r\n<br />\r\nEm prática embalagem spray é de fácil aplicação além de vir em caixinhas ultramodernas com design exclusivo<br />\r\n<br />\r\nModo de uso: Aplique na Boca.<br />\r\nEmbalagem: 15ml<br />\r\nEmbalagem Secundaria: Caixa<br />\r\nFabricação: Nacional <br />\r\nValidade: 24 Meses<br />\r\n', 0, NULL, NULL, 2.00, 2.00, 10.50, '', 'Importante: Embalagem não reutilizável, deve ser descartada após o término do produto.<br /><br /><br /><br /><br />\r\nNotificado junto a ANVISA.<br /><br /><br /><br /><br />\r\nINDÚSTRIA BRASILEIRA.<br /><br /><br /><br /><br />\r\nVálido por 24 meses da data de fabricação<br /><br /><br /><br /><br />\r\n'),
	(126, 108, 0, '37HC436', 'Sais de Banho', 'Trufa Sais de Banho Efervescente - Romance - HotFlowers ', '2014-08-09 23:49:15', NULL, 1, 32.5, NULL, 5, 2, 0.14, 1, 'Trufa de Sais de Banho Efervescente Sensual Flowers - Morango com Champanhe<br />\r\nPara momentos de prazer e relaxamento<br />\r\ncombinados com amor e sensualidade.<br />\r\nA Truxa Efervescente torna o banho de hidromassagem inesquecível,<br />\r\npois efervesce, hidrata, perfuma, colorindo a espuma e a aguá.<br />\r\nCom fragrâncias marcantes e agente hidratante que proporcionam na pele um toque aveludado.<br />\r\nEmbalagem de 115g<br />\r\n', 15, 1, NULL, 5.00, 8.00, 8.00, '', 'Fabricante: HotFlowers<br /><br /><br />\r\nGarantia: 3 meses<br /><br /><br />\r\nPeso: 0,122 kg<br /><br /><br />\r\nQuantidade de itens na embalagem: 1<br /><br /><br />\r\n'),
	(127, 109, 0, '33CO246', 'Gel Funcional', 'Gel Spice Sensible para Massagem Corporal', '2014-08-09 23:49:15', NULL, 1, 9.75, NULL, 4, 3, 0.02, NULL, 'Gel Spice Sensible - 15g - CO246 - Gel Para Massagem Corporal<br /><br />\r\nSpice é a nova linha de géis funcionais Eva Cosméticos para experiências sensuais diferenciadas. As práticas bisnagas foram desenvolvidas para facilitar a aplicação. Modernas e discretas podem ser levadas na bolsa para apimentar encontros casuais.<br /><br />\r\nModo de Usar: Coloque a quantidade desejada na ponta dos dedos e aplique no local desejado, massageando delicadamente.<br /><br />\r\nComposição: Aqua, Cetearyl Alcohol, Ceteareth-20, Dissodium Edta, BHT, Methyldibromo Glutaronitrile (and) Phenoxyethanol, Glycerin, Carbomer, Triethanolamine, Benzophenone, Caprylic /Capric Triglyceride, Clove Extract, Flavor, CI 42090.<br /><br /><br />\r\n <br /><br /><br />\r\n', 0, NULL, NULL, 2.00, 3.00, 11.00, '', 'Precauções: Embalagem não reutilizável. Manter em lugar fresco ao abrigo do calor e da luz intensa. Manter fora do alcance das crianças. Em caso de contato com os olhos, lavar com água em abundância. Havendo irritação, suspender o uso e procurar um médico. <br /><br /><br />\r\n<br /><br /><br />\r\nUso externo.<br /><br /><br />\r\n <br /><br /><br />\r\nRes. 343/05 Aut.Funcionamento 2-03676-2 Responsável<br /><br /><br />\r\nTécnico: Vanessa Priscila Baillo CRQ-IV 04412810<br /><br /><br />\r\n'),
	(128, 30, 0, '36HC390', 'Spray Lubrificante', 'PONTO HOT G - Lubrificante Vaginal', '2014-08-09 23:49:15', NULL, 1, 16.4, NULL, 5, 3, 0.03, NULL, 'O GEL CORPORAL PONTO HOT G foi desenvolvido para que as mulheres possam atingir sem limites,<br />\r\num orgasmo mais intenso e prazeroso.<br />\r\nEstimula a musculatura vaginal, sensibilizando o ponto G e facilitando o êxtase feminino.<br />\r\nModo de uso: Coloque pequena quantidade na ponta dos dedos,<br />\r\naplique na região clitoriana massageando suavemente, reaplique se necessário.<br />\r\n<br />\r\nFabricante: HotFlowers<br />\r\nGarantia: 3 meses<br />\r\nPeso: 0,010 kg<br />\r\nQuantidade de itens na embalagem: 1 <br />\r\n', 0, NULL, NULL, 11.50, 2.50, 2.50, '', NULL),
	(129, 111, 0, '36HC310', 'Spray para Massagem', 'HOT E HARD - Spray Estimulante - Hot Flowers', '2014-08-09 23:49:15', NULL, 1, 11.7, NULL, 4, 3, 0.02, NULL, 'Hot & Hard<br />\r\nProvocador de ereção.<br />\r\nAplique no pênis massageando até que atinja ereção.<br />\r\nProvoca agradável ensação de aquecimento.<br />\r\nMantém a energia e o vigor.<br />\r\nEmbalagem de 13g.<br />\r\n<br />\r\nFabricante: HotFlowers<br />\r\nGarantia: 3 meses<br />\r\nPeso: 0,010 kg<br />\r\nQuantidade de itens na embalagem: 1 <br />\r\n', 0, NULL, NULL, 11.50, 2.50, 2.50, '', NULL),
	(130, 30, 0, '33HZ473B', 'Tapa Sexo', 'Tapa Sexo Borboleta - Uva - Comestível', '2014-08-09 23:49:15', NULL, 1, 13.2, NULL, 4, 2, 0.02, NULL, 'Tapa Sexo - Borboleta - Uva <br><br />\r\nO Tapa Sexo comestível solúvel Degust em formato de Borboleta proporciona mais fantasia, mais cor e mais aroma para sua relação.<br><br />\r\nDissolve lentamente ao contato com a umidade e calor do corpo deixando um delicioso aroma.<br><br />\r\nModo de Usar: Umedeça levemente a pele e aplique o tapa sexo nos seios e na virilha.<br><br />\r\nComposição: Sacarina Sódica, Gel de Aginato, Goma Chantana, Sorbitol, Glicol, Hidrometil, Celulose, Aromas e Corantes Naturais. <br><br />\r\nNão Contém Nutrientes<br /><br />\r\nFabricante: HotFlowers<br><br />\r\nGarantia: 3 meses<br><br />\r\nPeso: 0,014 kg<br><br />\r\nQuantidade de itens na embalagem: 1 <br><br />\r\n', 0, NULL, NULL, 0.50, 12.50, 13.50, '', 'Fabricante: HotFlowers<br /><br /><br /><br /><br /><br /><br /><br /><br /><br />\r\nGarantia: 3 meses<br /><br /><br /><br /><br /><br /><br /><br /><br /><br />\r\nPeso: 0,014 kg<br /><br /><br /><br /><br /><br /><br /><br /><br /><br />\r\nQuantidade de itens na embalagem: 1 <br /><br /><br /><br /><br /><br /><br /><br /><br /><br />\r\n'),
	(131, 30, 0, '33HZ362F', 'Tapa Sexo', 'Tapa Sexo Flor - Chocolate - Comestível', '2014-08-09 23:49:15', NULL, 1, 13.2, NULL, 4, 2, 0.02, 1, 'Tapa Sexo – Flor - Chocolate<br><br />\r\nO Tapa Sexo comestível soluvél Degust em formato de Flor proporciona mais fantasia, mais cor r mais aroma para sua relação.<br><br />\r\nDissolve lentamente ao contato com a umidade e o calor do corpo deixando um delicioso aroma.<br><br />\r\nModo de Usar: Umedeça levemente a pele e aplique o tapa sexo nos seios e na virilha.<br><br />\r\nComposição: Sacarina Sódica, Gel de Aginato, Goma Chantana, Sorbitol, Glicol, Hidro Metil, Celulose, Aromas e Corantes Naturais.<br><br />\r\nNão contém Nutrientes.<br /><br />\r\nFabricante: HotFlowers<br><br />\r\nGarantia: 3 meses<br><br />\r\nPeso: 0,014 kg<br><br />\r\nQuantidade de itens na embalagem: 1 <br><br />\r\n', 0, NULL, NULL, 0.50, 12.50, 13.50, '', 'Fabricante: HotFlowers<br /><br />\r\nGarantia: 3 meses<br /><br />\r\nPeso: 0,014 kg<br /><br />\r\nQuantidade de itens na embalagem: 1 <br />'),
	(132, 114, 0, '22LS118', 'Tornozeleira', 'Tornozeleira Fetiche com Corrente - Tigrada', '2014-08-09 23:49:15', NULL, 1, 9.9, NULL, 2, 1, 0.04, NULL, 'Veja o que o fetiche pode fazer na sua relação!!!<br />\r\n<br />\r\nTornozeleira Fetiche<br />\r\nProduto 100% voltado para o seu prazer, com o intuito de lhe ajudar na sua relação as tornozeleiras são de qualidade e super confortáveis tudo para que você não perca nenhuma oportunidade na hora H. Experimente uma brincadeira super prazerosa e provocante.<br />\r\n<br />\r\nContém 01 par de Tornozeleiras Fetiche<br />\r\n<br />\r\nCor: Tigrada<br />\r\n<br />\r\nMaterial: Couro Sintético.<br />\r\n<br />\r\nMedidas:<br />\r\nCorrente possui 22cm de comprimento.<br />\r\nTornozeleira possui 22,5cm de comprimento e 6,5cm de largura<br />\r\n', 0, NULL, NULL, 0.50, 19.00, 30.00, '', NULL),
	(133, 115, 0, '311CV3990', 'Vela Beijável', 'Top Vela Beijável - Morango com Champanhe', '2014-08-09 23:49:15', NULL, 1, 9.6, NULL, 1, 1, 0.02, 1, 'Veja Beijável - Morango c/ champanhe<br />\r\n<br />\r\nIdeal para massagens sensuais. Também beijável quando jogada na pele excita, e é um ótimo óleo de massagem comestível, não queima a pele.<br />\r\n<br />\r\nAcenda o pavio e deixe derreter por até 40 segundos, apague e aplique sobre o corpo. <br />\r\n<br />\r\n', 0, NULL, NULL, 3.50, 3.50, 4.00, '', ''),
	(134, 116, 0, '311CV3991', 'Vela Beijável', 'Top Vela Beijável - Menta', '2014-08-09 23:49:15', NULL, 1, 9.6, NULL, 2, 1, 0.02, NULL, 'Veja Beijável - Menta<br />\r\n<br />\r\nIdeal para massagens sensuais. Também beijável quando jogada na pele excita, e é um ótimo óleo de massagem comestível, não queima a pele.<br />\r\n<br />\r\nAcenda o pavio e deixe derreter por até 40 segundos, apague e aplique sobre o corpo<br />\r\n', 0, NULL, NULL, 3.50, 3.50, 4.00, '', ''),
	(135, 117, 0, '24LV023', 'Vela', 'Vela com Aroma Maçã Verde', '2014-08-09 23:49:15', NULL, 1, 12.8, NULL, 3, 1, 0.06, NULL, 'Vela no formato de maça mordida.<br />\r\nAqueça o ambiente com a fruta do pecado com essa vela no formato de maça mordida<br />\r\nAs velas iluminam as noites sensuais na medida certa: criam um clima romântico e envolvente. Elas também podem ser o toque que faltava de malicia no bolo do aniversário do amado ou do bolo surpresa dos amigos aniversariantes.<br />\r\n', 0, NULL, NULL, 6.00, 12.50, 18.00, '', 'Tamanho: 5cm<br /><br /><br />\r\nCor: verde<br /><br /><br />\r\nMaterial: Parafina e pavio mágico<br /><br /><br />\r\nEmbalagem: Blister PP<br /><br /><br />\r\nAroma: Maçã Verde<br /><br /><br />\r\n'),
	(136, 9, 0, '71AB8101', 'Vibrador', 'Vibrador ponto G com Estimulador Clitoriano', '2014-08-09 23:49:15', NULL, 1, 178, NULL, 3, 1, 0.26, NULL, 'Vibrador ponto G com estimulador clitoriano - ABSOLOO - Usa 2 pilhas AAA não inclusas<br />\r\n<br />\r\nUm elegante produto que oferece material de alta qualidade, assim como uma tecnologia de ponta. Com a sofisticação de um produto distribuído pela Erotic Pointimportadora de produtos eróticos, ele possui dois potentes motores agregados a um design inteligentemente desenvolvido para atingir o ponto G. O primeiro motor encontra-se em seu eixo principal, enquanto o segundo fica localizado no estimulador clitoriano, que possui um exclusivo e luxuoso formato de botão de rosa. Apresenta além de tudo 4 pulsações  junto de 3 intensas vibrações, facilmente alternáveis a partir de seu intuitivo controle com luz LED localizado em sua base. Tudo isso junto com uma textura lisa e suave e a propriedade de ser resistente à água, faz deste incrível produto a melhor opção para a máxima estimulação do corpo e da mente. Produto resistente à água.<br />\r\n <br />\r\nFunções: Penetração vaginal e estimulação<br />\r\n<br />\r\nModo de Uso: Após inserir as pilhas certifique-se que fechou firmemente para evitar infiltração e umidade. Não compartilhe o seu acessório evitando assim doenças sexualmente transmissíveis. Pessoas alérgicas a ABS e silicone não devem usar o produto. Para evitar lesões ou um agravamento de patologia existente, não utilize este produto em zonas inflamadas, inchadas ou pele com lacerações. O uso deste produto não supõe garantia, nenhum direito à reclamações por motivos médicos.<br />\r\n', 0, NULL, NULL, 5.00, 11.00, 25.00, '', 'Marca:<br />\nAbsoloo<br />\nImportador:<br />\nEROS IMP. EXP. LTDA.<br />\nPaís de Orígem:<br />\nChina<br />\n<br />\n<br />\nValidade:<br />\nIndeterminada<br />\nCor:<br />\nRosa com branco<br />\nEnergia:<br />\n2 pilhas AAA não inclusas<br />\n<br />\n<br />\nMaterial:<br />\nABS, Silicone<br />\nPeso Bruto na Embalagem:<br />\n256,00 g<br />\nDimensões da Embalagem:<br />\n10,00 x 4,80 x 24,70 cm (CxLxA)<br />\n<br />\n<br />\nDimensões do Produto:<br />\n3 x 20 cm (CxA)<br />\nDiâmetro Produto:<br />\n2,5~4 cm<br />\nPenetráveis Produto:<br />\n11,5 cm<br />\n<br />\n<br />\nTamanho Produto:<br />\nEstimulador: 5x0,5~2 cm.<br />\n<br />\n<br />\nABS<br />\nComponentes:<br />\nResina sintética termoplástica composta pela combinação de acrilonitrila, butadieno e estireno.<br />\nPropriedades:<br />\nRígida e leve, com alguma flexibilidade e resistência na absorção de impacto.<br />\nIdeal na fabricação de acessórios moldados.<br />\nHigiene e Manutenção:<br />\nHigienizar com água fria e sabão neutro (ou bactericida), antes e após o uso. Deixe secar naturalmente a sombra. Guarde-o na embalagem original ou saco plástico. Mantenha-o em local seco, fresco e ao abrigo da luz.<br />\n<br />\n<br />\nSILICONE<br />\nComponentes:<br />\nPolímero semi-orgânico e industrial conhecido por sua ampla estabilidade e por repelir a água. Compostos inodoros e insípidos.<br />\nPropriedades:<br />\nPossui uma estrutura molecular estreita e retém o calor. Alta flexibilidade, também repele a sujeira e bactérias. Não se desfaz com fricção.<br />\nHigiene e Manutenção:<br />\nHigienizar com água fria e sabão (neutro ou bactericida), antes e após o uso. Para maior durabilidade, manter em local seco, fresco e ao abrigo da luz. Guarde-o na embalagem original ou saco plástico.<br />\nLubrificantes:<br />\nÀ base de água<br />\n<br />\n'),
	(137, 9, 0, '11AB1221', 'Vibrador', 'Cápsula Vibratória, 5 Veloc. com Sensor de Movimentos', '2014-08-09 23:49:15', NULL, 1, 345, NULL, 3, 1, 0.31, NULL, 'Cápsula 5 velocidades com sensor de movimentos - ABSOLOO - Usa 2 pilhas AA - não inclusas<br />\r\n<br />\r\nCom tecnologia de ponta e requintes a mais do que simples cápsulas vibratórias, este produto é referência no mercado. Possui a qualidade de um produto distribuído pela Erotic Point sex shop atacado, onde a satisfação vem em primeiro lugar. Produzida com um material super macio e confortável, sua suavidade garante momentos de prazer com a delicadeza de um excelente produto.<br />\r\nPara saciar qualquer desejo, ela foi desenvolvida com saliências muito bem elaboradas, estrategicamente para prazeres especiais ao usuário. Contém alça para segurança que facilita o manuseio, controle wireless e 6 modos de vibração, podendo utilizar conexão Bluetooth ou comando no próprio controle. É leve, pequena e silenciosa, ideal para levá-la a qualquer lugar com muita discrição.<br />\r\n <br />\r\nProduto encontrado na Erotic Point sex shop atacado.<br />\r\n<br />\r\nFunções: Estimular<br />\r\n<br />\r\nModo de Uso: Para "destravar" o controle aperte + e - por 3 segundos e uma luz acenderá, aperte o + para mudar a vibração e iniciar o modo de controle por inclinação. Na cápsula aperte o botão saliente e segure por 3 segundos até a luz ficar piscando. Movimente o controle e sinta a vibração da cápsula. Para alterar para o modo comando normal á distância é só apertar “+” novamente e a cápsula captará a vibração. Para desligar o controle aperte o "-" até retornar vibrações e desligar. Aperte novamente o "+" e o "-" por 3 segundos para travar o funcionamento, muito útil para quando levar na bolsa, pois não corre o risco de ligar sozinha. Ná cápsula aperte por 3 segundos ou até a luz se apagar. Uma carga de 2 horas garante funcionamento por 4 horas.<br />\r\nCápsula 5 velocidades com sensor de movimentos - ABSOLOO<br />\r\n<br />\r\n<br />\r\nCom tecnologia de ponta e requintes a mais do que simples cápsulas vibratórias, este produto é referência no mercado. Possui a qualidade de um produto distribuído pela Erotic Point sex shop atacado, onde a satisfação vem em primeiro lugar. Produzida com um material super macio e confortável, sua suavidade garante momentos de prazer com a delicadeza de um excelente produto.<br />\r\nPara saciar qualquer desejo, ela foi desenvolvida com saliências muito bem elaboradas, estrategicamente para prazeres especiais ao usuário. Contém alça para segurança que facilita o manuseio, controle wireless e 6 modos de vibração, podendo utilizar conexão Bluetooth ou comando no próprio controle. É leve, pequena e silenciosa, ideal para levá-la a qualquer lugar com muita discrição.<br />\r\n <br />\r\nFunções: Estimular<br />\r\n<br />\r\nModo de Uso: Para "destravar" o controle aperte + e - por 3 segundos e uma luz acenderá, aperte o + para mudar a vibração e iniciar o modo de controle por inclinação. Na cápsula aperte o botão saliente e segure por 3 segundos até a luz ficar piscando. Movimente o controle e sinta a vibração da cápsula. Para alterar para o modo comando normal á distância é só apertar “+” novamente e a cápsula captará a vibração. Para desligar o controle aperte o "-" até retornar vibrações e desligar. Aperte novamente o "+" e o "-" por 3 segundos para travar o funcionamento, muito útil para quando levar na bolsa, pois não corre o risco de ligar sozinha. Ná cápsula aperte por 3 segundos ou até a luz se apagar. Uma carga de 2 horas garante funcionamento por 4 horas.<br />\r\n', 0, NULL, NULL, 9.50, 13.00, 13.00, '', 'Marca:<br />\nAbsoloo<br />\nImportador:<br />\nEROS IMP. EXP. LTDA.<br />\nPaís de Orígem:<br />\nChina<br />\n<br />\n<br />\nValidade:<br />\nIndeterminada<br />\nCor:<br />\nVerde<br />\nEnergia:<br />\nCarregador elétrico incluso<br />\n<br />\n<br />\nMaterial:<br />\nSilicone<br />\nPeso Bruto na Embalagem:<br />\n305,00 g<br />\nDimensões da Embalagem:<br />\n13,00 x 10,00 x 13,00 cm (CxLxA)<br />\n<br />\n<br />\nDimensões do Produto:<br />\n3,5 x 7 cm (LxA)<br />\n<br />\n<br />\n<br />\nMATERIAL E HIGIENIZAÇÃO:<br />\n<br />\nSILICONE<br />\nComponentes:<br />\nPolímero semi-orgânico e industrial conhecido por sua ampla estabilidade e por repelir a água. Compostos inodoros e insípidos.<br />\nPropriedades:<br />\nPossui uma estrutura molecular estreita e retém o calor. Alta flexibilidade, também repele a sujeira e bactérias. Não se desfaz com fricção.<br />\nHigiene e Manutenção:<br />\nHigienizar com água fria e sabão (neutro ou bactericida), antes e após o uso. Para maior durabilidade, manter em local seco, fresco e ao abrigo da luz. Guarde-o na embalagem original ou saco plástico.<br />\nLubrificantes:<br />\nÀ base de água<br />\n<br />\n'),
	(138, 118, 0, '14PLAY26', 'Vibrador', 'Vibrador em Formato de Bastão Rímel', '2014-08-09 23:49:15', NULL, 1, 41.9, NULL, 1, 1, 0.08, NULL, 'Vibrador em formato de bastão RÍMEL<br /><br />\r\nBonito, elegante e com uma surpresinha...<br /><br />\r\nEste vibrador apresenta duas possibilidades de uso: além do formato cônico clássico dos vibradores, ele possui no seu interior um segundo acessório vibrante. Retirando a capa cônica você encontra uma haste com texturas macia estimulantes que vibra em três velocidades diferentes, as cerdas têm macia textura em silicone para a exploração dos cantinhos eróticos mais escondidinhos. Dois prazeres em um único produto!<br /><br />\r\nModo de Usar: Antes de usá-lo, passe um pano úmido e limpe com sabonete antibactericida. Evite o contato da água com o com o compartimento das pilhas. Seque com papel toalha descartável ou deixe secar naturalmente (para maior durabilidade do produto, este processo deve ser repetido após cada uso). <br /><br />\r\nAbra a tampa do controle do produto, coloque 3 baterias. Feche a tampa. Aperte o botão para ligar e sentir a intensidade da vibração.<br /><br />\r\nContém: um vibrador RÍMEL<br /><br />\r\nCor: Azul<br /><br />\r\nComposição: ABS e PVC<br /><br />\r\nValidade: válido por prazo indeterminado<br /><br />\r\nRestrições de Uso<br /><br />\r\n- Antes de utilizar consulte o seu médico ginecologista. Não nos responsabilizamos pelo mau uso do produto.<br /><br />\r\n- Pessoas alérgicas não devem usar o produto. Não use o produto em regiões com inflamações, inchaços ou lacerações.<br /><br />\r\n', 0, NULL, NULL, 6.00, 13.00, 23.00, '', 'Importado por COLISEU COMERCIAL IMPORTADORA LTDA. EPP<br /><br /><br />\r\nCNPJ 11.045.928/0001-09  -  SAC: sac@coliseuatlantis.com.br -  Feito na China<br /><br /><br />\r\n'),
	(139, 119, 0, '14EVA985', 'Vibrador', 'Vibrador Rotativo Jack Rabbit - Ponto G', '2014-08-09 23:49:15', NULL, 1, 198.2, NULL, 2, 1, 0.38, NULL, 'Jack Rabbit Ponto G Clear - Vibrador Rotativo<br />\r\n<br />\r\nMuito mais prazer em um único Jack Rabbit Ponto G.<br />\r\nAlém de 7 variações de vibração para o corpo principal e para o estimulador clitoriano, possui pérolas que giram no sentido horário e anti-horário somando 6 velocidades de rotação e botão independente de giro reverso do corpo principal com 4 variações.<br />\r\nA grande surpresa é o terceiro micro vibrador no meio do corpo principal, para massagear o ponto G!<br />\r\nPrazer em dose tripla: vibra o estimulador clitoriano, o corpo principal em rotações reversas, e ainda estimula o Ponto G!  <br />\r\nInstruções Importantes:<br />\r\n-       Antes de usar sozinha ou mesmo com o parceiro, teste a vibração do seu PlayGirl Jack Rabbit Ponto G em outras partes do corpo antes do uso nas genitais para sentir as diferentes reações do seu tato às diferentes velocidades do aparelho.<br />\r\n-       Verifique se as pilhas foram colocadas na posição correta de polaridade (+-).<br />\r\n-       Retire as pilhas depois da utilização.<br />\r\n-       Evite deixar o seu PlayGirl Jack Rabbit Ponto G em locais aquecidos ou em contato com outros produtos de materiais variados que possam reagir quimicamente e danificá-lo.<br />\r\n-       O uso excessivo do vibrador causa desgaste no motor e pode ocasionar superaquecimento. Se isto ocorrer, desligue imediatamente e deixe esfriar antes de usar novamente.<br />\r\n-       Guarde em local fresco e seco até o próximo uso.<br />\r\n-       Evite curtos-circuitos nos terminais de alimentação: não faça nenhuma ponte entre os  terminais com peças metálicas.<br />\r\n-       Utilize apenas as pilhas recomendadas. Não misture diferentes tipos de pilhas ou pilhas novas com usadas.<br />\r\n-       Só compartilhe o seu PlayGirl Jack Rabbit Ponto G trocando o preservativo a cada uso para evitar a transmissão de doenças sexualmente transmissíveis<br />\r\n<br />\r\n', 0, NULL, NULL, 7.00, 15.00, 31.00, '', NULL),
	(140, 7, 0, '42410P', 'Cueca', 'Cueca Bombeiro - G. Veneno', '2014-08-14 12:05:35', NULL, 1, 31, NULL, 2, 1, 0.03, NULL, 'Fantasia Masculina, cueca bombeiro.<br />\r\nConfeccionada em:<br />\r\n82% Poliamida<br />\r\n18% Elastano<br />\r\n<br />\r\nRecomendações:<br />\r\n- Lavar a mão<br />\r\n- Usar sabão neutro<br />\r\n- Secar a sombra<br />\r\n', 0, NULL, NULL, 1.00, 13.50, 17.50, 'P', NULL),
	(141, 7, 0, '41410M', 'Cueca', 'Cueca Bombeiro - G. Veneno', '2014-08-14 12:10:06', NULL, 1, 31, NULL, 2, 1, 0.03, NULL, 'Fantasia Masculina, cueca bombeiro.<br />\r\nConfeccionada em:<br />\r\n82% Poliamida<br />\r\n18% Elastano<br />\r\n<br />\r\nRecomendações:<br />\r\n- Lavar a mão<br />\r\n- Usar sabão neutro<br />\r\n- Secar a sombra<br />\r\n', 0, NULL, NULL, 1.00, 13.00, 17.50, 'M', NULL),
	(142, 7, 0, '42414M', 'Cueca', 'Cueca Médico - Garota Veneno', '2014-08-14 12:22:18', NULL, 1, 31, NULL, 2, 1, 0.05, NULL, 'Fantasia Masculina, cueca médico.<br /><br />\r\nConfeccionada em:<br /><br />\r\n82% Poliamida<br /><br />\r\n18% Elastano<br /><br />\r\nRecomendações:<br /><br />\r\n- Lavar a mão<br /><br />\r\n- Usar sabão neutro<br /><br />\r\n- Secar a sombra<br /><br />\r\n', 15, 1, NULL, 1.00, 13.50, 17.50, 'M', ''),
	(143, 7, 0, '42414G', 'Cueca', 'Cueca Médico - Garota Veneno', '2014-08-14 12:29:13', NULL, 1, 31, NULL, 1, 1, 0.05, NULL, 'Fantasia Masculina, cueca médico.<br /><br />\r\nConfeccionada em:<br /><br />\r\n82% Poliamida<br />\r\n18% Elastano<br /><br />\r\nRecomendações:<br /><br />\r\n- Lavar a mão<br />\r\n- Usar sabão neutro<br />\r\n- Secar a sombra<br /><br /><br /><br />\r\n', 15, NULL, NULL, 1.00, 13.50, 17.50, 'G', ''),
	(144, 7, 0, '42418P', 'Fantasia Noivo', 'Fantasia Noivo - Garota Veneno', '2014-08-14 12:35:57', NULL, 1, 53, NULL, 2, 1, 0.05, NULL, 'Fantasia Masculina, Noivo,<br /><br />\r\nComposto com cueca e gravata<br /><br />\r\nCueca confeccionada em:<br /><br />\r\n82% Poliamida<br /><br />\r\n18% Elastano<br /><br />\r\nRecomendações:<br /><br />\r\n- Lavar a mão<br /><br />\r\n- Usar sabão neutro<br /><br />\r\n- Secar a sombra<br />', 0, NULL, NULL, 2.00, 13.50, 17.50, 'P', ''),
	(145, 7, 0, '42416M', 'Fantasia Garçon', 'Fantasia Garçon - G. Veneno', '2014-08-14 12:51:47', NULL, 1, 45, NULL, 2, 1, 0.05, NULL, 'Fantasia Masculina<br /><br />\r\nGarçon<br /><br />\r\nComposto com cueca, gravata e munhequeira.<br /><br />\r\nCueca confeccionada em:<br /><br />\r\n82% Poliamida<br /><br />\r\n18% Elastano<br /><br />\r\nGravata e munhequeira acolchoada.<br /><br />\r\nRecomendações:<br /><br />\r\n- Lavar a mão<br /><br />\r\n- Usar sabão neutro<br /><br />\r\n- Secar a sombra<br />', 0, NULL, NULL, 2.00, 37.00, 18.00, 'M', ''),
	(146, 7, 0, '42403G', 'Fantasia Comandante', 'Fantasia de Comandante - G. Veneno', '2014-08-14 13:00:31', NULL, 1, 90, NULL, 0, 1, 0.18, 1, 'Fantasia Masculina<br />\r\nComandante<br />\r\n<br />\r\nComposto com cueca, blusa, gravata e boina.<br />\r\n<br />\r\nCueca e blusa confeccionada em:<br />\r\n100% Poliamida<br />\r\n<br />\r\nGravata e boina acolchoada<br />\r\n<br />\r\nRecomendações:<br />\r\n- Lavar a mão<br />\r\n- Usar sabão neutro<br />\r\n- Secar a sombra<br />\r\n', 0, NULL, NULL, 17.00, 37.00, 17.00, 'G', ''),
	(147, 7, 0, '84591AM', 'Conjunto em Microfibra', 'Conjunto em Microfibra e Renda - Preto', '2014-08-14 14:40:07', NULL, 1, 73, NULL, 0, 1, 0.13, 1, 'Conjunto em Microfibra e Renda, Sutien com base e alça trabalhada e calcinha com lateral com pregas. <br />\r\n\r\n\r\nUm produto de alta qualidade! <br />\r\n\r\n\r\nCor: Preto<br />\r\n\r\nTam.: M<br />\r\n\r\n\r\nConfeccionado em: <br />\r\n \r\n82% Poliamida<br />\r\n\r\n18% Elastano<br />\r\n\r\n\r\nRecomendações: <br />\r\n- Lavar a mão<br />\r\n\r\n- Usar sabão neutro<br />\r\n\r\n- Secar a sombra<br />\r\n', 0, NULL, NULL, 5.00, 18.00, 36.00, 'M', NULL),
	(149, 7, 0, '84594DM', 'Conjunto em Microfibra', 'Conjunto em Microfibra e Renda - Bic', '2014-08-14 14:55:17', NULL, 1, 69, NULL, 1, 1, 0.11, NULL, 'Conjunto em Microfibra e Renda, Sutien com bojo gota e calcinha costas rendada.<br /><br />\r\nUm produto de alta qualidade!<br /><br />\r\nCor: Bic<br /><br />\r\nTam.: M<br /><br />\r\nConfeccionado em: <br />\r\n82% Poliamida<br />\r\n18% Elastano<br /><br />\r\nCalcinha, forro 100% algodão<br /><br />\r\nRecomendações:<br />\r\n- Lavar a mão<br />\r\n- Usar sabão neutro<br />\r\n- Secar a sombra<br /><br /><br />\r\n', 0, NULL, NULL, 3.00, 22.00, 39.00, 'M', ''),
	(150, 7, 0, '84596CP', 'Conjunto em Microfibra', 'Conjunto em Microfibra e Renda - Pink', '2014-08-14 15:15:36', NULL, 1, 61, NULL, 0, 1, 0.10, NULL, 'Conjunto em Microfibra e Renda, Sutien nadador e calcinha com lateral e costas dupla <br /><br />\r\n<br />\r\n<br />\r\nUm produto de alta qualidade! <br /><br />\r\n<br />\r\n<br />\r\nCor: Pink<br /><br />\r\n<br />\r\nTam.: P<br /><br />\r\n<br />\r\n<br />\r\nConfeccionado em: <br /><br />\r\n <br />\r\n82% Poliamida<br /><br />\r\n<br />\r\n18% Elastano<br /><br />\r\n<br />\r\nCalcinha, forro 100% algodão<br /><br />\r\n<br />\r\nRecomendações: <br /><br />\r\n- Lavar a mão<br /><br />\r\n<br />\r\n- Usar sabão neutro<br /><br />\r\n<br />\r\n- Secar a sombra<br /><br />\r\n', 0, NULL, NULL, 4.50, 21.00, 34.00, 'P', NULL),
	(151, 7, 0, '84599CM', 'Conjunto em Laise', 'Conjunto em Laise Lace e Renda franjas - Pink', '2014-08-14 15:33:53', NULL, 1, 71, NULL, 1, 1, 0.11, NULL, 'Conjunto em Laise Lace e Renda Franjas, Sutien com base e calcinha com lateral e dupla <br />\r\nUm produto de alta qualidade! <br />\r\nCor: Pink<br />\r\nTam.: M<br />\r\nConfeccionado em: <br />\r\n82% Poliamida<br />\r\n18% Elastano<br />\r\nCalcinha, forro 100% algodão<br />\r\nRecomendações: <br />\r\n- Lavar a mão<br />\r\n- Usar sabão neutro<br />\r\n- Secar a sombra<br />\r\n', 0, NULL, NULL, 5.00, 35.00, 18.00, 'M', ''),
	(152, 7, 0, '84602AP', 'Conjunto em Cetim', 'Conjunto em Cetim, Renda e Tule - Preto', '2014-08-14 15:46:29', NULL, 1, 71, NULL, 2, 1, 0.09, 1, 'Conjunto em Cetim, Renda e Tule, Sutien com base e bojo bolha e calcinha fio <br />\r\nUm produto de alta qualidade! <br />\r\nCor: Preto<br />\r\nTam.: P<br />\r\nConfeccionado em: <br />\r\n82% Poliamida<br />\r\n18% Elastano<br />\r\nCalcinha, forro 100% algodão<br />\r\nRecomendações: <br />\r\n- Lavar a mão<br />\r\n- Usar sabão neutro<br />\r\n- Secar a sombra<br />\r\n', 0, NULL, NULL, 3.00, 18.00, 36.00, 'P', ''),
	(153, 7, 0, '810607BG', 'Camisola ', 'Camisola em Cetim e Liga Net - Rubi - Garota Veneno', '2014-08-14 16:02:57', NULL, 1, 73, NULL, 1, 1, 0.11, NULL, 'Camisola em Cetim e Liga Net, sem bojo, costa nadador e detalhes em renda.<br />\r\nAcompanha calcinha fio.<br />\r\nProduto de alta qualidade! <br />\r\nCor: Rubi<br />\r\nTam.: GG<br />\r\nConfeccionado em: <br />\r\nCetim e Liga Net<br />\r\nCalcinha, forro 100% algodão<br />\r\nRecomendações: <br />\r\n- Lavar a mão<br />\r\n- Usar sabão neutro<br />\r\n- Secar a sombra', 15, 1, NULL, 4.00, 22.00, 34.00, 'G', ''),
	(154, 7, 0, '87608AG', 'Espartilho', 'Espartilho em Microfibra e Renda - Melância', '2014-08-14 16:46:42', NULL, 1, 102, NULL, 2, 1, 0.14, NULL, 'Espartilho em Microfibra e Renda, buraco nas laterais, com babado e ligas destacáveis.<br /><br />\r\nAcompanha calcinha com lateral dupla. <br /><br />\r\nProduto de alta qualidade! <br /><br />\r\nNão acompanha meia<br /><br />\r\nCor: Melância<br /><br />\r\nTam.: G<br /><br />\r\nConfeccionado em: <br />\r\n82% Poliamida<br />\r\n18% Elastano<br /><br />\r\nCalcinha, forro 100% algodão<br /><br />\r\nRecomendações: <br />\r\n- Lavar a mão<br />\r\n- Usar sabão neutro<br />\r\n- Secar a sombra<br /><br /><br />\r\n', 0, NULL, NULL, 4.00, 35.00, 50.00, 'G', ''),
	(156, 7, 0, '87609AM', 'Espartilho', 'Espartilho em Microfibra e Cetim - Preto', '2014-08-14 17:37:11', NULL, 1, 92, NULL, 2, 1, 0.19, 1, 'Espartilho em Microfibra e Cetim, com bojo, laterais drapeado e ligas destacáveis. <br />\r\nAcompanha calcinha fio. <br />\r\nProduto de alta qualidade! <br />\r\nNão acompanha meia<br />\r\nCor: Preto<br />\r\nTam.: M<br />\r\nConfeccionado em:<br />\r\n82% Poliamida<br />\r\n18% Elastano<br />\r\nCalcinha, forro 100% algodão<br />\r\nRecomendações:<br />\r\n- Lavar a mão<br />\r\n- Usar sabão neutro<br />\r\n- Secar a sombra<br />\r\n', 0, NULL, NULL, 3.00, 35.00, 50.00, 'M', ''),
	(157, 7, 0, '87610AP', 'Espartilho', 'Espartilho em Tuli, Renda e Cetim - Rubi', '2014-08-14 19:01:25', NULL, 1, 81, NULL, 1, 1, 0.17, NULL, 'Espartilho em Tuli, Renda e Cetim, bojo com fita e ligas destacáveis. <br /><br />\r\nAcompanha calcinha fio. <br /><br />\r\nProduto de alta qualidade! <br /><br />\r\nNão acompanha meia<br /><<br />\r\nCor: Rubi<br /><br />\r\nTam.: P<br /><br />\r\nConfeccionado em: <br />\r\n82% Poliamida<br />\r\n18% Elastano<br /><br />\r\nCalcinha, forro 100% algodão<br /><br />\r\nRecomendações:<br />\r\n- Lavar a mão<br />\r\n- Usar sabão neutro<br />\r\n- Secar a sombra', 0, NULL, NULL, 3.00, 35.00, 50.00, 'P', ''),
	(159, 13, 0, '330125736', 'Caneta Sexy Pen', 'Caneta Sensuale Sexy Pen - Leite Condensado', '2014-08-18 10:29:45', NULL, 1, 5.6, NULL, 0, 3, 0.04, NULL, 'A Caneta Comestível Sensuale foi desenvolvida para desenhar no corpo com segundas intenções. <br />\r\nSeja ousado e deixa a sua imaginação fluir. <br />\r\nSolte-se e inove com desenhos no corpo de seu amor e depois tire com a boca.<br />\r\nDeliciosa, criativa e excitante brincadeira.<br />\r\n<br />\r\nSabor: Leite Condensado<br />\r\n<br />\r\nContém 20g.', 0, NULL, NULL, 2.50, 2.50, 14.50, '', ''),
	(160, 13, 0, '330125732', 'Caneta Sexy Pen', 'Caneta Sensuale Sexy Pen - Morango com Champagne', '2014-08-18 10:35:23', NULL, 1, 5.6, NULL, 2, 3, 0.04, NULL, 'Caneta Sexy Pen - Morango com champagne.<br />\r\n<br />\r\nA Caneta Comestível Sensuale foi desenvolvida para desenhar no corpo com segundas intenções. <br />\r\nSeja ousado e deixa a sua imaginação fluir. <br />\r\nSolte-se e inove com desenhos no corpo de seu amor e depois tire com a boca.<br />\r\nDeliciosa, criativa e excitante brincadeira.<br />\r\n<br />\r\nContém 20g.<br />\r\n', 0, NULL, NULL, 2.50, 2.50, 14.50, '', ''),
	(161, 13, 0, '3301257301', 'Caneta Sexy Pen', 'Caneta Sensuale Sexy Pen - Ice Menta', '2014-08-18 10:40:22', NULL, 1, 5.6, NULL, 3, 3, 0.04, NULL, 'Caneta sexy Pen - Ice Menta<br />\r\n<br />\r\nA Caneta Comestível Sensuale foi desenvolvida para desenhar no corpo com segundas intenções. <br />\r\nSeja ousado e deixa a sua imaginação fluir. <br />\r\nSolte-se e inove com desenhos no corpo de seu amor e depois tire com a boca.<br />\r\nDeliciosa, criativa e excitante brincadeira.<br />\r\n<br />\r\nContém 20g.', 0, NULL, NULL, 2.50, 2.50, 14.50, '', ''),
	(162, 13, 0, '330125730', 'Caneta Sexy Pen', 'Caneta Sensuale Sexy Pen - ChocoMenta', '2014-08-18 10:42:36', NULL, 1, 5.6, NULL, 5, 3, 0.04, NULL, 'Caneta Sexy Pen - ChocoMenta.<br />\r\n<br />\r\nA Caneta Comestível Sensuale foi desenvolvida para desenhar no corpo com segundas intenções. <br />\r\nSeja ousado e deixa a sua imaginação fluir. <br />\r\nSolte-se e inove com desenhos no corpo de seu amor e depois tire com a boca.<br />\r\nDeliciosa, criativa e excitante brincadeira.<br />\r\n<br />\r\nContém 20g.', 0, NULL, NULL, 2.50, 2.50, 14.50, '', ''),
	(163, 15, 0, '339723', 'Spray Eletrizante', 'Spray Eletrizante Tremilik - Menta', '2014-08-18 10:59:52', NULL, 1, 22.5, NULL, 7, 3, 0.04, NULL, 'Tremilik Beijável Spray Eletrizante sabor Menta. Excitante unissex beijável que dá a sensação de pequenos choques, excitando ainda mais, é um gel para uso íntimo, diferente de todos os outros no mercado.<br />\r\n<br />\r\nContém: 15ml.<br />\r\n<br />\r\nApós aplicar na região desejada em poucos minutos sentirá um leve formigamento até se transformar na sensação de pequenos choques, proporcionando mais prazer.<br />\r\n<br />\r\nPrecauções: Havendo irritação suspenda o uso<br />\r\n', 0, NULL, NULL, 10.00, 2.50, 2.50, '', NULL),
	(164, 15, 0, '339722', 'Spray Eletrizante', 'Spray Eletrizante Tremilik - Morango', '2014-08-18 11:04:12', NULL, 1, 22.5, NULL, 7, 3, 0.04, NULL, 'Tremilik Beijável Spray Eletrizante sabor morango. Excitante unissex beijável que dá a sensação de pequenos choques, excitando ainda mais, é um gel para uso íntimo, diferente de todos os outros no mercado.<br />\r\n<br />\r\nContém: 15ml.<br />\r\n<br />\r\nApós aplicar na região desejada em poucos minutos sentirá um leve formigamento até se transformar na sensação de pequenos choques, proporcionando mais prazer.<br />\r\n<br />\r\nPrecauções: Manter fora do alcance das crianças. Havendo irritação suspenda o uso.<br />\r\n', NULL, NULL, NULL, 10.00, 2.50, 2.50, NULL, NULL),
	(165, 15, 0, '389904', 'Sachê - Segredos de Anita', 'Gel para Massagem - Sachê - Segredo de Anita', '2014-08-18 11:13:23', NULL, 1, 4.3, NULL, 7, 5, 0.01, NULL, 'Segredo de Anita, a medida certa para seu prazer. <br /><br />\r\nRetrai o tecido vaginal, o que proporciona sensação de estreitamento. <br /><br />\r\nAumenta o seu prazer e do parceiro. <br /><br />\r\nContém: 5g<br /><br /><br />\r\n', 0, NULL, NULL, 0.50, 6.50, 7.00, '', ''),
	(166, 14, 0, '8141102050', 'Sutiã 1/2 Taça', 'Sutiã 1/2 Taça nadador - Vermelho Claro', '2014-08-18 11:21:03', NULL, 1, 78, NULL, 1, 1, 0.14, NULL, 'Sutiã Majestosa - Sutiã meia taça nadador em microfibra lisa com detalhe de renda no bojo em V.<br /><br />\r\nFabricado por Nayane Rodrigues Moda Íntima<br /><br />\r\nComposição: <br />\r\n82%Poliamida<br />\r\n18% Elastano<br /><br />\r\nForro:<br />\r\n100% Algodão<br />\r\nImagem meramente ilustrativa.<br />\r\n', 0, NULL, NULL, 6.00, 37.00, 20.00, '50', ''),
	(167, 14, 0, '8141102048', 'Sutiã 1/2 Taça', 'Sutiã 1/2 Taça Nadador - Vermelho Claro', '2014-08-18 11:26:15', NULL, 1, 78, NULL, 0, 1, 0.14, NULL, 'Sutiã Majestosa - Sutiã meia taça nadador em microfibra lisa com detalhe de renda no bojo em V.<br /><br /><br />\r\n<br /><br /><br />\r\nFabricado por Nayane Rodrigues Moda Íntima<br /><br /><br />\r\n<br /><br /><br />\r\nComposição: <br /><br /><br />\r\n82%Poliamida<br /><br /><br />\r\n18% Elastano<br /><br /><br />\r\n<br /><br /><br />\r\nForro:<br /><br /><br />\r\n100% Algodão<br /><br /><br />\r\n<br /><br />\r\nImagem meramente ilustrativa.', 0, NULL, NULL, 6.00, 37.00, 20.00, '48', ''),
	(168, 14, 0, '8141101050', 'Sutiã 1/2 Taça', 'Sutiã 1/2 Taça em Microfibra - Branco', '2014-08-18 12:07:40', NULL, 1, 78, NULL, 1, 1, 0.15, NULL, 'Sutiã Majestosa - Sutiã 1/2 taça em microfibra drapeada com detalhe de renda no bojo em V.<br /><br />\r\nFabricado por Nayane Rodrigues Moda Íntima<br /><br />\r\nComposição: <br />\r\n82%Poliamida<br />\r\n18% Elastano<br /><br />\r\nForro:<br />\r\n100% Algodão<br /><br />\r\nImagem meramente ilustrativa.<br /><br /><br /><br />\r\n', 0, NULL, NULL, 6.00, 37.00, 20.00, '50', ''),
	(169, 14, 0, '8141101048', 'Sutiã 1/2 Taça', 'Sutiã 1/2 Taça em Microfibra - Branco', '2014-08-18 12:09:36', NULL, 1, 78, NULL, 1, 1, 0.15, NULL, 'Sutiã Majestosa - Sutiã 1/2 taça em microfibra drapeada com detalhe de renda no bojo em V.<br /><br />\r\nFabricado por Nayane Rodrigues Moda Íntima<br /><br />\r\nComposição: <br />\r\n82%Poliamida<br />\r\n18% Elastano<br /><br />\r\nForro:<br />\r\n100% Algodão<br /><br />\r\nImagem meramente ilustrativa.<br /><br /><br /><br />\r\n', 0, NULL, NULL, 6.00, 37.00, 20.00, '48', ''),
	(171, 14, 0, '8302917M', 'Calcinha Biquini', 'Calcinha Biquini sem Costura - Preto', '2014-08-18 12:20:14', NULL, 1, 21.2, NULL, 3, 1, 0.03, 1, 'Calcinha biquini sem costura em microfibra lisa com renda nas laterais.<br />\r\nFabricado por Nayane Rodrigues Moda Íntima<br />\r\nComposição: <br />\r\n82%Poliamida<br />\r\n18% Elastano<br />\r\nForro:<br />\r\n100% Algodão<br />\r\n', 0, NULL, NULL, 2.00, 30.00, 26.00, 'M', ''),
	(172, 14, 0, '8302917G', 'Calcinha Biquini', 'Calcinha Biquini sem Costura - Preto', '2014-08-18 12:23:03', NULL, 1, 21.2, NULL, 3, 1, 0.03, NULL, 'Calcinha biquini sem costura em microfibra lisa com renda nas laterais.<br />\r\n<br />\r\nFabricado por Nayane Rodrigues Moda Íntima<br />\r\n<br />\r\nComposição: <br />\r\n82%Poliamida<br />\r\n18% Elastano<br />\r\n<br />\r\nForro:<br />\r\n100% Algodão<br />\r\n', NULL, NULL, NULL, 2.00, 30.00, 26.00, 'G', NULL),
	(173, 14, 0, '8302917P', 'Calcinha Biquini', 'Calcinha Biquini sem Costura - Preto', '2014-08-18 12:25:08', NULL, 1, 21.2, NULL, 2, 1, 0.03, NULL, 'Calcinha biquini sem costura em microfibra lisa com renda nas laterais.<br />\r\n<br />\r\nFabricado por Nayane Rodrigues Moda Íntima<br />\r\n<br />\r\nComposição: <br />\r\n82%Poliamida<br />\r\n18% Elastano<br />\r\n<br />\r\nForro:<br />\r\n100% Algodão<br />\r\n', 0, NULL, NULL, 2.00, 30.00, 26.00, 'P', NULL),
	(174, 10, 0, '3301383', 'Sorvete Quente', 'Sorvete Quente -  Beijinho - Loka Sensação', '2014-08-18 12:42:44', NULL, 1, 6.8, NULL, 8, 3, 0.04, NULL, 'Sorvete Quente Sabor Beijinho<br />\r\n<br />\r\nModo de Usar: Acenda o pavio deixe por alguns minutos até ficar líquido, deguste a vontade.<br />\r\n<br />\r\nFabricado por Loka Sensação<br />\r\n<br />\r\nInformações Nutricionais por porção 40g<br />\r\n<br />\r\nQuantidade 1un% 68kcal VD<br />\r\nV. Energetico 28kcal 3%<br />\r\nCarboidratos 6,8g 2 %<br />\r\nProteinas <br />\r\nGorduras Totais 4,5g 8%<br />\r\nGorduras Saturadas <br />\r\nGorduras Trans <br />\r\nFibras Alimentar <br />\r\nSódio <br />\r\n<br />\r\nValores de referência com base em uma dieta de 2000Kcal ou 8400Kj seus valores diários pode ser maiores ou menores dependendo de suas necessidades energéticas.<br />\r\n<br />\r\nANVISA, site do USDA - Resolução 23<br />\r\n<br />\r\nIngredientes: Emulsificante, Corante, Adoçante e Parafina Comestível.<br />\r\n', 0, NULL, NULL, 5.00, 5.00, 5.00, '', NULL),
	(175, 10, 0, '3301385', 'Sorvete Quente', 'Sorvete Quente - Espanhola - Loka Sensação', '2014-08-18 12:45:18', NULL, 1, 6.8, NULL, 8, 3, 0.04, NULL, 'Sorvete Quente Sabor Espanhola.<br />\r\n<br />\r\nModo de Usar: Acenda o pavio deixe por alguns minutos até ficar líquido, deguste a vontade.<br />\r\n<br />\r\nFabricado por Loka Sensação<br />\r\n<br />\r\nInformações Nutricionais por porção 40g<br />\r\n<br />\r\nQuantidade 1un% 68kcal VD<br />\r\nV. Energetico 28kcal 3%<br />\r\nCarboidratos 6,8g 2 %<br />\r\nProteinas <br />\r\nGorduras Totais 4,5g 8%<br />\r\nGorduras Saturadas <br />\r\nGorduras Trans <br />\r\nFibras Alimentar <br />\r\nSódio <br />\r\n<br />\r\nValores de referência com base em uma dieta de 2000Kcal ou 8400Kj seus valores diários pode ser maiores ou menores dependendo de suas necessidades energéticas.<br />\r\n<br />\r\nANVISA, site do USDA - Resolução 23<br />\r\n<br />\r\nIngredientes: Emulsificante, Corante, Adoçante e Parafina Comestível.<br />\r\n', 0, NULL, NULL, 5.00, 5.00, 5.00, '', ''),
	(176, 10, 0, '3301384', 'Sorvete Quente', 'Sorvete Quente - Sensação - Loka Sensação', '2014-08-18 12:47:38', NULL, 1, 6.8, NULL, 6, 3, 0.04, NULL, 'Sorvete Quente Sabor Sensação<br /><br />\r\nModo de Usar: Acenda o pavio deixe por alguns minutos até ficar líquido, deguste a vontade.<br /><br />\r\nFabricado por Loka Sensação<br /><br />\r\nInformações Nutricionais por porção 40g<br /><br />\r\nQuantidade 1un% 68kcal VD<br />\r\nV. Energetico 28kcal 3%<br />\r\nCarboidratos 6,8g 2 %<br />\r\nProteinas <br />\r\nGorduras Totais 4,5g 8%<br />\r\nGorduras Saturadas <br />\r\nGorduras Trans <br />\r\nFibras Alimentar<br />\r\nSódio<br />\r\nValores de referência com base em uma dieta de 2000Kcal ou 8400Kj seus valores diários pode ser maiores ou menores dependendo de suas necessidades energéticas.<br /><br />\r\nANVISA, site do USDA - Resolução 23<br /><br />\r\nIngredientes: Emulsificante, Corante, Adoçante e Parafina Comestível.<br />', 0, NULL, NULL, 5.00, 5.00, 5.00, '', ''),
	(178, 8, 0, '13AC002T', 'Anel Oriental', 'Anel Oriental Pequeno em Silicone - Transparente', '2014-08-18 16:20:12', NULL, 1, 10.4, NULL, 3, 2, 0.02, NULL, 'Anel Oriental Pequeno<br /><br />\r\nAnel massageador usado durante a relação para estimular a vúlva e o clitóris.<br /><br />\r\nA versão pequena do Anel Oriental massageador é para aqueles que querem foco na estimulação: colocado na base de um pênis ou vibrador estimula o clitoris, a vulva ou a região anal.<br /><br />\r\nCuidados: Lavar antes e após o manuseio com água e sabão neutro.Não compartilhe deste produto com outros parceiros.<br /><br />\r\nOrigem: Nacional<br /><br />\r\nCor: Transparente<br /><br />\r\nDimensões: 50 x 85 x Ø int. 25mm<br /><br />\r\nMaterial: Elastômero<br /><br />\r\nEmbalagem: Caixa<br /><br />\r\nAnéis<br /><br />\r\nOs anéis penianos colocados na base do pênis ou no vibrador personal e, com variados relevos, tem a função múltipla de massagear a parceira durante a penetração, segurar a ereção e retardar a ejaculação.<br /><br />\r\nNão podem ser utilizados por mais de 30 minutos corridos, pois podem prejudicar o pênis.<br /><br />\r\n', 0, NULL, NULL, 2.00, 5.50, 11.50, '', ''),
	(179, 8, 0, '13AC003T', 'Anel Oriental', 'Anel Oriental Duplo em Silicone - Transparente', '2014-08-18 16:26:04', NULL, 1, 11.2, NULL, 3, 2, 0.02, NULL, 'Anel Oriental Duplo<br /><br />\r\nAnel massageador usado durante a relação para massagear a vúlva, estimular o clitoris e segurar a ereção.<br /><br />\r\nAnel massageador com cerdas macias que, colocado na base do pênis ou vibrador estimula toda vulva e clitóris. Com uma cerda maior do que as outras em um de suas pontas, pode tanto excitar de forma diferente o clitóris ou o ânus.<br /><br />\r\nCuidados: Lavar antes e após o manuseio com água e sabão neutro. Não compartilhe deste produto com outros parceiros.<br /><br />\r\nOrigem: Nacional<br /><br />\r\nCor: Transparente<br /><br />\r\nDimensões: 50 x 130 x Ø int. 25mm<br /><br />\r\nMaterial: Elastômero<br /><br />\r\nEmbalagem: Caixa<br /><br />\r\nAnéis<br /><br />\r\nOs anéis penianos colocados na base do pênis ou no vibrador personal e, com variados relevos, tem a função múltipla de massagear a parceira durante a penetração, segurar a ereção e retardar a ejaculação.<br /><br />\r\nNão podem ser utilizados por mais de 30 minutos corridos, pois podem prejudicar o pênis.<br />', 0, NULL, NULL, 2.00, 5.50, 15.00, '', ''),
	(180, 123, 0, '13EVA310', 'Anel Vibratório', 'Anel Vibratório com Massageador Ursinho ', '2014-08-18 16:36:12', NULL, 1, 14.3, NULL, 6, 2, 0.03, NULL, 'Anel vibratório com massageador Ursinho em silicone, lilás é facilmente ajustável a qualquer tamanho peniano ou vibrador personal. Possui na cabeça desse poderoso ursinho uma mini cápsula vibratória de 4 cm que estimula o clitóris. O Anel, ajustado à base do pênis, simultaneamente segura a ereção e retarda a ejaculação.<br />\r\nÉ reutilizável (não descartável) desde que os cuidados com a higiene sejam observados como lavar antes e após o manuseio com água e sabão. E permite trocar as baterias.<br />\r\nRecomendações de Uso: Antes de usá-lo, passe um pano úmido e limpe com sabonete antibactericida. Evite o contato da água com o compartimento das baterias. Seque com papel toalha descartável ou deixe secar naturalmente (para maior durabilidade do produto, este processo deve ser repetido após cada uso)<br />\r\nAbra a tampa do controle do produto, coloque as baterias. Feche a tampa. Aperte o botão para ligar e sentir a intensidade da vibração.<br />\r\nAntes de utilizar consulte o seu médico ginecologista. <br />\r\nPessoas alérgicas não devem usar o produto. Não use o produto em regiões com inflamações, inchaços ou lacerações.<br />\r\nNão nos responsabilizamos pelo mau uso do produto.', 0, NULL, NULL, 2.50, 6.50, 9.00, '', ''),
	(181, 123, 0, '13EVA311', 'Anel Vibratório Gatinho', 'Anel Vibratório com Massageador Gatinho', '2014-08-18 16:39:23', NULL, 1, 14.3, NULL, 3, 2, 0.03, NULL, 'Anel vibratório com massageador Gatinho em silicone, lilás é facilmente ajustável a qualquer tamanho peniano ou vibrador personal. Possui na cabeça desse poderoso gatinho uma mini cápsula vibratória de 4 cm que estimula o clitóris. O Anel, ajustado à base do pênis, simultaneamente segura a ereção e retarda a ejaculação. <br /><br />\r\nÉ reutilizável (não descartável) desde que os cuidados com a higiene sejam observados como lavar antes e após o manuseio com água e sabão. E permite trocar as baterias. <br /><br />\r\nRecomendações de Uso: Antes de usá-lo, passe um pano úmido e limpe com sabonete antibactericida. Evite o contato da água com o compartimento das baterias. Seque com papel toalha descartável ou deixe secar naturalmente (para maior durabilidade do produto, este processo deve ser repetido após cada uso).<br /><br />\r\nAbra a tampa do controle do produto, coloque as baterias. Feche a tampa. Aperte o botão para ligar e sentir a intensidade da vibração.<br /><br />\r\nAntes de utilizar consulte o seu médico ginecologista. <br /><br />\r\nPessoas alérgicas não devem usar o produto. Não use o produto em regiões com inflamações, inchaços ou lacerações.<br /><br />\r\nNão nos responsabilizamos pelo mau uso do produto.<br /><br />\r\nContém: Magic Ring<br /><br />\r\nComposição: PVC<br /><br />\r\nValidade: válido por prazo indeterminado<br /><br />\r\n', 0, NULL, NULL, 2.50, 6.50, 9.00, '', ''),
	(182, 12, 0, '313185', 'Bolinhas Funcionais', 'Bolinhas Funcionais Twister - 2 unid.', '2014-08-18 16:46:36', NULL, 1, 5.9, NULL, 10, 3, 0.01, NULL, 'Bolinha Funcional Twister - 02 Unid. - Sensual Love<br />\r\n<br />\r\nBolinha Funcional Twister, é um óleo que aumenta a sensibilidade, estimulando a circulação sanguinea da região aplicada e ao mesmo tempo remete as sensações de aquecimento, refrescância, pulsação e pequenos choques.<br />\r\n <br />\r\nIndicada para uso Anal ou Vaginal<br />\r\n<br />\r\nContém: 2 Unidades. <br />\r\n<br />\r\nAtenção:<br />\r\nPor se tratar de produto com base de gelatina, é necessário o cuidado com o armazenamento, o produto ficando exposto a altas e baixas temperaturas, poderá sofrer alterações em suas características (cor, tamanho e formato), porém, sem perder sua funções. O produto armazenado em local com excesso de umidade ou em ambiente sem ventilação poderá sofrer problemas de bolor (mofo), como qualquer outro produto com base alimentícia, onde não nos responsabilizamos pelo mesmo.<br />\r\n<br />\r\nImagem meramente ilustrativa.<br />\r\n', 0, NULL, NULL, 2.50, 2.50, 5.00, '', ''),
	(183, 12, 0, '313186', 'Bolinhas Funcionais', 'Bolinhas Funcionais Flying Dragon - 2 unid.', '2014-08-18 16:58:22', NULL, 1, 5.9, NULL, 4, 3, 0.01, NULL, 'Bolinha Funcional Flying Dragon  - 02 Unid. - Sensual Love<br />\r\n<br />\r\nBolinha Funcional Flying Dragon, é um óleo que aumenta a sensibilidade, estimulando a circulação sanguinea da região e ao mesmo tempo remete as sensações extremo calor seguido de uma leve refrescância.	<br />\r\n<br />\r\nIndicada para uso Anal ou Vaginal<br />\r\n<br />\r\nContém: 2 Unidades. <br />\r\n<br />\r\nAtenção:<br />\r\nPor se tratar de produto com base de gelatina, é necessário o cuidado com o armazenamento, o produto ficando exposto a altas e baixas temperaturas, poderá sofrer alterações em suas características (cor, tamanho e formato), porém, sem perder sua funções. O produto armazenado em local com excesso de umidade ou em ambiente sem ventilação poderá sofrer problemas de bolor (mofo), como qualquer outro produto com base alimentícia, onde não nos responsabilizamos pelo mesmo.<br />\r\n<br />\r\nImagem meramente ilustrativa.<br />\r\n', 0, NULL, NULL, 2.50, 2.50, 5.00, '', NULL),
	(184, 12, 0, '313182', 'Bolinhas Funcionais', 'Bolinhas Funcionais Fire & Ice - 2 unid.', '2014-08-18 17:07:54', NULL, 1, 5.9, NULL, 11, 3, 0.01, NULL, 'Bolinha Funcional Fire & Ice - 02 Unid. - Sensual Love<br />\r\nBolinha Funcional Fire & Ice, é um óleo que aumenta a sensibilidade, estimulando a circulação sanguinea da região e ao mesmo tempo remete as sensações de aquecimento e refrescância.<br />\r\nIndicada para uso Anal ou Vaginal<br />\r\nContém: 2 Unidades. <br />\r\nAtenção:<br />\r\nPor se tratar de produto com base de gelatina, é necessário o cuidado com o armazenamento, o produto ficando exposto a altas e baixas temperaturas, poderá sofrer alterações em suas características (cor, tamanho e formato), porém, sem perder sua funções. O produto armazenado em local com excesso de umidade ou em ambiente sem ventilação poderá sofrer problemas de bolor (mofo), como qualquer outro produto com base alimentícia, onde não nos responsabilizamos pelo mesmo.<br />\r\nImagem meramente ilustrativa.<br />\r\n', 0, NULL, NULL, 2.50, 2.50, 5.00, '', ''),
	(186, 8, 0, '25RK004', 'Raspadinha', 'Raspadinha Kama Sutra Cards - Hot', '2014-08-20 14:13:16', NULL, 1, 0.7, NULL, 17, 10, 0.00, NULL, 'Jogo para brincar acompanhado.<br />\r\nPara treinar as posições mais quentes nos lugares mais inusitados. Com o auxilio de uma moeda ou com a própria unha, raspe um quadradinho da primeira linha (posição) e um da segunda linha (local). E então o que for revelado terá que ser executado pelo casal. <br />\r\n', NULL, NULL, NULL, 0.50, 5.50, 9.00, NULL, NULL),
	(187, 12, 0, '313184', 'Bolinhas Funcionais', 'Bolinhas Funcionais Shock Plus - 2 Unid.', '2014-08-22 15:55:38', NULL, 1, 5.9, NULL, 12, 3, 0.01, NULL, 'Bolinha Funcional Shock Plus - 02 Unid. - Sensual Love<br /><br />\r\nBolinha Funcional Shock Plus, é um óleo que aumenta a sensibilidade, que dá a sensação de pequenos choques. Após aplicar na região desejada em poucos minutos sentirá um leve formigamento até se transformar na sensação de pequenos choques.<br /><br />\r\nIndicada para uso Anal ou Vaginal<br /><br />\r\nContém: 2 Unidades. <br /><br />\r\nAtenção:<br /><br />\r\nPor se tratar de produto com base de gelatina, é necessário o cuidado com o armazenamento, o produto ficando exposto a altas e baixas temperaturas, poderá sofrer alterações em suas características (cor, tamanho e formato), porém, sem perder sua funções. O produto armazenado em local com excesso de umidade ou em ambiente sem ventilação poderá sofrer problemas de bolor (mofo), como qualquer outro produto com base alimentícia, onde não nos responsabilizamos pelo mesmo.<br /><br /><br />\r\n', 0, NULL, NULL, 2.50, 5.00, 5.00, '', ''),
	(188, 12, 0, '313281', 'Bolinhas Funcionais', 'Bolinhas Funcionais Wink - 2 unid.', '2014-08-22 16:05:30', NULL, 1, 5.9, NULL, 9, 3, 0.01, NULL, 'Bolinha Funcional Wink - 02 Unid. Sensual Love<br />\r\n<br />\r\nBolinha Funcional Wink Excitante Anal, é um óleo excitante, lubrificante e anestésico que faz pulsar.<br />\r\n<br />\r\nIndicada para uso Anal!<br />\r\n<br />\r\nContém: 2 Unidades, 4gr. <br />\r\n<br />\r\nAtenção:<br />\r\nPor se tratar de produto com base de gelatina, é necessário o cuidado com o armazenamento, o produto ficando exposto a altas e baixas temperaturas, poderá sofrer alterações em suas características (cor, tamanho e formato), porém, sem perder sua funções. O produto armazenado em local com excesso de umidade ou em ambiente sem ventilação poderá sofrer problemas de bolor (mofo), como qualquer outro produto com base alimentícia, onde não nos responsabilizamos pelo mesmo.<br />\r\n', 0, NULL, NULL, 2.50, 2.50, 5.00, '', NULL),
	(189, 12, 0, '313282', 'Bolinhas Funcionais', 'Bolinhas Funcionais Easy - 2 unid.', '2014-08-22 16:11:04', NULL, 1, 5.9, NULL, 11, 3, 0.01, NULL, 'Bolinha Funcional Easy Anal 02 Unid. - Sensual Love<br /><br />\r\nBolinha Funcional Easy Anal, é um óleo anestésico 4 x 1 sendo as funções: anestésico, lubrificante, vasodilatador e cicatrizante. <br /><br />\r\nIndicada para uso Anal!<br /><br />\r\nContém: 2 Unidades, 4gr. <br /><br />\r\nAtenção:<br /><br />\r\nPor se tratar de produto com base de gelatina, é necessário o cuidado com o armazenamento, o produto ficando exposto a altas e baixas temperaturas, poderá sofrer alterações em suas características (cor, tamanho e formato), porém, sem perder sua funções. O produto armazenado em local com excesso de umidade ou em ambiente sem ventilação poderá sofrer problemas de bolor (mofo), como qualquer outro produto com base alimentícia, onde não nos responsabilizamos pelo mesmo.<br /><br /><br />\r\n', 0, NULL, NULL, 2.50, 2.50, 5.00, '', ''),
	(190, 121, 0, '1104342', 'Ducha Íntima', 'In M Sex Clean Ducha Íntima Compacta - Carbogel', '2014-08-22 16:29:48', NULL, 1, 29.7, NULL, 0, 2, 0.01, NULL, 'In M Sex Clean Ducha Íntima Compacta Carbogel<br />\r\n<br />\r\nIn M é um produto revolucionário, desenvolvido para possibilitar a perfeita higiene íntima sempre que necessário, de forma discreta e segura.<br />\r\n <br />\r\nIndicado para a higienização reto-anal masculina ou feminina, bem como ducha íntima ginecológica.<br />\r\n<br />\r\nContém 01 unidade, Capacidade de 300gr. Produto Descartável.<br />\r\n<br />\r\n<br />\r\nVídeo explicativo:<br />\r\nhttp://www.youtube.com/watch?feature=player_embedded&v=oyVIKmrB_hA<br />\r\n', 0, NULL, NULL, 1.50, 7.00, 12.50, '', ''),
	(191, 22, 0, '342864', 'Gel de Massagem ', 'Uh!Lá!Lá! Excitante Masculino - Santo', '2014-08-22 16:36:43', NULL, 1, 18.1, NULL, 3, 2, 0.02, NULL, 'Uh!Lá!Lá! Excitante Masculino 10gr - Santo<br />\r\n<br />\r\nUh!Lá!Lá! Excitante Masculino.<br />\r\nGel de massagem corporal com extrato de castanha da Índia. Possui ação ativadora do tônus da pele.<br />\r\n<br />\r\nProvocador de Ereção e Excitante Masculino.<br />\r\n<br />\r\nContém 10gr.<br />\r\n<br />\r\nModo de usar: Aplicar o produto sobre a pele e massagear suavemente com movimentos deslizantes.<br />\r\n', 0, NULL, NULL, 2.50, 6.00, 9.00, '', NULL),
	(192, 22, 0, '332870', 'Gel Comestível', 'Plaisir - Gel Comestível Petit Gateau - Santo', '2014-08-22 16:56:40', NULL, 1, 19.4, NULL, 2, 2, 0.04, NULL, 'Plaisir Gel Comestível Petit Gateau 15gr - Santo<br />\r\n<br />\r\nPlaisir Gel Comestível Petit Gateau. É um gel corporal para massagem com aroma Petit Gateau (chocolate). Este gel corporal causa uma leve e agradável sensação de calor em contato com a pele.<br />\r\n<br />\r\nFeito para massagear, estimulando todos os sentidos. <br />\r\n<br />\r\nContém 15gr.<br />\r\n<br />\r\nModo de Uso: Aplique o produto sobre a pele e massageie suavemente com movimentos deslizantes. Evite contato com os olhos. Caso isto ocorra, lave com água em abundância. <br />\r\n', 0, NULL, NULL, 9.50, 4.50, 4.50, '', NULL),
	(193, 22, 0, '344019', 'Gel Excitante', 'Explosion Elétrico Fruit De la Passion - Santo', '2014-08-22 17:12:11', NULL, 1, 13.5, NULL, 5, 2, 0.02, NULL, 'Explosion Elétrico Fruit De la Passion - Santo<br />\r\n<br />\r\nExplosion Elétrico Fruit De la Passion é um gel excitante unissex, que dá a sensação de pequenos choques, para uso no clitóris ou pênis, diferente de todos os outros no mercado, possui um aroma maravilhoso de maracujá, pode ser beijável!<br />\r\n<br />\r\nApós aplicar na região desejada em poucos minutos sentirá um leve formigamento até se transformar na sensação de pequenos, proporcionando mais prazer.<br />\r\n<br />\r\nContém 07gr.<br />\r\n', 0, NULL, NULL, 8.00, 3.00, 2.00, '', NULL),
	(194, 22, 0, '382854', 'Gel Excitante', 'Orgasm Gel Excitante Feminino - Santo', '2014-08-22 17:17:58', NULL, 1, 59, NULL, 4, 2, 0.10, NULL, 'Orgasm Gel Excitante Feminino - Santo<br />\r\n<br />\r\nOrgasm Gel Excitante Feminino, que estimula a musculatura vaginal, sensibiliza o ponto G e torna os orgasmos muito mais intensos. É seguro porque tem formulação de extratos naturais e pH compatível com a vagina. <br />\r\n<br />\r\nO Gel Feminino Orgasm é a sensação do momento um produto único, não existe nada parecido no mercado. <br />\r\n<br />\r\nContém 40gr.<br />\r\n', 0, NULL, NULL, 14.00, 5.50, 5.50, '', ''),
	(195, 22, 0, '342925', 'Gel Excitante', 'Gallis Madame - Excitante Feminino Mulheres Maduras - Santo', '2014-08-22 17:29:00', NULL, 1, 27.3, NULL, 4, 2, 0.04, NULL, 'Gallis Madame - Excitante Feminino Mulheres Maduras - Santo<br />\r\n<br />\r\nGallis Madame - Super Excitante Mulheres Maduras. Um excitante feminino de uso continuo, indicado para mulheres maduras que estão com diminuição de apetite sexual.<br />\r\n<br />\r\nModo de usar: passar nos pequenos lábios e clitóris todos os dias, onde a partir do 7 dia começa a apresentar resultados muito satisfatórios!<br />\r\n<br />\r\nContém 15gr.<br />\r\n<br />\r\nFabricante: Santo Cosméticos<br />\r\n', NULL, NULL, NULL, 9.00, 5.50, 5.50, NULL, NULL),
	(196, 22, 0, '382865', 'Gel Corporal', 'Retarder - Gel Retardador Masculino - Santo', '2014-08-22 17:37:27', NULL, 1, 19.5, NULL, 4, 2, 0.02, NULL, 'Retarder Gel Retardador Masculino. Gel corporal calmante com jambu. Possui ação suavizante do tônus da pele.  <br /><br />\r\nPoderoso Retardador de Ejaculação!<br /><br />\r\nModo de usar: Aplicar em movimentos suaves de massagem até a completa absorção da pele.<br /><br />\r\nFabricante: Santo<br /><br />\r\nContém 10gr.<br /><br /><br />\r\n', 0, NULL, NULL, 2.50, 6.00, 9.00, '', ''),
	(197, 22, 0, '343691', 'Gel Massagem', 'Volupté Gel de Massagem - Santo', '2014-08-22 17:50:13', NULL, 1, 16.3, NULL, 2, 2, 0.02, NULL, 'Volupté -  Gel de Massagem que causa aumento (Inchaço) momentâneo no pênis ou na vagina, tornando estes órgãos mais sensíveis ao toque aumentando a sensibilidade.Não causa nenhum tipo de dor!<br />\r\n<br />\r\nContém 7g.<br />\r\n<br />\r\nModo de usar: Aplicar em movimentos suaves de massagem.<br />\r\n<br />\r\nFabricante: Santo Cosméticos<br />\r\n<br />\r\nEvite contato com os olhos. Caso isto ocorra, lave com água em abundância.<br />\r\n', 0, NULL, NULL, 8.00, 3.00, 2.00, '', NULL),
	(199, 8, 0, '31CO217', 'Cápsulas', 'Cápsula Beijável - Leite Condensado', '2014-08-23 17:03:15', NULL, 1, 5.9, NULL, 11, 3, 0.02, NULL, 'Cápsula de LEITE CONDENSADO Beijável<br />\r\nCápsulas de óleo corporal com sabor leite condensado.<br />\r\nA cápsula de gelatina dissolve rapidamente em contato com o calor do corpo e não deixa resíduos.<br />\r\nDados Técnicos:<br />\r\nOrigem: Nacional Adão & Eva<br />\r\nEmbalagem: Frasco acrílico<br />\r\nMedidas: Contem 2 unidades de bolinha<br />\r\nAroma: Leite Condensado (beijável)<br />\r\nCor: Pérola<br />\r\nPrecauções: Manter em lugar fresco ao abrigo do calor e da luz intensa.<br />\r\nComposição: Essência, Irgassan DP-300, Miristrato de isopropila e óleo mineral.<br />\r\nValido 36 meses as data de fabricação.<br />\r\nINDÚSTRIA BRASILEIRA<br />\r\nRes. 343/05 Aut.Funcionamento 2-03676-2<br />\r\nCRQ-IV 004350410<br />\r\n', 0, NULL, NULL, 5.50, 2.50, 2.50, '', ''),
	(200, 8, 0, '16AC095', 'Ducha Íntima', 'Ducha Íntima Ginecológica', '2014-08-23 19:02:08', NULL, 1, 48.5, NULL, 3, 2, 0.23, NULL, 'Ducha Íntima Ginecológica<br />\r\n <br />\r\nProduto multifuncional: possui cânula vaginal e retal - As cânulas são transparentes facilitando a limpeza. Composição: Bico/cânula em polietileno e Bulbo em borracha sintética. <br />\r\n<br />\r\nCapacidade 200 ml.<br />\r\n<br />\r\nDados técnicos:<br />\r\n<br />\r\nIndicação: Produto vendido como acessório<br />\r\n<br />\r\nMaterial: Borracha sintética<br />\r\n<br />\r\nCor: Rosa<br />\r\n<br />\r\nOrigem: Brasil<br />\r\n<br />\r\nEmbalagem: Blister PP<br />\r\n', NULL, NULL, NULL, 7.00, 21.00, 33.00, NULL, NULL),
	(201, 8, 0, '18AC041', 'Cone para Pompoarismo', 'Jogo com 5 cones para Pompoarismo', '2014-08-26 11:23:25', NULL, 1, 79, NULL, 3, 2, 0.26, 1, 'Jogo com 5 Cones para Pompoarismo <br />\r\n<br />\r\nOs cones para pompoar foram introduzidos na medicina pelo ginecologista Arnold Kegelem 1950 para tratamento de incontinência urinária e outros males do trato urinário. São cinco pesos diferentes para o treino de força muscular da região pelvica e vaginal. Marfim 45gr, rosa 20gr, amarelo 32gr, azul 70 gr e verde 57gr.<br />\r\n<br />\r\nPompoarismo<br />\r\n<br />\r\nO Pompoarismo, prática milenar oriental de domínio mental dos anéis da musculatura vaginal ganhou várias adeptas na modernidade. <br />\r\n<br />\r\nCuidados: Lavar antes e após o manuseio com água e sabão neutro. <br />\r\n<br />\r\nNão compartilhe deste produto com outros parceiros.<br />\r\n<br />\r\nAconselhável o uso lubrificantes.<br />\r\n<br />\r\nMedidas: Cone 5x2 cm<br />\r\n<br />\r\nOrigem: Brasil <br />\r\n<br />\r\nCor: Verde, Marfim, Azul, Rosa e Amarelo<br />\r\n<br />\r\nMaterial: Polímero Plástico (Atóxico)<br />\r\n<br />\r\nEmbalagem: Caixa blister<br />\r\n', NULL, NULL, NULL, 6.00, 16.00, 10.50, NULL, NULL),
	(202, 8, 0, '22LD013', 'Dados ', 'Dados Cubo do Amor Hot - com 2 cubos', '2014-08-26 11:35:07', NULL, 1, 7.9, NULL, 5, 2, 0.04, NULL, 'Dados Cubos do Amor Hot<br />\r\n<br />\r\nJogo para adultos contendo 02 cubos<br />\r\nÉ um jogo para adultos com 02 cubos impressos, sendo 01 com variações sexuais: Sexo Oral, 69, Sexo Tradicional, Sexo Anal e um Coringa, e outro com lugares para a prática: Sofá, Chão, Cozinha, Chuveiro, Quarto e um Coringa.<br />\r\n<br />\r\nDados<br />\r\n<br />\r\nQuando o clima está morno, a sugestão é confiar a sorte do relacionamento aos dados. É uma forma divertida de aproximação e de trazer de novo a adrenalina para o coração e outras partes do corpo também interessantes.<br />\r\n<br />\r\n<br />\r\nOrigem: Nacional<br />\r\n<br />\r\nEmbalagem: Caixa acrílico<br />\r\n', 0, NULL, NULL, 2.50, 5.50, 7.50, '', NULL),
	(203, 8, 0, '22LD001', 'Dados Toque do Cupido', 'Dados Toque do Cupido - com 3 cubos', '2014-08-26 17:52:44', NULL, 1, 11.1, NULL, 3, 2, 0.05, NULL, 'Dados Toque do Cupido<br />\r\n<br />\r\nJogo para adultos.<br />\r\nContém 03 cubos impressos, sendo 01 com tarefas Beijar ou Beliscar, Tocar ou Apertar, Chupar ou Morder, Abraçar ou se Esfregar, Lamber ou Lambuzar e Acariciar e Fazer Cócegas, e outros dois com diferentes Desenhos de partes do corpo Feminino e Masculino.<br />\r\n<br />\r\nQuando o clima está morno, a sugestão é confiar a sorte do relacionamento aos dados. É uma forma divertida de aproximação e de trazer de novo a adrenalina para o coração e outras partes do corpo também interessantes.<br />\r\n<br />\r\nOrigem: Nacional<br />\r\n<br />\r\nEmbalagem: Caixa acrílico<br />\r\n', 0, NULL, NULL, 2.50, 5.50, 7.50, '', NULL),
	(204, 8, 0, '22LD022', 'Jogo de Dado com Raspadinhas', 'Jogo do Kama Sutra - Dado com Raspadinhas', '2014-08-26 18:08:08', NULL, 1, 12, NULL, 6, 2, 0.03, NULL, 'Este Jogo do Kama Sutra é uma brincadeira de raspadinhas e um dado, criada para casais que gostam de se divertir e sair da rotina na hora do sexo.<br />\r\nChame seu parceiro ou parceira para curtir e gozar com esta deliciosa diversão!<br />\r\n<br />\r\nComo Jogar:<br />\r\n<br />\r\n1 – Jogue o dado escolha uma bolacha e raspe a cor sorteada.<br />\r\n<br />\r\n2 – Execute a ação exibida<br />\r\n<br />\r\n3 – Após executar a ação, é a vez do parceiro jogar o dado, raspar a bolacha escolhida e executar a ação exibida.<br />\r\n<br />\r\n4 – Após todas as bolachas terem sido raspadas você pode jogar novamente virando as bolachas para baixo, jogando o dado, escolhendo uma bolacha aleatoriamente e executando a ação sorteada.<br />\r\n<br />\r\nPrecauções: Produto para uso de adultos, proibido para menores de 18 anos.<br />\r\n<br />\r\nComposição: Papel cartão e Plastico.<br />\r\n<br />\r\nContém: 5 bolachas sendo 4 raspadinhas e 1 dado.<br />\r\n<br />\r\nFabricado no Brasil.<br />\r\n', NULL, NULL, NULL, 2.00, 9.00, 13.00, NULL, NULL),
	(206, 120, 0, '39CO267', 'Gel Comestível', 'Gel Comestível Eletrizante - Garganta Profunda', '2014-08-27 09:48:41', NULL, 1, 16.2, NULL, 4, 3, 0.03, NULL, 'Gel Aromatizado Comestível em Spray - Black Ice<br /><br />\r\nGarganta profunda Black ice uniu pela primeira vez duas funções incríveis perfeitas para um sexo oral inesquecível:<br /><br />\r\nA refrescância de uma bala de mentol (ex.:Halls preto) e a sensação eletrizante única do Jambú.<br /><br />\r\nDeixa uma sensação muito refrescante na boca, que é repassada para os órgãos genitais.<br /><br />\r\nPara um resultado ainda melhor é recomendado também assoprar, pois a sensação fica mais acentuada. Ao mesmo tempo o efeito do Jambú entra em ação, dando uma sensação de formigamento deliciosa.<br /><br />\r\nPode ser usada para sexo oral homem/mulher, mulher/homem ou como sua imaginação mandar.<br /><br />\r\nUma outra vantagem é amenizar o gosto do “lubrificante natural” que sai do corpo, – homem ou mulher – tornando assim o sexo oral mais agradável e prazeroso.<br /><br />\r\nModo de usar: <br /><br />\r\nAplicar sobre o local desejado e saborear a vontade. PRODUTO COMESTÍVEL. <br /><br />\r\nIngredientes: <br /><br />\r\nGlicerina, Água, Extrato Natural De Jambu, Conservantes: Benzoato De Sódio (INS 211) e Sorbato De Potássio (INS 202), Aroma Idêntico Ao Natural de Menta Extra Forte. Não Contém Glúten. Aromatizado Artificialmente Orientação ao Consumidor: Manter em local seco, fresco e ao abrigo da Luz. Manter fora do alcance de crianças. Evite contato com os olhos. Em casos de antecedentes alérgicos, usar com precaução. Após aberto consumir em até 15 dias. Agite antes de Usar. PRODUTO SEM RISCOS E NÃO PERIGOSO. <br /><br />\r\nFabricado e Envazado por: <br /><br />\r\nClavi Hot CNPJ. 68.250.224/0001-95<br /><br />\r\nAutorização de Funcionamento Nº 601.032-7 DE 04/08/1999 (19)3481.6096.PRODUTO ISENTO DE REGISTRO CONFORME RDC ANVISA 27/2010.<br /><br />\r\nIndústria Brasileira.<br /><br />\r\nValidade: 1 ano<br /><br />\r\nINFORMAÇÃONUTRICIONAL <br /><br />\r\nPorçãode 1 ml<br /><br />\r\nValor energético - Zero Kcal - 08 KJ - (0% VD) <br /><br />\r\nNão contém quantidades significativas de Carboidratos, Proteínas, Gorduras totais, Gorduras saturadas, Gorduras trans, Fibra alimentar, Sódio.<br /><br />\r\n*Valores diários com base em uma dieta de 2.000 Kcal ou 8.400 kj. Seus valores diários podem ser maiores ou menores dependendo de suas necessidades energéticas.<br /><br />\r\nVídeo do lançamento:<br /><br />\r\nhttp://www.youtube.com/watch?v=DLi64Pf8MOM<br /><br /><br />\r\n', 0, NULL, NULL, 2.50, 2.50, 10.00, '', ''),
	(207, 122, 0, '33CO247', 'Gel Funcional', 'Gel Spice Virgo para Massagem Corporal', '2014-08-27 09:54:14', NULL, 1, 9.75, NULL, 6, 3, 0.02, NULL, 'Gel Spice Virgo - Loção Adstrigente<br /><br />\r\nSpice é uma linha de géis funcionais Eva Cosméticos para experiências sensuais diferenciadas. As práticas bisnagas foram desenvolvidas para facilitar a aplicação. Modernas e discretas podem ser levadas na bolsa para apimentar encontros casuais.<br /><br />\r\nIndicação: Indicado para limpeza da pele e contração dos poros. Deixa suave sensação de adstringência local. Uso externo.<br /><br />\r\nModo de Uso: Aplique sobre a pele e espalhe suavemente para obter maior rigidez.<br /><br />\r\nComposição: Aqua (Water), Alcohol, propylene glycol, glycerin, Xanthan gum, disodium EDTA, sodium benzoate, Parfum, hamamelis virginiana extract, Stryphnodendron adstringens bark extract, colorant CI 42090, CI 19140.<br /><br />\r\nPrecauções: Embalagem não reutilizável. Manter em lugar fresco ao abrigo do calor e da luz intensa. Em caso de contato com os olhos, lavar com água em abundância. Havendo irritação, suspender o uso e procurar um médico. Uso externo<br /><br />\r\nManter fora do alcance das crianças<br /><br />\r\nRes. 343/05 Aut.Funcionamento 2-03676-2<br /><br />\r\nResponsável<br /><br />\r\nTécnico: Vanessa Priscila Baillo CRQ-IV 04412810<br /><br />\r\nFabricado por: CNPJ: 03.811.724/0001-03<br /><br />\r\nINDÚSTRIA BRASILEIRA<br /><br /><br />\r\n', 0, NULL, NULL, 2.00, 3.00, 11.00, '', ''),
	(208, 122, 0, '33CO244', 'Gel Funcional', 'Gel Spice Confort - para Massagem Corporal', '2014-08-27 10:05:54', NULL, 1, 9.75, NULL, 3, 3, 0.02, NULL, 'Gel Para Massagem Corporal<br />\r\nSpice é um gel funcional para experiências sensuais diferenciadas. As práticas bisnagas foram desenvolvidas para facilitar a aplicação.<br />\r\n<br />\r\nModernas e discretas podem ser levadas na bolsa para apimentar encontros casuais.<br />\r\n<br />\r\nModo de Usar: Coloque a quantidade desejada na ponta dos dedos e aplique no local desejado, massageando delicadamente.<br />\r\n<br />\r\nComposição: Aqua (Water), glycerin,Glyceril Acrylate/ Acrylic Acid Copolimer (and propylene glycol, disodium EDTA, diazolidinyl urea (and) iodopropynyl butylcarbamate<br />\r\n<br />\r\nPrecauções: Embalagem não reutilizável. Manter em lugar fresco ao abrigo do calor e da luz intensa.<br />\r\n<br />\r\nEm caso de contato com os olhos, lavar com água em abundância. Havendo irritação, suspender o uso e procurar um médico. Uso externo.<br />\r\n<br />\r\nManter fora do alcance das crianças.<br />\r\n<br />\r\n<br />\r\nRes. 343/05 Aut.Funcionamento 2-03676-2<br />\r\n<br />\r\nResponsável<br />\r\n<br />\r\nTécnico: Vanessa Priscila Baillo CRQ-IV 04412810<br />\r\n<br />\r\nFabricado por: CNPJ: 03.811.724/0001-03<br />\r\nINDÚSTRIA BRASILEIRA<br />\r\n', 0, NULL, NULL, 2.00, 3.00, 11.00, '', NULL),
	(210, 120, 0, '33CO231', 'Gel Espanhola Morango', 'Espanhola - Gel para Massagem dos Seios Aroma Morango', '2014-08-27 10:25:26', NULL, 1, 8.8, NULL, 4, 3, 0.05, NULL, 'Gel para Massagem dos Seios - ESPANHOLA - Morango<br />\r\n<br />\r\nCom 38 gramas<br />\r\n<br />\r\nSeios poderosos merecem um grande aliado: Um Gel para massagem hidratante beijável com Aroma de MORANGO que torna a massagem mais deslizante. Realça o brilho da Pele, facilita o contato tornando a massagem inesquecível.<br />\r\n<br />\r\nComposição: Glycerin, Flavor, Methyldibromo Glutaronitrile (and) Phenoxyethanol, Sodium Saccharin, Aqua, Alcohol, Flavor, Hydroxyethylcellulose, Sorbitol, CI 15625.<br />\r\n<br />\r\nModo de usar: Colocar a quantidade desejada na ponta dos dedos, aplique no local massageando delicadamente em movimentos circulares, começando pela região central.<br />\r\n<br />\r\nPrecauções:  Manter ao abrigo de luz e calor. Em caso de irritação suspender o uso, e procurar orientação médica. Embalagem não reutilizável. USO EXTERNO. Manter fora do alcance das crianças.<br />\r\nFabricado por: CNPJ.: 01.518.837/0001-90<br />\r\nRES. ANVS 343/05 M.S: 2.03.200-7<br />\r\nResponsável Técnico: <br />\r\nVera Pineda Bonfadini Afonso CRQ IV 04414369<br />\r\nData de fabricação e lote vide embalagem.<br />\r\n', 0, NULL, NULL, 8.00, 4.00, 2.50, '', ''),
	(211, 120, 0, '33CO234', 'Gel Comestível', 'Gel para Massagem Beijavel SUBZERO - Cool Breeze ', '2014-08-27 10:35:10', NULL, 1, 8.8, NULL, 2, 3, 0.05, NULL, 'Gel para massagem beijável Subzero - Cool Breeze -  Ice ( Esfria)<br />\r\n<br />\r\nCom 38 gramas<br />\r\n<br />\r\nAplique sobre a pele o Gel Subzero Cool Breeze, massageando e explorando corpo com as mãos em movimentos circulares. A refrescância torna o tato muito mais agradável em toques mais prolongados.<br />\r\n<br />\r\nComposição: Hydroxyethylcellulose, Sodium Sacarin, Methyldibromo Glutaronitrile (and) Phenoxyethanol, Flavor, Alcohol, Glycerin, Aqua, Sodium Benzotriazolyl Butylphenol Sulfonate (and) Buteth-3 (and) Tributyl Citrate, CI 19140.<br />\r\n<br />\r\nModo de usar: Colocar a quantidade desejada na ponta dos dedos, e aplicar no local, massageando delicadamente.<br />\r\n<br />\r\nPrecauções: Manter ao abrigo de luz e calor. Em caso de irritação suspender o uso, e procurar orientação médica. Embalagem não reutilizável. USO EXTERNO. Manter fora do alcance das crianças.<br />\r\n<br />\r\n<br />\r\nFabricado por: CNPJ.: 01.518.837/0001-90<br />\r\n<br />\r\nRES. ANVS 343/05 M.S: 2.03.200-7<br />\r\n<br />\r\nResponsável Técnico: <br />\r\n<br />\r\nVera Pineda Bonfadini Afonso CRQ IV 04414369<br />\r\n<br />\r\nData de fabricação e lote vide embalagem.<br />\r\n', NULL, NULL, NULL, 8.00, 4.00, 2.50, NULL, NULL),
	(213, 120, 0, '33CO235', 'Gel Comestível', 'Gel para Massagem Beijavel SUBZERO - Red Passion', '2014-08-27 10:55:30', NULL, 1, 8.8, NULL, 2, 3, 0.05, 1, 'Gel para massagem beijável Subzero - Red Passion - Ice ( Esfria)<br /><br />\r\nCom 38 gramas<br /><br />\r\nAplique sobre a pele o Gel Subzero Red Passion, massageando e explorandoo corpo com as mãos em movimentos circulares. A refrescância torna o tato muito mais agradável em toques mais prolongados.<br /><br />\r\nComposição: Hydroxyethylcellulose, Sodium Sacarin, Methyldibromo Glutaronitrile (and) Phenoxyethanol, Flavor, Alcohol, Glycerin, Aqua, Sodium Benzotriazolyl Butylphenol Sulfonate (and) Buteth-3 (and) Tributyl Citrate, CI 15625.<br /><br />\r\nModo de usar: Colocar a quantidade desejada na ponta dos dedos, e aplicar no local, massageando delicadamente.<br /><br />\r\nPrecauções: Manter ao abrigo de luz e calor. Em caso de irritação suspender o uso, e procurar orientação médica. Embalagem não reutilizável. USO EXTERNO. Manter fora do alcance das crianças.<br /><br />\r\nFabricado por: CNPJ.: 01.518.837/0001-90<br /><br />\r\nRES. ANVS 343/05 M.S: 2.03.200-7<br /><br />\r\nResponsável Técnico: <br /><br />\r\nVera Pineda Bonfadini Afonso CRQ IV 04414369<br /><br />\r\nData de fabricação e lote vide embalagem.<br /><br /><br />\r\n', 0, NULL, NULL, 8.00, 4.00, 2.50, '', ''),
	(214, 120, 0, '34CO227', 'Gel Eletrizante', 'Gel para Massagem Corporal - Liquid Shock', '2014-08-27 11:02:06', NULL, 1, 8.2, NULL, 7, 3, 0.02, NULL, 'Gel para massagem corporal LIQUID SHOCK<br />\r\n<br />\r\nBisnaga com 8 gramas<br />\r\n<br />\r\nRealmente elétrico, este gel tem como base o extrato de uma planta originaria do norte do Brasil, e seu efeito tem um aspecto eletrizante, ele traz uma sensação exclusiva e surpreendente, apenas uma pequena quantidade pode lhe proporcionar uma sensação vibrante, realmente incrível, use com modereção pois a sensação é bem intensa. <br />\r\n<br />\r\nComposição: Aqua, Propylene glycol, Glycerin, Triethanolamine, Carbomer, Acmella oleracea extract, Parfum, Diazolidinyl urea (and) iodopropynyl butylcarbamate, Aspartame (and) sodium saccharin, CI 42090, CI 19140.<br />\r\n<br />\r\nModo de usar: Colocar a quantidade desejada na ponta dos dedos, e aplicar no local, massageando delicadamente.<br />\r\n<br />\r\nPrecauções: Manter ao abrigo de luz e calor. Em caso de irritação suspender o uso, e procurar orientação médica. Embalagem não reutilizável. USO EXTERNO. Manter fora do alcance das crianças<br />\r\n <br />\r\nRes. Anvisa nº 343/05 – AFE nº 2.03.200-7<br />\r\n<br />\r\nVálido por 24 meses a partir da data de fabricação.<br />\r\n<br />\r\nINDÚSTRIA BRASILEIRA.<br />\r\n', 0, NULL, NULL, 2.50, 5.00, 8.50, '', ''),
	(215, 120, 0, '34CO262', 'Gel Eletrizante', 'Gel para Massagem Corporal - Liquid Shock 220 Volts', '2014-08-27 11:39:05', NULL, 1, 16.2, NULL, 7, 3, 0.02, NULL, 'Gel para massagem corporal LIQUID SHOCK 220 Volts - Muito mais Eletrizante<br /><br />\r\nBisnaga com 8 gramas<br /><br />\r\nRealmente elétrico, este gel tem como base o extrato de uma planta originaria do norte do Brasil, e seu efeito tem um aspecto eletrizante, ele traz uma sensação exclusiva e surpreendente, apenas uma pequena quantidade pode lhe proporcionar uma sensação vibrante, realmente incrível, use com moderação pois a sensação é bem intensa. <br /><br />\r\nComposição: Aqua, Propylene glycol, Glycerin, Triethanolamine, Carbomer, Acmella oleracea extract, Parfum, Diazolidinyl urea (and) iodopropynyl butylcarbamate, Aspartame (and) sodium saccharin, CI 42090, CI 19140.<br /><br />\r\nModo de usar: Colocar a quantidade desejada na ponta dos dedos, e aplicar no local, massageando delicadamente.<br /><br />\r\nPrecauções: Manter ao abrigo de luz e calor. Em caso de irritação suspender o uso, e procurar orientação médica. Embalagem não reutilizável. USO EXTERNO. Manter fora do alcance das crianças<br /><br />\r\nRes. Anvisa nº 343/05 – AFE nº 2.03.200-7<br /><br />\r\nVálido por 24 meses a partir da data de fabricação.<br /><br />\r\nINDÚSTRIA BRASILEIRA.<br /><br />\r\nData de fabricação e lote vide embalagem.<br />', 0, NULL, NULL, 2.50, 5.00, 8.50, '', ''),
	(216, 22, 0, '1102858', 'Higienizador', 'H Higienizador. Loção de limpeza em spray - Santo', '2014-08-27 12:11:17', NULL, 1, 22.49, NULL, 0, 1, 0.08, NULL, 'H Higienizador. Loção de limpeza em spray.<br /><br /><br /><br /><br />\r\n<br /><br /><br /><br /><br />\r\nFabricante: Santo<br /><br /><br /><br /><br />\r\n<br /><br /><br /><br /><br />\r\nContém 60ml.<br /><br /><br /><br /><br />\r\n<br /><br /><br /><br /><br />\r\n* Não aplicar em mucosas.<br /><br /><br /><br /><br />\r\n* Não danifica por não conter álcool.<br /><br /><br /><br /><br />\r\n<br /><br /><br /><br /><br />\r\nModo de usar: Borrifar a loção de limpeza e se necessário secar com papel toalha.<br /><br /><br /><br /><br />\r\n', 17, 1, NULL, 14.50, 4.00, 4.00, '', ''),
	(217, 22, 0, '112856', 'Kit Libido', 'Kit Libido 50 tons - com gel Corporal e Venda - Santo', '2014-08-27 12:18:42', NULL, 1, 40.4, NULL, 1, 1, 0.07, 1, 'Kit Libido 50 Tons - Santo<br />\r\n<br />\r\nO Kit Excitante Feminino Libido é composto por uma venda de poliéster, e um gel para massagem corporal excitante feminino 15 gramas.<br />\r\n<br />\r\nLibido é um gel de massagem à base d`água, com efeitos duradouros de aumento de prazer.<br />\r\nTem o efeito aquecedor e de aumento da circulação, estimulando o clitóris.<br />\r\n<br />\r\nModo de usar:Com as pontas dos dedos aplique sobre o clítoris e pequenos lábios massageando suavemente antes da relação sexual.<br />\r\n<br />\r\nFabricante: Santo Cosméticos<br />\r\n', 0, NULL, NULL, 2.50, 12.50, 14.50, '', ''),
	(218, 16, 0, '1051944', 'Lâmina Mint', 'Lâmina Mint Strips Menta 16un. - All Alimetos', '2014-08-27 12:34:42', NULL, 1, 4.4, NULL, 8, 5, 0.01, NULL, 'Lâmina Mint Strips Menta 16un.<br />\r\n<br />\r\nLâmina Mint Strips Menta All Alimentos é a nova sensação em pastilhas refrescantes "sugar free", dissolve instantâneamente em contato com a umidade bucal, proporcionando 20 minutos de hálito fresco.<br />\r\n<br />\r\nSugestões De Clientes: Ótimo para Sexo Oral e Incrível para Beijos!<br />\r\n<br />\r\nContém: 16 Lâminas em cada embalagem.<br />\r\n<br />\r\nCuidados: conservar em local seco e fresco, longe do sol, calor e umidade.<br />\r\n<br />\r\nIngredientes: polissacarídeo amido de milho, alcaçuz, vitamina c, óleo de hortelã-pimenta, espessante goma carragena, acidulante ácido cítrico, aroma artificial de framboesa, umectante xilitol, edulcorante artificial aspartame. Não contém glúten. Fenilcetonúricos: contém fenilalanina.<br />\r\n<br />\r\n', 0, NULL, NULL, 1.00, 9.00, 12.00, '', NULL),
	(219, 16, 0, '1051946', 'Lâmina Mint', 'Lâmina Mint Strips Morango 16un. - All Alimentos', '2014-08-27 12:37:07', NULL, 1, 4.4, NULL, 9, 5, 0.01, NULL, 'Lâmina Mint Strips Morango All Alimentos é a nova sensação em pastilhas refrescantes "sugar free", dissolve instantâneamente em contato com a umidade bucal, proporcionando 20 minutos de hálito fresco.<br />\r\n<br />\r\nSugestões De Clientes: Ótimo para Sexo Oral e Incrível para Beijos!<br />\r\n<br />\r\nContém: 16 Lâminas em cada embalagem.<br />\r\n<br />\r\nCuidados: conservar em local seco e fresco, longe do sol, calor e umidade.<br />\r\n<br />\r\nIngredientes: polissacarídeo amido de milho, alcaçuz, vitamina c, óleo de hortelã-pimenta, espessante goma carragena, acidulante ácido cítrico, aroma artificial de framboesa, umectante xilitol, edulcorante artificial aspartame. Não contém glúten. Fenilcetonúricos: contém fenilalanina.<br />\r\n', 0, NULL, NULL, 1.00, 9.00, 12.00, '', NULL),
	(220, 16, 0, '1051942', 'Lâmina Mint', 'Lâmina Mint Strips Hortelã 16un. – All Alimentos', '2014-08-27 12:43:43', NULL, 1, 4.4, NULL, 10, 5, 0.01, NULL, 'Lâmina Mint Strips Hortelã All Alimentos é a nova sensação em pastilhas refrescantes "sugar free", dissolve instantâneamente em contato com a umidade bucal, proporcionando 20 minutos de hálito fresco.<br />\r\n<br />\r\nSugestões De Clientes: Ótimo para Sexo Oral e Incrível para Beijos!<br />\r\n<br />\r\nContém: 16 Lâminas em cada embalagem.<br />\r\n<br />\r\nCuidados: conservar em local seco e fresco, longe do sol, calor e umidade.<br />\r\n<br />\r\nIngredientes: polissacarídeo amido de milho, alcaçuz, vitamina c, óleo de hortelã-pimenta, espessante goma carragena, acidulante ácido cítrico, aroma artificial de framboesa, umectante xilitol, edulcorante artificial aspartame. Não contém glúten. Fenilcetonúricos: contém fenilalanina.<br />\r\n', 0, NULL, NULL, 1.00, 9.00, 12.00, '', NULL),
	(221, 22, 0, '342862', 'Lubrificante', 'Unique Super Excitante 5 Em 1 - Santo', '2014-08-27 12:50:28', NULL, 1, 18.7, NULL, 6, 2, 0.02, 1, 'Unique Super Excitante 5 Em 1. Possui 05 funções juntas, Adstringência, Lubrificante, Excitante, Esquenta e Esfria. Sensações Incríveis!<br /><br />\r\nGel de massagem corporal com extrato de barbatimão e l-arginina Unique. Promove hidratação, viço e adstringência. <br /><br />\r\nContém 10g.<br /><br />\r\nModo de usar: Aplicar em movimentos suaves de massagem.<br /><br />\r\nFabricante: Santo<br /><br /><br />\r\n', 0, NULL, NULL, 2.50, 6.00, 9.00, '', 'Fabricante: Santo Cosméticos'),
	(222, 22, 0, '342855', 'Excitante Unissex', 'Explosion Spray Elétrico  - Santo', '2014-08-27 12:58:00', NULL, 1, 23.6, NULL, 5, 2, 0.04, NULL, 'Spray Explosion é um óleo excitante unissex em spray que dá a sensação de pequenos choques, excitando ainda mais sua relação, para uso no clitóris ou pênis.<br />\r\n <br />\r\nApós aplicar na região desejada em poucos minutos sentirá um leve formigamento até se transformar na sensação de pequenos e deliciosos choques, proporcionando mais prazer.<br />\r\n<br />\r\nModo de Usar: Borrifar o produto na pele previamente limpa. Não enxaguar.<br />\r\n<br />\r\nContém 15ml.<br />\r\n<br />\r\nFabricante: Santo<br />\r\n<br />\r\n', NULL, NULL, NULL, 10.00, 4.00, 3.00, NULL, NULL),
	(223, 22, 0, '342868', 'Sachê - Orgasm', 'Orgasm Gel Excitante Feminino - Sachê - Santo', '2014-08-27 17:54:40', NULL, 1, 8.2, NULL, 11, 5, 0.01, NULL, 'Orgasm Gel Excitante Feminino, que estimula a musculatura vaginal, sensibiliza o ponto G e torna os orgasmos muito mais intensos. É seguro porque tem formulação de extratos naturais e pH compatível com a vagina. <br />\r\nO Gel Feminino Orgasm é a sensação do momento um produto único, não existe nada parecido no mercado. <br />\r\nContém  5gr.<br />\r\n', 0, NULL, NULL, 0.50, 6.50, 7.00, '', ''),
	(224, 22, 0, '342866', 'Sachê - Sensible', 'Sensible Gel Anal - Sachê - Santo', '2014-08-27 18:01:56', NULL, 1, 6.5, NULL, 8, 5, 0.01, NULL, 'Sensible Gel Anal Em Sachê. Gel de massagem corporal com verbena e extratos orgânicos. Ação amaciante e normalizadora da pele. <br />\r\n<br />\r\nContém 5g.<br />\r\n<br />\r\nPrazer Sem Dor!<br />\r\n<br />\r\nModo de usar: Aplicar o produto sobre a pele e massagear suavemente com movimentos deslizantes.<br />\r\n<br />\r\nFabricante: Santo<br />\r\n', NULL, NULL, NULL, 0.50, 6.50, 7.00, NULL, NULL),
	(225, 15, 0, '340333', 'Sachê - Sedução', 'Sedução Gel Funcional – Sachê - Feitiços', '2014-08-27 18:13:09', NULL, 1, 4.3, NULL, 11, 3, 0.01, NULL, 'Gel Funcional Sedução é um creme excitante feminino. Provoca suave aquecimento, lubrifica e proporciona maior prazer.<br />\r\nContém: 5gr.<br />\r\nModo de Usar: Aplique sobre a pele e espalhe suavemente para obter maior rigidez. Uso externo.<br />\r\nCuidados: Em caso de contato com os olhos, enxaguar abundantemente com água. Havendo irritação, suspenda o uso e procure orientação médica. Manter o produto em local fresco. Manter fora do alcance de crianças.<br />\r\n', 0, NULL, NULL, 0.50, 6.50, 7.00, '', ''),
	(226, 15, 0, '340335', 'Sachê - Desejos Proibidos', 'Desejos Proibidos Gel Funcional -  Sachê - Feitiços', '2014-08-27 18:28:15', NULL, 1, 4.3, NULL, 4, 3, 0.01, NULL, 'Sachê Gel Funcional Desejos Proibidos, creme anestésico. Experimente e pratique o desejo de uma nova experiência sem medo e sem dor. O creme anal permite uma relação mais profunda e sem desconforto.<br />\r\nContém: 5gr.<br />\r\nModo de Usar: Aplique sobre a pele e espalhe suavemente até que o produto seja absorvido pela pele.<br />\r\nCuidados: Em caso de contato com os olhos, enxaguar abundantemente com água. Havendo irritação, suspenda o uso e procure orientação médica. Manter o produto em local fresco. Manter fora do alcance de crianças.<br />\r\nFabricante: Feitiços<br />\r\n', 0, NULL, NULL, 0.50, 6.50, 7.00, '', ''),
	(227, 34, 0, '37CO065', 'Sais de Banho', 'Smell Me - Sais para Banho – Lavanda ', '2014-08-27 18:54:54', NULL, 1, 7.2, NULL, 2, 2, 0.13, NULL, 'Smell Me é uma linha de Sais para Banho que proporcionam um banho relaxante, deixando seu corpo com frescor e hidratados.<br />\r\n <br />\r\nOrigem: Nacional<br />\r\n<br />\r\nEmbalagem: Pet com tampa de alumínio (rosca)<br />\r\n<br />\r\nConteúdo: 100gr (gramas)<br />\r\n<br />\r\nIndicação: Para banhos relaxantes.<br />\r\n<br />\r\nModo de uso:  Aplique distribuindo uniformemente em sua banheira ou similares.<br />\r\n <br />\r\nNotificado junto a ANVISA<br />\r\n<br />\r\nINDÚSTRIA BRASILEIRA <br />\r\n<br />\r\nRes. 343/05 Aut.Funcionamento 2-03676-2 CRQ-IV 004350410 <br />\r\n<br />\r\nVálido por 36 meses da data de fabricação<br />\r\n', NULL, NULL, NULL, 11.00, 4.00, 4.00, NULL, NULL),
	(228, 120, 0, '311CO229', 'Vela Beijável', 'Vela para massagem beijável – Menta - Sexy Hot', '2014-08-27 19:04:57', NULL, 1, 18.8, NULL, 3, 2, 0.10, NULL, 'A Vela quando derrete, vira um óleo hidratante corporal que não queima a pele e convida para uma massagem sensual, porque o óleo é beijável.<br />\r\n<br />\r\nDe tom mais esverdeado, essa vela tornará o clima mais agradável com seu cheirinho de menta. O aroma particular da planta segue também no óleo produzido pela queima do pavio que pode ser derramado pela pele.<br />\r\n<br />\r\nNa caixa e com Fósforo.<br />\r\n<br />\r\nOrigem: Nacional<br />\r\n<br />\r\nMateriais: Óleos Minerais, Corante, Pavio.<br />\r\n<br />\r\nMedidas: 55g (gramas)<br />\r\n<br />\r\nIndicação: Convervar em temperatura inferior a 35ºC proteger da luz<br />\r\n<br />\r\nModo de uso: Acenda o pavio e aguarde a fase sólida começar a derreter. Apague a chama e derrame o óleo sobre o corpo, espalhando e massageando. Pode ser levado aos lábios<br />\r\n<br />\r\nNotificado junto a ANVISA.<br />\r\n<br />\r\nINDÚSTRIA BRASILEIRA Res. 343/05 <br />\r\n<br />\r\nAut.Funcionamento 2-03676-2 CRQ-IV 004350410 <br />\r\n<br />\r\nVálido por 36 meses da data de fabricação<br />\r\n', 0, NULL, NULL, 5.50, 8.50, 7.50, '', ''),
	(229, 120, 0, '311CO206', 'Vela Beijável', 'Vela para massagem beijável – Amarula – Sexy Hot', '2014-08-27 19:12:59', NULL, 1, 18.8, NULL, 3, 2, 0.10, 1, 'A vela quando derrete, vira um óleo hidratante corporal que não queima a pele e convida para uma massagem sensual temperada com beijinhos porque o óleo é beijável.<br />\r\nDe cor caramelada emite uma luz suave do mesmo tom. O óleo produzido pela base sólida com a queima do pavio pode ser derramado sobre a pele para massagens sensuais e ainda ser levado aos lábios com o doce sabor da Amarula.<br />\r\n <br />\r\nNa caixa com Fósforo<br />\r\n Origem: Nacional<br />\r\nMateriais: Óleos Minerais, Corante, Pavio.<br />\r\n<br />\r\nMedidas: 55g (gramas)<br />\r\n<br />\r\nIndicação: Convervar em temperatura inferior a 35ºC proteger da luz<br />\r\n<br />\r\nModo de uso: Acenda o pavio e aguarde a fase sólida começar a derreter. Apague a chama e derrame o óleo sobre o corpo, espalhando e massageando. Pode ser levado aos lábios<br />\r\n<br />\r\nNotificado junto a ANVISA.<br />\r\n<br />\r\nINDÚSTRIA BRASILEIRA Res. 343/05 <br />\r\n<br />\r\nAut.Funcionamento 2-03676-2 CRQ-IV 004350410 <br />\r\n<br />\r\nVálido por 36 meses da data de fabricação<br />\r\n', 0, NULL, NULL, 5.50, 8.50, 7.50, '', ''),
	(230, 12, 0, '113938', 'Vibrador - Bullet', 'Vibrador Bullet Cápsula - Roxo - Sensual Love', '2014-08-27 19:21:42', NULL, 1, 21, NULL, 4, 2, 0.07, NULL, 'Dimensões: O bullet mede 5cm de comprimento por 2,8cm de diâmetro e o controle mede 9,5cm de comprimento e 3cm de largura. Medidas aproximadas.<br />\r\nUtiliza 02 pilhas AA, não inclusas!<br />\r\nFabricante: Sensual Love<br />\r\n', 0, NULL, NULL, 3.00, 13.50, 16.00, '', ''),
	(231, 23, 0, '73MAS16', 'Vibrador - Polvo', 'Vibrador Feminino Octopussy Polvo - De Pernas pro Ar 2', '2014-08-27 19:43:31', NULL, 1, 205, NULL, 2, 2, 0.24, NULL, 'Após contracenar com Alice, em De Pernas pro Ar 2, o Octopussy é moderno e inovador. Com 8 tentáculos vibrantes e um material macio, este poderoso e divertido brinquedo com 2 motores promete proporcionar grandes momentos de prazer! Faça como a Alice, abra sua mente e use e abuse da sua malícia!<br /><br />\r\nModo de Usar: <br /><br />\r\nAntes de usá-lo pela primeira vez, passe um pano úmido e limpe com sabonete antibacteriano. Evite o contato da água com o compartimento das pilhas. Seque com papel toalha descartável ou deixe secar naturalmente (para maior durabilidade do produto, este processo deve ser repetido após cada uso).<br /><br />\r\nAbras a tampas dos compartimentos de baterias, coloque 2 baterias LR754 novas (inclusas) no bullet menor e 3 baterias LR44 no bullet maior e feche as tampas.<br /><br />\r\nInsira o bullet menor no tentáculo posicionado sobre a cabeça do Octopussy e aperte o botão em sua base para ligar.<br /><br />\r\nInsira o bullet maior dentro da cabeça do Octopussy e aperte o botão em sua base para ligar.<br /><br />\r\nContém: Um massageador Octopussy  e 2 micro vibradores com baterias.<br /><br />\r\nComposição: Elastômero<br /><br />\r\nValidade: Indeterminada<br /><br />\r\nRestrições de Uso<br /><br />\r\n- Antes de utilizar consulte o seu médico ginecologista.<br /><br />\r\n- Não nos responsabilizamos pelo mau uso do produto.<br /><br />\r\n- Pessoas alérgicas não devem usar o produto. Não use o produto em regiões com inflamações, inchaços ou lacerações.<br /><br />\r\nFABRICADO POR ATLANTIS INDÚSTRIA E COMÉRCIO DE ARTEFATOS PLÁSTICOS LTDA. EPP<br /><br />\r\nCNPJ 11.423.788/0001-65. INDÚSTRIA BRASILEIRA <br /><br />\r\nVeja o vídeo:<br /><br />\r\nhttp://www.youtube.com/watch?v=8j0APZJW_BU', 15, 1, NULL, 14.00, 14.00, 16.00, '', ''),
	(232, 7, 0, '84597AG', 'Conjunto em Microfibra e Renda', 'Conjunto em Microfibra e Renda - Castanho - Garota Veneno', '2014-08-28 19:07:24', NULL, 1, 73, NULL, 1, 2, 0.11, NULL, 'Conjunto em Microfibra e Renda, Sutien com base, alça trabalhada e com calcinha cintura dupla.<br /><br />\r\nUm produto de alta qualidade! <br /><br />\r\nCor: Castanho<br /><br />\r\nTam.: G<br /><br />\r\nConfeccionado em: <br />\r\n82% Poliamida<br />\r\n18% Elastano<br />\r\nCalcinha, forro 100% algodão<br /><br />\r\nRecomendações: <br />\r\n- Lavar a mão<br />\r\n- Usar sabão neutro<br />\r\n- Secar a sombra<br /><br /><br /><br />\r\n', 0, NULL, NULL, 6.00, 36.00, 22.00, 'G', ''),
	(233, 7, 0, '41127G', 'Fantasia', 'Fantasia Tiazinha - Garota Veneno', '2014-08-28 19:21:29', NULL, 1, 96, NULL, 2, 2, 0.17, NULL, 'Fantasia Tiazinha -  <br /><br />\r\nCom bojo, amarra em fita, e ligas destacáveis.<br /><br />\r\nAcompanha calcinha fio e máscara. <br /><br />\r\nProduto de alta qualidade! <br /><br />\r\nNão acompanha meia<br /><br />\r\nTam.: G<br /><br />\r\nConfeccionado em: <br /><br />\r\n100% Poliamida Vinil<br /><br />\r\n100% Poliester<br /><br />\r\nCalcinha, forro 100% algodão<br /><br />\r\nRecomendações: <br /><br />\r\n- Lavar a mão<br /><br />\r\n- Usar sabão neutro<br /><br />\r\n- Secar a sombra<br />', 0, NULL, NULL, 5.00, 35.00, 50.00, 'G', ''),
	(234, 18, 0, '810019', 'Persex', 'Persex em Tuli com Detalhe em Lacinho - Preto', '2014-08-28 20:28:26', NULL, 1, 6.4, NULL, 14, 2, 0.03, 1, 'Persex em Tule com Detalhe em Lacinho Sexy Angel. Tamanho único.<br /><br />\r\nComposição:<br /><br />\r\n90% Poliamida<br /><br />\r\n10% Elastano<br /><br />\r\nForro 100% algodão<br /><br />\r\n', 0, NULL, NULL, 0.50, 5.00, 5.00, '', ''),
	(235, 19, 0, '102001', 'Preservativo', 'Preservativo Super Lubrificação - Blowtex', '2014-08-28 20:36:13', NULL, 1, 8.5, NULL, 5, 3, 0.02, NULL, 'Preservativo Blowtex Super Lubrificado Tecnologia AcquaFusion Lubrificação Contínua. Para quem faz questão de segurança, mas quer aproveitar todo o prazer de uma relação, BLOWTEX® super lubrificado é o preservativo ideal. Muito mais prazer, com a proteção e segurança dos preservativos BLOWTEX®. <br />\r\n<br />\r\nTodas as camisinhas são testadas eletronicamente, conferindo sua qualidade. Contém 3 unidades<br />\r\n', NULL, NULL, NULL, 1.00, 7.00, 10.50, NULL, NULL),
	(236, 19, 0, '102002', 'Preservativo', 'Preservativo Turbo com Estimulante - Blowtex', '2014-08-28 20:42:54', NULL, 1, 8.5, NULL, 3, 2, 0.02, NULL, 'Preservativo Blowtex Turbo com estimulante sexual para o casal. <br />\r\n<br />\r\nLiso, opaco, de lados paralelos. Largura nominal: 52 mm. Extremidade com reservatório. Fórmula Exclusiva. Lubrificados e testados eletronicamente.<br />\r\n<br />\r\nContém 3 Unidades. <br />\r\n<br />\r\nFriccionar o pênis e o clitóris com o preservativo já vestido, por alguns minutos, antes da penetração.<br />\r\n<br />\r\nComposição: Látex de borracha natural, aminoácido, mentol, agentes umectantes e conservantes.<br />\r\n<br />\r\nProduto de uso único. Não fracionar a embalagem. Abrir o envelope somente na hora do uso. Proteger do calor, umidade e luz. Ler as instruções de uso - vide bula interna.<br />\r\n<br />\r\nSistema de qualidade ISO 9001, Inmetro e Falcão Bauer<br />\r\n', NULL, NULL, NULL, 1.00, 7.00, 10.50, NULL, NULL),
	(237, 19, 0, '102003', 'Preservativo', 'Preservativo Hot com Lubrificação que esquenta - Blowtex', '2014-08-28 20:52:31', NULL, 1, 8.5, NULL, 5, 3, 0.02, NULL, 'BLOWTEX® Hot foi desenvolvida com agente umectante que esquenta durante a relação na parte interna (Gel que fica em contato com o pênis), e também na parte externa (Gel que fica em contato com a vagina). Dessa forma, homem e mulher vão poder compartilhar a deliciosa sensação de calor!', 0, NULL, NULL, 1.00, 7.00, 10.50, '', ''),
	(238, 20, 0, '1023426', 'Preservativo', 'Preservativo Instinct - Sex Free', '2014-08-28 20:59:19', NULL, 1, 4.1, NULL, 7, 3, 0.01, NULL, 'Preservativo instinct, desenvolvido para o publico feminino, oferecendo muito mais conforto e prazer.<br /><br />\r\nContém: 03 Unidades na Embalagem.<br /><br />\r\nCuidados: Não deve entrar em contato com vaselina, óleo mineral ou outros produtos em base oleosa. Proteja este produto do calor, da umidade e da luz. Produto de uso único. Não fracionar. Produto recomendado para planejamento familiar e para a prevenção de doenças sexualmente transmissíveis.<br /><br />\r\nComposição: borracha de látex natural vulcanizada, com lubrificante de silicone<br /><br /><br />\r\n', 0, NULL, NULL, 1.50, 7.00, 11.50, '', ''),
	(239, 20, 0, '1023427', 'Preservativo', 'Preservativo Exciting - Sex Free ', '2014-08-28 21:03:23', NULL, 1, 5.5, NULL, 3, 3, 0.01, NULL, 'Preservativo exciting, estimula as áreas mais sensíveis devido a combinação especial da textura com o formato anatômico.<br />\r\n<br />\r\nContém: 03 Unidades na Embalagem.<br />\r\n<br />\r\nCuidados: Não deve entrar em contato com vaselina, óleo mineral ou outros produtos em base oleosa. Proteja este produto do calor, da umidade e da luz. Produto de uso único. Não fracionar. Produto recomendado para planejamento familiar e para a prevenção de doenças sexualmente transmissíveis.<br />\r\n<br />\r\nComposição: borracha de látex natural vulcanizada, com lubrificante de silicone<br />\r\n', NULL, NULL, NULL, 1.50, 7.00, 11.50, NULL, NULL),
	(240, 17, 0, '8872720UPI', 'Meia Fina 7/8', 'Meia Fina 7/8 com Renda - PINK', '2014-08-29 11:18:18', NULL, 1, 17.8, NULL, 2, 1, 0.05, NULL, 'Meia Fina 7/8 com Renda. Ótima para você ficar sensual, excelente para ser utilizada com lingerie e fantasias. Tamanho único.<br /><br />\r\nComposição: 80% Poliamida, 20% Elastodieno<br />', 0, NULL, NULL, 1.50, 12.00, 21.00, 'U', ''),
	(241, 17, 0, '8872720UVM', 'Meia Fina 7/8', 'Meia Fina 7/8 com Renda - Vermelho', '2014-08-29 11:21:40', NULL, 1, 17.8, NULL, 2, 1, 0.05, NULL, 'Meia Fina 7/8 com Renda. Ótima para você ficar sensual, excelente para ser utilizada com lingerie e fantasias.<br /><br />\r\nTamanho único.<br /><br />\r\nComposição: 80% Poliamida, 20% Elastodieno<br /><br /><br />\r\n', 0, NULL, NULL, 1.50, 12.00, 21.00, 'U', ''),
	(242, 120, 0, '33CO278', 'Mousse', 'Mousse de Chocolate ao Leite para Massagem', '2014-08-29 11:38:30', NULL, 1, 10.25, NULL, 3, 1, 0.05, 1, 'Mousse de Chocolate Comestível para Massagem - Eu Amo Chocolate ao leite<br />\r\n<br />\r\nAplique sobre o local desejado e saboreie a vontade.<br />\r\n<br />\r\nPeso: 30g<br />\r\nSabor: Chocolate ao Leite<br />\r\n<br />\r\nPRODUTO COMESTÍVEL.<br />\r\nApós aberto consumir em até 15 dias.<br />\r\nIngredientes:<br />\r\nAçúcar, Óleo Mineral, Gordura Vegetal, Cacau em Pó, Leite em Pó Integral, Leite em Pó Desnatado, Massa de Cacau, Emulsificantes: Lecitina de Soja (INS322) e Poliglicerol polirricinoleato (INS476) e Aroma Idêntico ao Natural.<br />\r\nNão Contém Glúten. <br />\r\nAromatizado Artificialmente. Manter em local seco, fresco, arejado e longe de produtos que exalem odor.<br />\r\n', 30, 1, NULL, 2.50, 6.00, 9.00, '', 'Fabricado por: Claudete Serena São Pedro ME <br /><br />\r\nCNPJ: 68.250.224/0002-76<br /><br />\r\nLicença de Func. nº 355040701-109-000015-1-1<br /><br />\r\nPRODUTO ISENTO DE REGISTRO CONFORME RDC ANVISA 27/2010.<br /><br />\r\nIndústria Brasileira<br /><br />\r\nInformação Nutricional:<br /><br />\r\nPorção de 10g (1/2 colher de sopa): Valor Energético 54 Kcal = 226KJ (2,7%VD*), Carboidratos 6,1g (2,0%VD*), Proteínas 0,4g (0,5%VD*), Gorduras Totais 3,2g (5,9%VD*), Gorduras Saturadas 0,9g (4,0%VD*), Gorduras Trans 0,6g (**), Fibra Alimentar 0,3g (1,2%VD*), Sódio 2,7mg (0,1%VD*).<br /><br />\r\n*Valores diários com base em uma dieta de 2000 Kcal ou 8400 KJ. Seus valores diários podem ser maiores ou menores dependendo de suas necessidades energéticas.<br /><br />\r\nSAC: (11) 2020-9090<br /><br />\r\nValidade: 6 meses<br /><br />\r\n'),
	(243, 21, 0, '8108048U', 'Robe', 'Robe Tentação - Vermelho', '2014-08-29 11:48:25', NULL, 1, 48, NULL, 2, 2, 0.09, NULL, 'Robe Tentação - Pimenta Sexy <br />\r\n<br />\r\nVermelho<br />\r\n<br />\r\nTamanho: Único<br />\r\n<br />\r\nComposição: <br />\r\n<br />\r\n86% Poliamida<br />\r\n14% Elastano<br />\r\n<br />\r\nTecido:<br />\r\n<br />\r\n100% Poliamida<br />\r\n', NULL, NULL, NULL, 3.00, 18.00, 23.00, 'U', NULL),
	(244, 14, 0, '81503698GG', 'Sutiã 1/2 Taça', 'Sutiã 1/2 Taça em Microfibra - Preto', '2014-08-29 12:02:54', NULL, 1, 46.3, NULL, 2, 1, 0.09, 1, 'Sutiã 1/2 Taça em Microfibra Liso com Alças Removíveis<br /><br />\r\nNayane Rodrigues Moda Íntima<br /><br />\r\nTAMANHO: GG<br /><br />\r\nComposição: <br /><br />\r\n82%Poliamida<br />\r\n18% Elastano<br /><br />\r\nForro:<br />\r\n100% Algodão<br /><br /><br /><br />\r\n', 0, NULL, NULL, 8.00, 30.00, 20.00, 'GG', ''),
	(245, 14, 0, '81503698G', 'Sutiã 1/2 Taça', 'Sutiã 1/2 Taça em Microfibra - Preto', '2014-08-29 12:08:15', NULL, 1, 46.3, NULL, 2, 1, 0.09, NULL, 'Sutiã 1/2 Taça em Microfibra Liso com Alças Removíveis<br />\r\nNayane Rodrigues Moda Íntima<br />\r\nTAMANHO: G<br />\r\nComposição:<br />\r\n82%Poliamida<br />\r\n18% Elastano<br />\r\nForro:<br />\r\n100% Algodão<br />\r\n', 0, NULL, NULL, 8.00, 30.00, 20.00, 'G', ''),
	(246, 14, 0, '81503698M', 'Sutiã 1/2 Taça', 'Sutiã 1/2 Taça em Microfibra - Preto', '2014-08-29 12:10:47', NULL, 1, 46.3, NULL, 1, 1, 0.08, NULL, 'Sutiã 1/2 Taça em Microfibra Liso com Alças Removíveis<br /><br />\r\nNayane Rodrigues Moda Íntima<br /><br />\r\nTAMANHO: M<br /><br />\r\nComposição: <br />\r\n82%Poliamida<br />\r\n18% Elastano<br /><br />\r\nForro:<br />\r\n100% Algodão<br /><br /><br /><br />\r\n', 0, NULL, NULL, 8.00, 30.00, 20.00, 'M', ''),
	(247, 14, 0, '81503707GG', 'Sutiã 1/2 Taça', 'Sutiã 1/2 Taça em Microfibra - Branco', '2014-08-29 13:24:35', NULL, 1, 59.3, NULL, 2, 1, 0.09, NULL, 'Sutiã 1/2 Taça em Microfibra Lisa Detalhe em Renda, Bico e Pingente com Strass.<br />\r\nNayane Rodrigues Moda Íntima <br />\r\nTAMANHO: GG<br />\r\nComposição: <br />\r\n82%Poliamida<br />\r\n18% Elastano<br />\r\nForro:<br />\r\n100% Algodão<br />\r\n', 0, NULL, NULL, 8.00, 30.00, 20.00, 'GG', ''),
	(248, 14, 0, '81503707M', 'Sutiã 1/2 Taça', 'Sutiã 1/2 Taça em Microfibra - Branco', '2014-08-29 13:37:01', NULL, 1, 59.3, NULL, 1, 1, 0.09, NULL, 'Sutiã 1/2 Taça em Microfibra Lisa Detalhe em Renda, Bico e Pingente com Strass.<br />\r\nNayane Rodrigues Moda Íntima <br />\r\nTAMANHO:  M<br />\r\nComposição: <br />\r\n82%Poliamida<br />\r\n18% Elastano<br />\r\nForro:<br />\r\n100% Algodão<br />\r\n', 0, NULL, NULL, 8.00, 30.00, 20.00, 'M', ''),
	(250, 35, 0, '83000848', 'Calcinha Plus Size', 'Calcinha Tanga em Microfibra - Branco', '2014-08-29 16:16:15', NULL, 1, 16, NULL, 1, 2, 0.03, NULL, 'Calcinha Tanga em Microfibra com Efeito Drapeado e Renda Plus Size<br />\r\n<br />\r\nCheias de Graça<br />\r\n<br />\r\n<br />\r\nComposição:<br />\r\n90 % Poliamida <br />\r\n10 % Elastano<br />\r\n<br />\r\nNylon Bordado<br />\r\n55 % Viscose<br />\r\n45 % Algodão<br />\r\n<br />\r\nForro 100 % Algodão<br />\r\n', NULL, NULL, NULL, 0.50, 16.00, 13.00, '48', NULL),
	(251, 35, 0, '83000846', 'Calcinha Plus Size', 'Calcinha Tanga em Microfibra - Branco', '2014-08-29 16:43:19', NULL, 1, 16, NULL, 2, 2, 0.03, NULL, 'Calcinha Tanga em Microfibra com Efeito Drapeado e Renda Plus Size<br />\r\n<br />\r\nCheias de Graça<br />\r\n<br />\r\n<br />\r\nComposição:<br />\r\n90 % Poliamida <br />\r\n10 % Elastano<br />\r\n<br />\r\nNylon Bordado<br />\r\n55 % Viscose<br />\r\n45 % Algodão<br />\r\n<br />\r\nForro 100 % Algodão<br />\r\n', NULL, NULL, NULL, 0.50, 16.00, 13.00, '46', NULL),
	(252, 35, 0, '83000844', 'Calcinha Plus Size', 'Calcinha Tanga em Microfibra - Branco', '2014-08-29 16:46:06', NULL, 1, 16, NULL, 1, 2, 0.03, NULL, 'Calcinha Tanga em Microfibra com Efeito Drapeado e Renda Plus Size<br />\r\n<br />\r\nCheias de Graça<br />\r\n<br />\r\n<br />\r\nComposição:<br />\r\n90 % Poliamida <br />\r\n10 % Elastano<br />\r\n<br />\r\nNylon Bordado<br />\r\n55 % Viscose<br />\r\n45 % Algodão<br />\r\n<br />\r\nForro 100 % Algodão<br />\r\n', NULL, NULL, NULL, 0.50, 16.00, 13.00, '44', NULL),
	(253, 35, 0, '83000946', 'Calcinha Plus Size', 'Calcinha Tanga com Abertura Frontal - Roxo', '2014-08-29 18:45:30', NULL, 1, 16, NULL, 2, 2, 0.03, NULL, 'Calcinha Tanga com Abertura Frontal, Flor de e Enfeite e Cinta Dupla <br />\r\n<br />\r\nModelo Plus Size<br />\r\n<br />\r\nCheias de Graça<br />\r\n<br />\r\nComposição:<br />\r\n92 % Poliamida <br />\r\n08 % Elastano<br />\r\n<br />\r\nForro 100 % Algodão<br />\r\n', NULL, NULL, NULL, 0.50, 15.00, 12.00, '46', NULL),
	(254, 35, 0, '8321000P', 'Calcinha ', 'Calcinha Mel Trabalhada em Renda - Verde', '2014-08-29 18:51:24', NULL, 1, 13.2, NULL, 1, 2, 0.03, NULL, 'Calcinha Mel Trabalhada em Renda com Laço em Cetim.<br />\r\n<br />\r\nCheias de Graça<br />\r\n<br />\r\nComposição:<br />\r\n91 % Poliamida <br />\r\n09 % Elastano<br />\r\n<br />\r\nForro 100 % Algodão<br />\r\n', NULL, NULL, NULL, 0.50, 13.00, 11.00, 'P', NULL),
	(255, 35, 0, '83000148', 'Calcinha Calesson Plus Size', 'Calcinha Calesson em Renda - Preto', '2014-08-29 19:01:59', NULL, 1, 18.2, NULL, 0, 2, 0.03, NULL, 'Calcinha Calesson em Renda com Desenhos Floridos e Laço de Enfeite.<br /><br /><br />\r\n<br /><br /><br />\r\nModelo Plus Size.<br /><br /><br />\r\n<br /><br /><br />\r\nCheias de Graça<br /><br /><br />\r\n<br /><br /><br />\r\nComposição:<br /><br /><br />\r\n86 % Poliamida <br /><br /><br />\r\n14 % Elastano<br /><br /><br />\r\n<br /><br /><br />\r\nForro 100 % Algodão<br /><br /><br />\r\n', 0, NULL, NULL, 0.50, 15.00, 14.00, '48', ''),
	(256, 35, 0, '83000146', 'Calcinha Calesson Plus Size', 'Calcinha Calesson em Renda - Preto ', '2014-08-29 19:04:41', NULL, 1, 18.2, NULL, 1, 2, 0.03, NULL, 'Calcinha Calesson em Renda com Desenhos Floridos e Laço de Enfeite.<br /><br />\r\nModelo Plus Size.<br /><br />\r\nCheias de Graça<br /><br />\r\nComposição:<br /><br />\r\n86 % Poliamida <br /><br />\r\n14 % Elastano<br /><br />\r\nForro 100 % Algodão<br /><br /><br />\r\n', 0, NULL, NULL, 0.50, 15.00, 14.00, '46', ''),
	(257, 35, 0, '83000144', 'Calcinha Calesson Plus Size', 'Calcinha Calesson em Renda - Preto ', '2014-08-29 19:11:50', NULL, 1, 18.2, NULL, 1, 2, 0.03, NULL, 'Calcinha Calesson em Renda com Desenhos Floridos e Laço de Enfeite.<br /><br />\r\nModelo Plus Size.<br /><br />\r\nCheias de Graça<br /><br />\r\nComposição:<br /><br />\r\n86 % Poliamida <br /><br />\r\n14 % Elastano<br /><br />\r\nForro 100 % Algodão<br /><br /><br />\r\n', 0, NULL, NULL, 0.50, 15.00, 14.00, '44', ''),
	(259, 7, 0, '41103M', 'Fantasia', 'Fantasia de Cigana - Garota Veneno', '2014-08-30 16:56:25', NULL, 1, 108, NULL, 2, 1, 0.16, 1, 'Fantasia Cigana<br /><br />\r\nCom bojo, amarra em fita, e ligas destacáveis.<br /><br />\r\nAcompanha calcinha fio.<br /><br />\r\nProduto de alta qualidade! <br /><br />\r\nNão acompanha meia<br /><br />\r\nTam.: M<br /><br />\r\nConfeccionado em: <br /><br />\r\n100% Poliamida<br /><br />\r\nCalcinha, forro 100% algodão<br /><br />\r\nImagem meramente ilustrativa.<br /><br />\r\nRecomendações: <br /><br />\r\n- Lavar a mão<br /><br />\r\n- Usar sabão neutro<br /><br />\r\n- Secar a sombra<br /><br />\r\n', 0, NULL, NULL, 6.00, 31.00, 28.00, 'M', ''),
	(260, 7, 0, '41313G', 'Fantasia', 'Fantasia de Espanhola - Garota Veneno', '2014-08-30 17:20:20', NULL, 1, 93, NULL, 1, 1, 0.17, NULL, 'Fantasia de Espanhola.<br />\r\n<br />\r\nCom bojo, saia em Cetim.<br />\r\nAcompanha venda e calcinha fio.<br />\r\n<br />\r\nProduto de alta qualidade! <br />\r\n<br />\r\nConfeccionado: <br />\r\nSutien<br />\r\n82% Poliamida<br />\r\n18% Elastano<br />\r\nSaia 100% Poliester<br />\r\nCalcinha, forro 100% algodão<br />\r\n<br />\r\nImagem meramente ilustrativa. <br />\r\n<br />\r\nRecomendações: <br />\r\n- Lavar a mão<br />\r\n- Usar sabão neutro<br />\r\n- Secar a sombra<br />\r\n', 0, NULL, NULL, 5.00, 33.00, 24.00, 'G', NULL),
	(261, 7, 0, '41313GG', 'Fantasia', 'Fantasia de Espanhola - Garota Veneno', '2014-08-30 17:32:22', NULL, 1, 93, NULL, 1, 1, 0.17, NULL, 'Fantasia de Espanhola.<br /><br />\r\nCom bojo, saia em Cetim.<br /><br />\r\nAcompanha venda e calcinha fio.<br /><br />\r\nProduto de alta qualidade! <br /><br />\r\nConfeccionado: <br /><br />\r\nSutien<br /><br />\r\n82% Poliamida<br /><br />\r\n18% Elastano<br /><br />\r\nSaia 100% Poliester<br /><br />\r\nCalcinha, forro 100% algodão<br /><br />\r\nImagem meramente ilustrativa. <br /><br />\r\nRecomendações: <br /><br />\r\n- Lavar a mão<br /><br />\r\n- Usar sabão neutro<br /><br />\r\n- Secar a sombra<br /><br />\r\n', 0, NULL, NULL, 5.00, 33.00, 24.00, 'GG', ''),
	(262, 7, 0, '41121GG', 'Fantasia', 'Fantasia de Odalisca - Garota Veneno', '2014-08-30 17:49:24', NULL, 1, 104, NULL, 1, 1, 0.16, NULL, 'Fantasia de Odalisca.<br /><br />\r\nCom bojo, acompanha calcinha fio.<br /><br />\r\nProduto de alta qualidade! <br /><br />\r\nTam.: GG<br /><br />\r\nConfeccionado: <br /><br />\r\nCalcinha 100% Poliamida, com forro 100% algodão<br /><br />\r\nSaia 100% Poliéster<br /><br />\r\nPaetês 79% Polister e 21% Metal<br /><br />\r\nImagem meramente ilustrativa. <br /><br />\r\nRecomendações: <br /><br />\r\n- Lavar a mão<br /><br />\r\n- Usar sabão neutro<br /><br />\r\n- Secar a sombra<br /><br />\r\n', 0, NULL, NULL, 7.00, 27.00, 33.00, 'GG', ''),
	(263, 7, 0, '41109M', 'Fantasia', 'Fantasia de Empregada - Garota Veneno', '2014-08-30 18:09:09', NULL, 1, 63, NULL, 2, 1, 0.12, NULL, 'Fantasia de Empregada.<br /><br />\r\nComposto por maiô com amarras nas laterais e pescoço, acompanha luva e fita para cabelo.<br /><br />\r\nProduto de alta qualidade!<br /><br />\r\nTam.: M<br /><br />\r\nConfeccionado: <br /><br />\r\nTecido 100% Poliamida<br /><br />\r\nRenda 67% Poliamida, 25% Poliéster e 8% Elastano<br /><br />\r\nForro 100% algodão<br /><br />\r\nImagem meramente ilustrativa. <br /><br />\r\nRecomendações: <br /><br />\r\n- Lavar a mão<br /><br />\r\n- Usar sabão neutro<br /><br />\r\n- Secar a sombra<br /><br />\r\n', 0, NULL, NULL, 2.50, 32.00, 29.00, 'M', ''),
	(264, 7, 0, '41178G', 'Fantasia', 'Fantasia de Comissária de Bordo - Garota Veneno', '2014-08-30 18:21:21', NULL, 1, 98, NULL, 2, 1, 0.21, NULL, 'Fantasia de Comissária de Bordo.<br /><br />\r\nComposto vestido, boina e calcinha fio. <br /><br />\r\nProduto de alta qualidade!<br /><br />\r\nTam.: G<br /><br />\r\nConfeccionado: <br /><br />\r\n100% Poliamida<br /><br />\r\n18% Elastano<br /><br />\r\nForro 100% algodão<br /><br />\r\n“Imagem meramente ilustrativa”. <br /><br />\r\nRecomendações: <br /><br />\r\n- Lavar a mão<br /><br />\r\n- Usar sabão neutro<br /><br />\r\n- Secar a sombra<br /><br />\r\n', 0, NULL, NULL, 6.00, 17.00, 36.00, 'G', ''),
	(266, 7, 0, '41103G', 'Fantasia', 'Fantasia de Cigana - Garota Veneno', '2014-08-31 12:27:29', NULL, 1, 108, NULL, 1, 1, 0.16, NULL, 'Fantasia Cigana<br /><br />\r\nCom bojo, amarra em fita, e ligas destacáveis. <br /><br />\r\nAcompanha calcinha fio.<br /><br />\r\nProduto de alta qualidade! <br /><br />\r\nNão acompanha meia<br /><br />\r\nTam.: G<br /><br />\r\nConfeccionado em: <br /><br />\r\n100% Poliamida<br /><br />\r\nCalcinha, forro 100% algodão<br /><br />\r\nImagem meramente ilustrativa.<br /><br />\r\nRecomendações: <br /><br />\r\n- Lavar a mão<br /><br />\r\n- Usar sabão neutro<br /><br />\r\n- Secar a sombra<br /><br />\r\n', 0, NULL, NULL, 6.00, 31.00, 28.00, 'G', ''),
	(267, 7, 0, '41103GG', 'Fantasia', 'Fantasia de Cigana - Garota Veneno', '2014-08-31 12:41:25', NULL, 1, 108, NULL, 1, 1, 0.16, NULL, 'Fantasia Cigana<br /><br />\r\nCom bojo, amarra em fita, e ligas destacáveis.<br /><br />\r\nAcompanha calcinha fio.<br /><br />\r\nProduto de alta qualidade! <br /><br />\r\nNão acompanha meia<br /><br />\r\nTam.: GG<br />/><br />\r\nConfeccionado em: <br /><br />\r\n100% Poliamida<br /><br />\r\nCalcinha, forro 100% algodão<br /><br />\r\nImagem meramente ilustrativa.<br /><br />\r\nRecomendações: <br /><br />\r\n- Lavar a mão<br /><br />\r\n- Usar sabão neutro<br /><br />\r\n- Secar a sombra<br /><br />\r\n', 0, NULL, NULL, 6.00, 31.00, 28.00, 'GG', ''),
	(268, 7, 0, '810606CP', 'Camisola ', 'Camisola em Cetim e Liga Net - Branco - Garota Veneno', '2014-09-01 10:32:37', NULL, 1, 73, NULL, 0, 1, 0.12, NULL, 'Camisola em Cetim e liga Net, sem Bojo, Lateral de Renda.<br />\r\nAcompanha calcinha fio.<br />\r\nUm produto de alta qualidade! <br />\r\nCor: Branco<br />\r\nTam.: P<br />\r\nConfeccionado em: <br />\r\n100% Poliester<br />\r\nCalcinha, forro 100% algodão<br />\r\nRecomendações:<br />\r\n- Lavar a mão<br />\r\n- Usar sabão neutro<br />\r\n- Secar a sombra<br />\r\n', 0, NULL, NULL, 1.50, 33.00, 28.00, 'P', ''),
	(269, 7, 0, '810606CM', 'Camisola ', 'Camisola em Cetim e Liga Net - Branco - Garota Veneno', '2014-09-01 10:36:38', NULL, 1, 73, NULL, 1, 1, 0.12, NULL, 'Camisola em Cetim e liga Net, sem Bojo, Lateral de Renda.<br />\r\nAcompanha calcinha fio.<br />\r\nUm produto de alta qualidade! <br />\r\nCor: Branco<br />\r\nTam.: M<br />\r\nConfeccionado em: <br />\r\n100% Poliester<br />\r\nCalcinha, forro 100% algodão<br />\r\nRecomendações: <br />\r\n- Lavar a mão<br />\r\n- Usar sabão neutro<br />\r\n- Secar a sombra<br />\r\n', 0, NULL, NULL, 1.50, 33.00, 28.00, 'M', ''),
	(270, 7, 0, '84599BM', 'Conjunto em Microfibra', 'Conjunto em Laise Lace e Renda - Branco - G. Veneno', '2014-09-01 11:27:09', NULL, 1, 71, NULL, 0, 1, 0.13, NULL, 'Conjunto em Laise Lace e Renda Franjas, Sutien com base e calcinha Lateral Dupla<br /><br />\r\nUm produto de alta qualidade! <br /><br />\r\nCor: Branco<br /><br />\r\nTam.: M<br /><br />\r\nConfeccionado em: <br />\r\n82% Poliamida<br />\r\n18% Elastano<br /><br />\r\nCalcinha, forro 100% algodão<br /><br />\r\nRecomendações: <br />\r\n- Lavar a mão<br />\r\n- Usar sabão neutro<br />\r\n- Secar a sombra<br />\r\n', 0, NULL, NULL, 7.00, 39.00, 27.00, 'M', ''),
	(271, 7, 0, '84599BG', 'Conjunto', 'Conjunto em Laise Lace e Renda - Branco - G. Veneno', '2014-09-01 11:35:01', NULL, 1, 71, NULL, 0, 1, 0.13, NULL, 'Conjunto em Laise Lace e Renda Franjas, Sutien com base e calcinha Lateral Dupla<br /><br />\r\n<br /><br />\r\nUm produto de alta qualidade! <br /><br /><br />\r\n<br /><br />\r\nCor: Branco<br /><br /><br />\r\n<br /><br />\r\nTam.: G<br /><br /><br />\r\n<br /><br />\r\nConfeccionado em: <br /><br /><br />\r\n <br /><br />\r\n82% Poliamida<br /><br /><br />\r\n<br /><br />\r\n18% Elastano<br /><br /><br />\r\n<br /><br />\r\nCalcinha, forro 100% algodão<br /><br /><br />\r\n<br /><br />\r\nRecomendações: <br /><br /><br />\r\n- Lavar a mão<br /><br /><br />\r\n- Usar sabão neutro<br /><br /><br />\r\n- Secar a sombra<br /><br /><br />\r\n', 0, NULL, NULL, 7.00, 39.00, 27.00, 'G', ''),
	(272, 7, 0, '84599BGG', 'Conjunto', 'Conjunto em Laise Lace e Renda - Branco - G. Veneno', '2014-09-01 11:41:57', NULL, 1, 71, NULL, 1, 1, 0.13, NULL, 'Conjunto em Laise Lace e Renda Franjas, Sutien com base e calcinha Lateral Dupla<br /><br />\r\nUm produto de alta qualidade! <br /><br />\r\nCor: Branco<br /><br />\r\nTam.: GG<br /><br />\r\nConfeccionado em:<br />\r\n82% Poliamida<br />\r\n18% Elastano<br /><br />\r\nCalcinha, forro 100% algodão<br /><br />\r\nRecomendações: <br />\r\n- Lavar a mão<br />\r\n- Usar sabão neutro<br />\r\n- Secar a sombra', 0, NULL, NULL, 7.00, 39.00, 27.00, 'GG', ''),
	(273, 7, 0, '84595DG', 'Conjunto', 'Conjunto em Microfibra - Marinho - Garota Veneno', '2014-09-01 12:00:41', NULL, 1, 61, NULL, 1, 1, 0.13, NULL, 'Conjunto em Microfibra, Sutien com base, nadador e com calcinha com rendinha.<br /><br />\r\nNão acompanha meia.<br /><br />\r\nUm produto de alta qualidade! <br /><br />\r\n“Imagem meramente Ilustrativa”<br /><br />\r\nCor: Marinho<br /><br />\r\nTam.: G<br /><br />\r\nConfeccionado em: <br />\r\n82% Poliamida<br />\r\n18% Elastano<br /><br />\r\nCalcinha, forro 100% algodão<br /><br />\r\nRecomendações: <br />\r\n- Lavar a mão<br />\r\n- Usar sabão neutro<br />\r\n- Secar a sombra<br />\r\n', 0, NULL, NULL, 4.00, 22.00, 39.00, 'G', ''),
	(274, 7, 0, '84595DM', 'Conjunto', 'Conjunto em Microfibra - Marinho - Garota Veneno', '2014-09-01 12:03:45', NULL, 1, 61, NULL, 2, 1, 0.13, NULL, 'Conjunto em Microfibra, Sutien com base, nadador e com calcinha com rendinha.<br />\r\n<br />\r\nNão acompanha meia.<br />\r\n<br />\r\nUm produto de alta qualidade! <br />\r\n<br />\r\n“Imagem meramente Ilustrativa”<br />\r\n<br />\r\nCor: Marinho<br />\r\n<br />\r\nTam.: M<br />\r\n<br />\r\nConfeccionado em: <br />\r\n <br />\r\n82% Poliamida<br />\r\n<br />\r\n18% Elastano<br />\r\n<br />\r\nCalcinha, forro 100% algodão<br />\r\n<br />\r\nRecomendações: <br />\r\n- Lavar a mão<br />\r\n- Usar sabão neutro<br />\r\n- Secar a sombra<br />\r\n', 0, NULL, NULL, 4.00, 22.00, 39.00, 'M', ''),
	(275, 7, 0, '84595EM', 'Conjunto', 'Conjunto em Microfibra - Chocolate - Garota Veneno', '2014-09-01 12:23:46', NULL, 1, 61, NULL, 0, 1, 0.13, NULL, 'Conjunto em Microfibra, Sutien com base, nadador e com calcinha com rendinha.<br /><br />\r\nUm produto de alta qualidade! <br /><br />\r\n“Imagem meramente Ilustrativa”<br /><br />\r\nCor: Chocolate<br /><br />\r\nTam.: M<br /><br />\r\nConfeccionado em: <br />\r\n82% Poliamida<br />\r\n18% Elastano<br /><br />\r\nCalcinha, forro 100% algodão<br /><br />\r\nRecomendações:<br />\r\n- Lavar a mão<br />\r\n- Usar sabão neutro<br />\r\n- Secar a sombra', 0, NULL, NULL, 7.00, 38.00, 26.00, 'M', ''),
	(276, 7, 0, '84595EG', 'Conjunto', 'Conjunto em Microfibra - Chocolate - Garota Veneno', '2014-09-01 12:26:11', NULL, 1, 61, NULL, 2, 1, 0.13, NULL, 'Conjunto em Microfibra, Sutien com base, nadador e com calcinha com rendinha.<br /><br />\r\nUm produto de alta qualidade! <br /><br />\r\n“Imagem meramente Ilustrativa”<br /><br />\r\nCor: Chocolate<br /><br />\r\nTam.: G<br /><br />\r\nConfeccionado em: <br />\r\n82% Poliamida<br />\r\n18% Elastano<br /><br />\r\nCalcinha, forro 100% algodão<br /><br />\r\nRecomendações: <br />\r\n- Lavar a mão<br />\r\n- Usar sabão neutro<br />\r\n- Secar a sombra<br />\r\n', 0, NULL, NULL, 7.00, 38.00, 26.00, 'G', ''),
	(277, 7, 0, '84595EGG', 'Conjunto', 'Conjunto em Microfibra - Chocolate - Garota Veneno', '2014-09-01 12:28:24', NULL, 1, 61, NULL, 2, 1, 0.13, NULL, 'Conjunto em Microfibra, Sutien com base, nadador e com calcinha com rendinha.<br />\r\n<br />\r\nUm produto de alta qualidade! <br />\r\n<br />\r\n“Imagem meramente Ilustrativa”<br />\r\n<br />\r\nCor: Chocolate<br />\r\n<br />\r\nTam.: GG<br />\r\n<br />\r\nConfeccionado em: <br />\r\n <br />\r\n82% Poliamida<br />\r\n<br />\r\n18% Elastano<br />\r\n<br />\r\nCalcinha, forro 100% algodão<br />\r\n<br />\r\nRecomendações: <br />\r\n- Lavar a mão<br />\r\n- Usar sabão neutro<br />\r\n- Secar a sombra<br />\r\n', 0, NULL, NULL, 7.00, 38.00, 26.00, 'GG', ''),
	(278, 7, 0, '84591AG', 'Conjunto', 'Conjunto em Microfibra e Renda - Preto', '2014-09-01 12:37:26', NULL, 1, 73, NULL, 0, 1, 0.13, NULL, 'Conjunto em Microfibra e Renda, Sutien com base e alça trabalhada e calcinha com lateral com pregas. .<br /> <br /><br />\r\n<br /><br />\r\nUm produto de alta qualidade! .<br /> <br /><br />\r\n<br /><br />\r\nCor: Preto.<br /><br /><br />\r\n<br /><br />\r\nTam.: G.<br /><br /><br />\r\n<br /><br />\r\nConfeccionado em: .<br /> <br /><br />\r\n82% Poliamida<br /><br />\r\n18% Elastano<br /><br />\r\n<br /><br />\r\nRecomendações: .<br /><br /><br />\r\n- Lavar a mão<br /><br />\r\n- Usar sabão neutro<br /><br />\r\n- Secar a sombra<br /><br />\r\n', 0, NULL, NULL, 5.00, 18.00, 36.00, 'G', ''),
	(279, 7, 0, '84592CM', 'Conjunto', 'Conjunto em Microfibra e Renda - Branco', '2014-09-01 13:19:29', NULL, 1, 69, NULL, 0, 1, 0.11, NULL, 'Conjunto em Microfibra e Renda, Sutiã com base, aro inteiro e calcinha Lateral Dupla<br /><br />\r\nUm produto de alta qualidade! <br /><br />\r\n“Imagem meramente Ilustrativa”<br /><br />\r\nCor: Branco<br /><br />\r\nTam.: M<br /><br />\r\nConfeccionado em: <br />\r\n82% Poliamida<br />\r\n18% Elastano<br /><br />\r\nCalcinha, forro 100% algodão<br /><br />\r\nRecomendações:<br />\r\n- Lavar a mão<br />\r\n- Usar sabão neutro<br />\r\n- Secar a sombra<br />\r\n', 0, NULL, NULL, 6.00, 36.00, 25.00, 'M', ''),
	(280, 7, 0, '84595BM', 'Conjunto', 'Conjunto em Microfibra - Branco - Garota Veneno', '2014-09-01 13:56:17', NULL, 1, 61, NULL, 1, 1, 0.13, NULL, 'Conjunto em Microfibra, Sutien com base, nadador e com calcinha com rendinha.<br /><br />\r\nUm produto de alta qualidade! <br /><br />\r\n“Imagem meramente Ilustrativa”<br /><br />\r\nCor: Branco<br /><br />\r\nTam.: M<br /><br />\r\nConfeccionado em: <br />\r\n82% Poliamida<br />\r\n18% Elastano<br /><br />\r\nCalcinha, forro 100% algodão<br /><br />\r\nRecomendações:<br />\r\n- Lavar a mão<br />\r\n- Usar sabão neutro<br />\r\n- Secar a sombra', 0, NULL, NULL, 7.00, 22.00, 39.00, 'M', ''),
	(281, 7, 0, '84595BG', 'Conjunto', 'Conjunto em Microfibra - Branco - Garota Veneno', '2014-09-01 13:58:57', NULL, 1, 61, NULL, 1, 1, 0.13, NULL, 'Conjunto em Microfibra, Sutien com base, nadador e com calcinha com rendinha.<br /><br />\r\nUm produto de alta qualidade! <br /><br />\r\n“Imagem meramente Ilustrativa”<br /><br />\r\nCor: Branco<br /><br />\r\nTam.: G<br /><br />\r\nConfeccionado em: <br />\r\n82% Poliamida<br />\r\n18% Elastano<br /><br />\r\nCalcinha, forro 100% algodão<br /><br />\r\nRecomendações: <br />\r\n- Lavar a mão<br />\r\n- Usar sabão neutro<br />\r\n- Secar a sombra', 0, NULL, NULL, 7.00, 22.00, 39.00, 'G ', ''),
	(282, 7, 0, '84595BGG', 'Conjunto', 'Conjunto em Microfibra - Branco - Garota Veneno', '2014-09-01 14:02:04', NULL, 1, 61, NULL, 1, 1, 0.13, NULL, 'Conjunto em Microfibra, Sutien com base, nadador e com calcinha com rendinha.<br />\r\n<br />\r\nUm produto de alta qualidade! <br />\r\n<br />\r\n“Imagem meramente Ilustrativa”<br />\r\n<br />\r\nCor: Branco<br />\r\n<br />\r\nTam.: GG<br />\r\n<br />\r\nConfeccionado em: <br />\r\n <br />\r\n82% Poliamida<br />\r\n<br />\r\n18% Elastano<br />\r\n<br />\r\nCalcinha, forro 100% algodão<br />\r\n<br />\r\nRecomendações: <br />\r\n- Lavar a mão<br />\r\n- Usar sabão neutro<br />\r\n- Secar a sombra<br />\r\n', 0, NULL, NULL, 7.00, 22.00, 39.00, 'GG', ''),
	(283, 7, 0, '84592BGG', 'Conjunto', 'Conjunto em Microfibra e Renda - Melância', '2014-09-01 14:27:21', NULL, 1, 69, NULL, 2, 1, 0.12, NULL, 'Conjunto em Microfibra e Renda, Sutien com base, aro inteiro e calcinha Lateral Dupla<br />\r\nUm produto de alta qualidade! <br />\r\n“Imagem meramente Ilustrativa”<br />\r\nCor: Branco<br />\r\nTam.: GG<br />\r\nConfeccionado em: <br />\r\n82% Poliamida<br />\r\n18% Elastano<br />\r\nCalcinha, forro 100% algodão<br />\r\nRecomendações:<br />\r\n- Lavar a mão<br />\r\n- Usar sabão neutro<br />\r\n- Secar a sombra', 0, NULL, NULL, 6.00, 33.00, 26.00, 'GG', ''),
	(284, 7, 0, '84602AM', 'Conjunto em Cetim', 'Conjunto em Cetim, Renda e Tule - Preto', '2014-09-01 14:36:04', NULL, 1, 71, NULL, 0, 1, 0.11, NULL, 'Conjunto em Cetim, Renda e Tuli, Sutien com base e bojo bolha e calcinha fio <br<br />\r\nUm produto de alta qualidade! <br /><br />\r\nCor: Preto<br /><br />\r\nTam.: M<br /><br />\r\nConfeccionado em: <br />\r\n82% Poliamida<br />\r\n18% Elastano<br /><br />\r\nCalcinha, forro 100% algodão<br /><br />\r\nRecomendações: <br />\r\n- Lavar a mão<br />\r\n- Usar sabão neutro<br />\r\n- Secar a sombra<br />\r\n', 0, NULL, NULL, 6.00, 36.00, 27.00, 'M', ''),
	(285, 7, 0, '84602AG', 'Conjunto', 'Conjunto em Cetim, Renda e Tuli - Preto', '2014-09-01 14:39:29', NULL, 1, 71, NULL, 0, 1, 0.11, NULL, 'Conjunto em Cetim, Renda e Tuli, Sutien com base e bojo bolha e calcinha fio <br <br />\r\n<br />\r\nUm produto de alta qualidade! <br /><br />\r\n<br />\r\n<br />\r\nCor: Preto<br /><br />\r\n<br />\r\nTam.: G<br /><br />\r\n<br /><br />\r\n<br />\r\nConfeccionado em: <br /><br />\r\n82% Poliamida<br /><br />\r\n18% Elastano<br /><br />\r\nCalcinha, forro 100% algodão<br /><br />\r\n<br /><br />\r\n<br />\r\nRecomendações: <br /><br />\r\n- Lavar a mão<br /><br />\r\n- Usar sabão neutro<br /><br />\r\n- Secar a sombra<br /><br />\r\n', NULL, NULL, NULL, 6.00, 36.00, 27.00, 'G', NULL),
	(286, 7, 0, '41103P', 'Fantasia', 'Fantasia de Cigana - Garota Veneno', '2014-09-01 14:50:35', NULL, 1, 108, NULL, 0, 1, 0.16, NULL, 'Fantasia Cigana<br /><br /><br />\r\n<br /><br /><br />\r\nCom bojo, amarra em fita, e ligas destacáveis.<br /><br /><br />\r\n<br /><br /><br />\r\nAcompanha calcinha fio.<br /><br /><br />\r\n<br /><br /><br />\r\nProduto de alta qualidade! <br /><br /><br />\r\n<br /><br /><br />\r\nNão acompanha meia<br /><br /><br />\r\n<br /><br /><br />\r\nTam.: P<br /><br /><br />\r\n<br /><br /><br />\r\nConfeccionado em: <br /><br /><br />\r\n100% Poliamida<br /><br /><br />\r\nCalcinha, forro 100% algodão<br /><br /><br />\r\n<br /><br /><br />\r\nImagem meramente ilustrativa.<br /><br /><br />\r\n<br /><br /><br />\r\nRecomendações: <br /><br /><br /><br />\r\n- Lavar a mão<br /><br /><br /><br />\r\n- Usar sabão neutro<br /><br /><br /><br />\r\n- Secar a sombra<br /><br /><br /><br />\r\n', 0, NULL, NULL, 6.00, 31.00, 28.00, 'P', ''),
	(287, 7, 0, '41117P', 'Fantasia', 'Fantasia de Mulher Aranha - Garota Veneno', '2014-09-01 17:38:13', NULL, 1, 112, NULL, 1, 1, 0.20, NULL, 'Fantasia Mulher Aranha -  <br /><br />\r\nCom bojo, fechamento frontal com zíper e ligas destacáveis.<br /><br />\r\nAcompanha calcinha fio, máscara e luva.<br /><br />\r\nProduto de alta qualidade! <br /><br />\r\nNão acompanha meia<br /><br />\r\nTam.: P<br /><br />\r\nConfeccionado em: <br /><br />\r\n100% Poliamida Vinil<br /><br />\r\n100% Poliester<br /><br />\r\nCalcinha, forro 100% algodão<br /><br />\r\nRecomendações: <br /><br />\r\n- Lavar a mão<br /><br />\r\n- Usar sabão neutro<br /><br />\r\n- Secar a sombra<br /><br />\r\n', 0, NULL, NULL, 5.00, 35.00, 50.00, 'P', ''),
	(288, 7, 0, '41151G', 'Fantasia', 'Fantasia de Policial do Bope - Garota Veneno', '2014-09-01 18:00:07', NULL, 1, 98, NULL, 1, 1, 0.19, NULL, 'Fantasia Policial Bope.<br /><br />\r\nComposto por Sutien com bojo com correntes até a cólera, Short com argolas e elásticos nas laterais e boina.<br /><br />\r\nProduto de alta qualidade! <br /><br />\r\nTam.: G<br /><br />\r\nConfeccionado em: <br /><br />\r\n100% Poliamida Vinil<br /><br />\r\n100% Poliester<br /><br />\r\nRecomendações: <br /><br />\r\n- Lavar a mão<br /><br />\r\n- Usar sabão neutro<br /><br />\r\n- Secar a sombra<br /><br />\r\n', 0, NULL, NULL, 7.00, 32.00, 22.50, 'G', ''),
	(289, 7, 0, '41113M', 'Fantasia', 'Fantasia de Agente Federal - Garota Veneno', '2014-09-01 18:08:10', NULL, 1, 88, NULL, 2, 1, 0.12, NULL, 'Fantasia Agente Federal.<br /><br />\r\nComposto por maiô com fechamento nas costas e boina.<br /><br />\r\nProduto de alta qualidade! <br /><br />\r\n“Imagem meramente ilustrativa”.<br /><br />\r\nTam.: M<br /><br />\r\nConfeccionado em: <br /><br />\r\n100% Poliamida Vinil<br /><br />\r\n100% Poliester<br /><br />\r\nRecomendações: <br /><br />\r\n- Lavar a mão<br /><br />\r\n- Usar sabão neutro<br /><br />\r\n- Secar a sombra<br /><br />\r\n', 0, NULL, NULL, 7.00, 32.00, 22.50, 'M', ''),
	(290, 7, 0, '41186P', 'Fantasia', 'Fantasia Agente FBI - Garota Veneno', '2014-09-01 18:28:07', NULL, 1, 98, NULL, 1, 1, 0.10, NULL, 'Fantasia Agente Federal.<br /><br />\r\nComposto por maiô com fechamento nas costas e boina.<br /><br />\r\nProduto de alta qualidade! <br /><br />\r\n“Imagem meramente ilustrativa”.<br /><br />\r\nTam.: M<br /><br />\r\nConfeccionado em: <br /><br />\r\n100% Poliamida Vinil<br /><br />\r\n100% Poliester<br /><br />\r\nRecomendações: <br /><br />\r\n- Lavar a mão<br /><br />\r\n- Usar sabão neutro<br /><br />\r\n- Secar a sombra<br /><br />\r\n', 0, NULL, NULL, 5.00, 33.00, 20.00, 'P', ''),
	(291, 7, 0, '41301M', 'Fantasia', 'Fantasia Diarista Vestido - Garota Veneno', '2014-09-01 18:47:00', NULL, 1, 69, NULL, 0, 1, 0.12, NULL, 'Fantasia Diarista Vestido.<br />\r\n<br />\r\nComposto por vestido com bojo, calcinha fio e Persex.<br />\r\n<br />\r\nProduto de alta qualidade! <br />\r\n<br />\r\n“Imagem meramente ilustrativa”.<br />\r\n<br />\r\nTam.: M<br />\r\nCor: Rosa <br />\r\n<br />\r\nConfeccionado em:<br />\r\n82% Poliamida <br />\r\n18% Elastano<br />\r\n<br />\r\nRecomendações:<br />\r\n- Lavar a mão<br />\r\n- Usar sabão neutro<br />\r\n- Secar a sombra<br />\r\n', NULL, NULL, NULL, 3.00, 34.00, 22.00, 'M', NULL),
	(292, 7, 0, '41318P', 'Fantasia', 'Fantasia Noiva - Tope - Garota Veneno', '2014-09-01 19:13:31', NULL, 1, 81, NULL, 1, 1, 0.10, NULL, 'Fantasia Noiva  - Tope.<br />\r\n<br />\r\nComposto por Tope, calcinha e Luva.<br />\r\n<br />\r\nProduto de alta qualidade! <br />\r\n<br />\r\n“Imagem meramente ilustrativa”.<br />\r\nBuquê não incluso.<br />\r\n<br />\r\nTam.: P<br />\r\n<br />\r\nConfeccionado em:<br />\r\nTope 100% Poliamida <br />\r\nCalcinha <br />\r\n100% Renda<br />\r\nRenda<br />\r\n67% Poliamida<br />\r\n25% Poliester<br />\r\n8% Elastano<br />\r\n<br />\r\nRecomendações:<br />\r\n- Lavar a mão<br />\r\n- Usar sabão neutro<br />\r\n- Secar a sombra<br />\r\n', NULL, NULL, NULL, 5.00, 33.00, 22.00, 'P', NULL),
	(293, 30, 0, '36HC252', 'Gel Lubrificante', 'Just Joy - Gel Lubrificante - Hot Flowers', '2014-09-02 10:13:34', NULL, 1, 20.8, NULL, 2, 1, 0.04, NULL, 'Just Joy é um gel lubrificante anal. Facilita a penetração e proporciona maior prazer, reduzindo a sensibilidade. Possui óleos essenciais que estimulam o apetite sexual e excitação.<br />\r\n<br />\r\nIndicado para casais que praticam sexo anal com freqüência .<br />\r\n<br />\r\nAplique sobre a pele massageando suavemente 2 a 5 minutos antes da relação.<br />\r\n<br />\r\nEmbalagem com 25g.<br />\r\n<br />\r\n<br />\r\n', 0, NULL, NULL, 3.00, 8.50, 13.50, '', ''),
	(294, 30, 0, '38HC253', 'Gel Excitante', 'Hardelay - Gel Excitante Masculino - Hot Flowers', '2014-09-02 15:34:16', NULL, 1, 20.8, NULL, 2, 1, 0.04, NULL, 'Hardelay  - Retardante Masculino. <br />\r\n<br />\r\nAplicar no pênis e no escroto massageando principalmente a glande.<br />\r\n<br />\r\nProvoca agradável sensação de calor.<br />\r\nProlonga a ereção retardando a ejaculação.<br />\r\n<br />\r\nEmbalagem com 25g.<br />\r\n<br />\r\n<br />\r\n', 0, NULL, NULL, 3.00, 8.00, 13.50, '', ''),
	(296, 30, 0, '36HC250', 'Excitante Unissex', 'Delirium - Gel Umectante Excitante - Hot Flowers ', '2014-09-02 15:40:55', NULL, 1, 20.8, NULL, 3, 1, 0.04, NULL, 'Delirium é um Gel Umectante excitante unissex. <br /><br />\r\nO Gel Umectante Delirium tem ação que aquece e esfria. <br /><br />\r\nUma combinação excitante e uma sensação inesquecível.<br /><br />\r\nEmbalagem com 25g.<br /><br />\r\nModo de usar: Aplique na região íntima, massageando alguns segundos. Pode ser usado com preservativo<br /><br /><br />\r\n', 0, NULL, NULL, 3.00, 8.50, 13.50, '', ''),
	(297, 30, 0, '36HC251', 'Excitante Feminino', 'Excitation - Excitante Feminino - Hot Flowers', '2014-09-02 15:53:02', NULL, 1, 20.8, NULL, 2, 1, 0.04, NULL, 'Estimulante e afrodisíaco age como estimulante da circulação e aquecedor, favorecendo o aumento do apetite sexual e a excitação<br /><br />\r\nAplique sobre a pele massageando suavemente.<br /><br />\r\nEmbalagem com 25g.<br /><br />\r\nPode ser usado com preservativo<br /><br /><br />\r\n', 0, NULL, NULL, 3.00, 8.50, 13.50, '', ''),
	(298, 30, 0, '36HC340', 'Gel Adstringente', 'Sempre Virgem – Gel Adstringente – Hot Flowers', '2014-09-02 16:17:56', NULL, 1, 25.7, NULL, 2, 1, 0.04, NULL, 'Adstringente em gel que deixa o canal vaginal estreito, proporcionando maior prazer e excitação.<br />\r\n<br />\r\nAge inicialmente como lubrificante, e com apenas alguns movimentos na penetração proporciona adstringência.<br />\r\n<br />\r\nEm sua formulação,  contem  propriedades adstringente, ação tonificante, antisséptico, cicatrizante, estimulante e ativador da circulação periférica.<br />\r\n<br />\r\nEmbalagem  com 25g<br />\r\n', NULL, NULL, NULL, 3.00, 8.50, 13.50, NULL, NULL),
	(299, 30, 0, '34HC172', 'Lubrificante', 'Deep Easy  - Lubrificante Anal – Hot Flowers ', '2014-09-02 16:40:47', NULL, 1, 15.2, NULL, 0, 2, 0.02, NULL, 'Deep Easy é uma lubrificante anal. Age como estimulante da circulação e aquecedor favorecendo o aumento do apetite sexual e excitação.<br /><br />\r\nAumenta a sensação de prazer inibindo o desconforto na relação anal.<br /><br />\r\nÈ um eficiente vaso dilatador que aumenta o fluxo sanguíneo na região aplicada.<br /><br />\r\nIndicado para casais iniciantes no sexo anal.<br /><br />\r\nAplique sobre a pele massageando suavemente.<br /><br />\r\nEmbalagem com 7g<br />', 15, 1, NULL, 2.00, 4.50, 4.50, '', ''),
	(300, 14, 0, '81503704G', 'Sutiã 1/2 Taça ', 'Sutiã 1/2 Taça, Nadador Microfibra - Branco', '2014-09-02 17:18:07', NULL, 1, 59.8, NULL, 0, 1, 0.09, NULL, 'Sutiã 1/2 taça, nadador composé em microfibra e tecido tule buquê com detalhe em bico.<br />\r\nFabricado : Nayane Rodrigues Moda Íntima<br />\r\nTAMANHO: G<br />\r\nComposição: <br />\r\n82%Poliamida<br />\r\n18% Elastano<br />\r\nForro:<br />\r\n100% Algodão<br />\r\n', 0, NULL, NULL, 7.00, 30.00, 26.00, 'G', ''),
	(301, 14, 0, '81503704M', 'Sutiã 1/2 Taça', 'Sutiã 1/2 Taça, Nadador Microfibra - Branco', '2014-09-02 17:21:57', NULL, 1, 59.8, NULL, 2, 1, 0.07, NULL, 'Sutiã 1/2 taça, nadador composé em microfibra e tecido tule buquê com detalhe em bico.<br />\r\nFabricado : Nayane Rodrigues Moda Íntima<br />\r\nTAMANHO: M<br />\r\nComposição: <br />\r\n82%Poliamida<br />\r\n18% Elastano<br />\r\nForro:<br />\r\n100% Algodão<br />\r\n', 0, NULL, NULL, 7.00, 30.00, 24.00, 'M', ''),
	(302, 14, 0, '81503704P', 'Sutiã 1/2 Taça', 'Sutiã 1/2 Taça, Nadador Microfibra - Branco', '2014-09-02 17:28:54', NULL, 1, 59.8, NULL, 1, 1, 0.06, 1, 'Sutiã 1/2 taça, nadador composé em microfibra e tecido tule buquê com detalhe em bico.<br /><br /><br />\r\n<br /><br /><br />\r\n<br /><br /><br />\r\nFabricado : Nayane Rodrigues Moda Íntima<br /><br /><br />\r\n<br /><br /><br />\r\n<br /><br /><br />\r\nTAMANHO: P<br /><br /><br />\r\n<br /><br /><br />\r\nComposição: <br /><br /><br />\r\n82%Poliamida<br /><br /><br />\r\n18% Elastano<br /><br /><br />\r\n<br /><br /><br />\r\nForro:<br /><br /><br />\r\n100% Algodão<br /><br /><br />\r\n', 0, NULL, NULL, 6.00, 27.00, 24.00, 'P', ''),
	(304, 36, 0, '85815G', 'Corset', 'Corset com Estampa em Renda Florida - Bege', '2014-09-02 17:45:07', NULL, 1, 115, NULL, 1, 1, 0.20, NULL, 'Corset com Estampa em Renda Florida e Laço em Cetim.<br /><br />\r\nMiss Collection <br />r /><br />\r\nCor : Bege<br /><br />\r\nTam.: G (L)<br /><br />\r\nComposição :<br /><br />\r\n90% Poliéster<br /><br />\r\n10% Elastano<br /><br />\r\n', 0, NULL, NULL, 2.00, 26.50, 43.00, 'G', ''),
	(305, 36, 0, '85815P', 'Corset', 'Corset com Estampa em Renda Florida - Bege', '2014-09-02 17:47:23', NULL, 1, 115, NULL, 1, 1, 0.20, 1, 'Corset com Estampa em Renda Florida e Laço em Cetim.<br /><br />\r\nMiss Collection <br /><br />\r\nCor : Bege<br /><br />\r\nTam.: P (S)<br /><br />\r\nComposição :<br /><br />\r\n90% Poliéster<br />\r\n10% Elastano<br />\r\n', 0, NULL, NULL, 2.00, 26.50, 43.00, 'P', ''),
	(306, 22, 0, '3401249', 'Excitante Feminino', 'Libido Gel Para Massagem Feminino - Santo', '2014-09-02 17:52:50', NULL, 1, 21.4, NULL, 4, 2, 0.04, NULL, 'Libido é um gel para massagem corporal feminino.<br />\r\n<br />\r\nLibido é um gel de massagem à base d`água, com efeitos duradouros de aumento de prazer.<br />\r\nTem o efeito aquecedor e de aumento da circulação, estimulando o clitóris.<br />\r\n<br />\r\nModo de usar: Com as pontas dos dedos aplique sobre o clítoris e pequenos lábios massageando suavemente antes da relação sexual.<br />\r\n<br />\r\nAdvertência: Evite o contato com os olhos. Caso ocorra, lave com os olhos. Caso ocorra, lave com água em abundância. Mantenha fora do alcance de crianças.<br />\r\n<br />\r\nEmbalagem com 15 g<br />\r\n', 0, NULL, NULL, 10.00, 5.00, 5.00, '', ''),
	(307, 34, 0, '312CO089', 'Sais de Banho', 'Smell Me - Sais para Banho – Chocolate com Pimenta', '2014-09-03 16:35:14', NULL, 1, 7.2, NULL, 3, 1, 0.11, NULL, 'Smell Me - Sais para Banho – Chocolate com Pimenta - Eva Cosméticos <br />\r\n<br />\r\nSmell Me é uma linha de Sais para Banho que proporcionam um banho relaxante, deixando seu corpo com frescor e hidratados.<br />\r\n <br />\r\nOrigem: Nacional<br />\r\n<br />\r\nEmbalagem: Pet com tampa de alumínio (rosca)<br />\r\n<br />\r\nConteúdo: 100gr (gramas)<br />\r\n<br />\r\nIndicação: Para banhos relaxantes.<br />\r\n<br />\r\nModo de uso:  Aplique distribuindo uniformemente em sua banheira ou similares.<br />\r\n <br />\r\nNotificado junto a ANVISA<br />\r\n<br />\r\nINDÚSTRIA BRASILEIRA <br />\r\n<br />\r\nRes. 343/05 Aut.Funcionamento 2-03676-2 CRQ-IV 004350410 <br />\r\n<br />\r\nVálido por 36 meses da data de fabricação<br />\r\n  <br />\r\n', NULL, NULL, NULL, 11.00, 4.50, 4.50, NULL, NULL),
	(308, 120, 0, '33CO253', 'Caneta Beijável', 'Caneta Beijável Chocolate - Me Beija', '2014-09-03 16:42:17', NULL, 1, 5.6, NULL, 3, 2, 0.04, NULL, 'Caneta beijável Calda de Chocolate para massagem corporal Me Beija Sexy Hot<br />\r\nCaneta com deliciosa calda Beijável sabor chocolate para espalhar sobre o corpo massageando suavemente.<br />\r\nContém 20 gr <br />\r\nModo de usar: Aplicar a quantidade desejada no corpo massageando suavemente, pressione para sair o conteúdo.<br />\r\nIngredientes: Saccharide Hydrolysate, Sorbitol, Potassium Sorbate, Flavor, Theobroma Cacao Fruit Powder, Aqua, Hydrolyzed Corn Starch.<br />\r\nOrientação ao Consumidor:  Mantenha fora do alcance das crianças e ao abrigo da luz e calor excessivo. Em caso de contato com os olhos, enxague-os com água em abundância.  Não usar se a pele estiver irritada ou lesionada.  Em caso de irritação suspenda o uso. Após aberto conservar em geladeira.<br />\r\nValidade: Lote e validade impressas no produto.<br />\r\nFabricado por:<br />\r\nHarmony Aroma Chemicals e Natural Products Ltda<br />\r\nCNPJ.: 01.518.837/0001-90<br />\r\nRua Milton Alves, 83 Jardim Alvorada – Jandira/SP<br />\r\nRES. ANVS 343/05 <br />\r\nM.S: 2.03.200-7<br />\r\n', 0, NULL, NULL, 2.50, 2.50, 13.50, '', ''),
	(309, 120, 0, '33CO254', 'Caneta Beijável', 'Caneta Beijável Morango - Me Beija', '2014-09-03 16:46:24', NULL, 1, 5.6, NULL, 3, 2, 0.04, NULL, 'Caneta beijável Calda de Morango para massagem corporal <br />\r\n<br />\r\nMe Beija Sexy Hot<br />\r\n<br />\r\nCaneta com deliciosa calda Beijável sabor chocolate para espalhar sobre o corpo massageando suavemente.<br />\r\n<br />\r\nContém 20 gr <br />\r\n<br />\r\nModo de usar: Aplicar a quantidade desejada no corpo massageando suavemente, pressione para sair o conteúdo.<br />\r\n<br />\r\nIngredientes: Saccharide Hydrolysate, Sorbitol, Potassium Sorbate, Flavor, Theobroma Cacao Fruit Powder, Aqua, Hydrolyzed Corn Starch.<br />\r\n<br />\r\nOrientação ao Consumidor:  Mantenha fora do alcance das crianças e ao abrigo da luz e calor excessivo. Em caso de contato com os olhos, enxague-os com água em abundância.  Não usar se a pele estiver irritada ou lesionada.  Em caso de irritação suspenda o uso. Após aberto conservar em geladeira.<br />\r\n<br />\r\nValidade: Lote e validade impressas no produto.<br />\r\n<br />\r\nFabricado por:<br />\r\nHarmony Aroma Chemicals e Natural Products Ltda<br />\r\nCNPJ.: 01.518.837/0001-90<br />\r\nRua Milton Alves, 83 Jardim Alvorada – Jandira/SP<br />\r\nRES. ANVS 343/05 <br />\r\nM.S: 2.03.200-7<br />\r\n', 0, NULL, NULL, 2.50, 2.50, 13.50, '', NULL),
	(311, 8, 0, '73EVA117N', 'Vibrador - Bullet', 'Vibrador do Prazer Bullet - Ovo vibratório - Branco', '2014-09-03 17:49:14', NULL, 1, 24.2, NULL, 2, 1, 0.08, NULL, 'Vibro do Prazer – Bullet – Branco<br />\r\n<br />\r\nO Vibro do Prazer Bullet pode te acompanhar onde você for e auxiliar em sondagens corporais inesquecíveis. Lisinho, ele é muito fácil de limpar. Acionado por um controle remoto, com multivelocidade, ajustando a intensidade que o seu prazer desejar.<br />\r\n<br />\r\nModo de Usar:  Antes de usá-lo pela primeira vez, passe um pano úmido e limpe com sabonete antibacteriano.<br />\r\nEvite o contato da água com o compartimento das pilhas. Seque com papel toalha descartável ou deixe secar naturalmente (para maior durabilidade do produto, este processo deve ser repetido após cada uso). Abra a tampa do compartimento de pilhas, coloque 2 pilhas AA alcalinas (não inclusas). Feche a tampa. Gire o botão na tampa no sentido horário para ligar e controlar a intensidade da vibração.<br />\r\n<br />\r\nRestrições de Uso<br />\r\n- Antes de utilizar consulte o seu médico ginecologista. Não nos responsabilizamos pelo mau uso do produto.<br />\r\n- Pessoas alérgicas não devem usar o produto. Não use o produto em regiões com inflamações, inchaços ou lacerações.<br />\r\n<br />\r\nContém: 1 Vibro Do Prazer - Bullet<br />\r\nComposição: ABS<br />\r\nValidade: válido por prazo indeterminado<br />\r\nCor: Vermelho<br />\r\nNÃO TÓXICO<br />\r\n', 0, NULL, NULL, 3.00, 10.00, 19.00, '', NULL),
	(317, 8, 0, '73EVA117V', 'Vibrador', 'Vibrador do Prazer Bullet - Ovo vibratório - Vermelho', '2014-09-03 18:32:13', NULL, 1, 24.2, NULL, 1, 1, 0.08, NULL, 'Vibro do Prazer – Bullet – Vermelho<br />\r\n<br />\r\nO Vibro do Prazer Bullet pode te acompanhar onde você for e auxiliar em sondagens corporais inesquecíveis. Lisinho, ele é muito fácil de limpar. Acionado por um controle remoto, com multivelocidade, ajustando a intensidade que o seu prazer desejar.<br />\r\n<br />\r\nModo de Usar:  Antes de usá-lo pela primeira vez, passe um pano úmido e limpe com sabonete antibacteriano.<br />\r\nEvite o contato da água com o compartimento das pilhas. Seque com papel toalha descartável ou deixe secar naturalmente (para maior durabilidade do produto, este processo deve ser repetido após cada uso). Abra a tampa do compartimento de pilhas, coloque 2 pilhas AA alcalinas (não inclusas). Feche a tampa. Gire o botão na tampa no sentido horário para ligar e controlar a intensidade da vibração.<br />\r\n<br />\r\nRestrições de Uso<br />\r\n- Antes de utilizar consulte o seu médico ginecologista. Não nos responsabilizamos pelo mau uso do produto.<br />\r\n- Pessoas alérgicas não devem usar o produto. Não use o produto em regiões com inflamações, inchaços ou lacerações.<br />\r\n<br />\r\nContém: 1 Vibro Do Prazer - Bullet<br />\r\nComposição: ABS<br />\r\nValidade: válido por prazo indeterminado<br />\r\nCor: Vermelho<br />\r\nNÃO TÓXICO<br />\r\n', NULL, NULL, NULL, 3.00, 10.00, 19.00, NULL, NULL),
	(318, 8, 0, '73MAS01', 'Massageador', 'Massageador Feminino Boquinha com Língua ', '2014-09-03 18:42:14', NULL, 1, 41.4, NULL, 1, 1, 0.17, NULL, 'Massageador feminino boquinha com língua <br />\r\n<br />\r\nPara simular o sexo oral, este vibrador multivelocidade, acionado por controle remoto de fio e  em formato de boca tem língua 11cm de comprimento para penetração vaginal. Em PVC atóxico é de fácil higienização.<br />\r\n<br />\r\nUtiliza 2 Pilhas AA. Não acompanha pilha.<br />\r\n<br />\r\nCom controle com fio para ajuste para multi-Velocidade<br />\r\n<br />\r\nCuidados: Lavar antes e após o manuseio com água e sabão neutro ou Higienizador.<br />\r\n <br />\r\nNão compartilhe deste produto com outros parceiros.<br />\r\n<br />\r\nOrigem: Nacional (fabricante Adão e Eva)<br />\r\nTamanho: 11 cm<br />\r\nCor: Rosa<br />\r\nMaterial: PVC Atóxico<br />\r\nEmbalagem: Blister PET<br />\r\n', 0, NULL, NULL, 7.00, 17.50, 31.50, '', NULL),
	(319, 123, 0, '61LS052', 'Algema', 'Algema de Pélucia Fechadas com Velcro - Vermelho', '2014-09-03 18:51:45', NULL, 1, 38.7, NULL, 2, 1, 0.10, NULL, 'ALGEMAS DE PELÚCIA FECHADAS COM VELCRO <br /><br />\r\nUna os punhos com essas algemas em pelúcia macia e felpuda ligadas por um lindo mosquetão e dois anéis de metal. O fecho em velcro, além de regular o diâmetro do punho, é ideal para o fetiche de prender de mentirinha.<br /><br />\r\n"A DOMINAÇÃO E A ENTREGA EM UM UNIVERSO DE FANTASIA E EROTISMO!"<br /><br />\r\nContém: Um par de algemas de pelúcia.<br /><br />\r\nComposição: Pelúcia (100% poliéster) / Metal.<br /><br />\r\nConservação e lavagem: Limpar com pano úmido. Secar à sombra.<br /><br />\r\nTamanho: Único.<br /><br />\r\n', 0, NULL, NULL, 6.00, 15.00, 24.00, '', ''),
	(321, 8, 0, '123456', 'Vibrador multi-veloc. em CYBER SKIN ', 'Vibrador multi-veloc. em CYBER SKIN - PONTO G – 20cm Composição: ABS / Elastômero', '2014-09-03 23:06:08', NULL, 0, 30, NULL, 3, 1, 0.24, NULL, 'Vibrador multi-veloc. em CYBER SKIN - PONTO G – 20cm Composição: ABS / Elastômero', 5, NULL, NULL, 10.00, 20.00, 30.00, NULL, NULL),
	(322, 14, 0, '8302914P', 'Calcinha Calesson', 'Calcinha Calesson sem Costura em Microfibra - Preto', '2014-09-04 09:52:43', NULL, 1, 21.4, NULL, 1, 1, 0.05, NULL, 'Calcinha Calesson sem Costura em Microfibra Liso.<br><br />\r\n Nayane Rodrigues<br><br />\r\nTAMANHO: P<br><br />\r\nCOR: PRETO<br><br />\r\nComposição: <br><br />\r\n82%Poliamida<br><br />\r\n18% Elastano<br><br />\r\nForro:<br />\r\n100% Algodão', 15, NULL, NULL, 0.50, 35.00, 28.00, 'P', ''),
	(323, 14, 0, '8302914M', 'Calcinha Calesson', 'Calcinha Calesson sem Costura em Microfibra - Preto', '2014-09-04 10:03:55', NULL, 1, 21.4, NULL, 2, 2, 0.05, 1, 'Calcinha Calesson sem Costura em Microfibra Liso.<br />\r\n Nayane Rodrigues<br />\r\nTAMANHO: M<br />\r\nCOR: PRETO<br />\r\nComposição:<br />\r\n82%Poliamida<br />\r\n18% Elastano<br />\r\nForro:<br />\r\n100% Algodão', 15, 1, NULL, 0.50, 35.00, 28.00, '', ''),
	(324, 14, 0, '8302914G', 'Calcinha Calesson', 'Calcinha Calesson sem Costura em Microfibra - Preto', '2014-09-04 10:18:41', NULL, 1, 21.4, NULL, 2, 2, 0.05, NULL, 'Calcinha Calesson sem Costura em Microfibra Liso.<br /><br />\r\n Nayane Rodrigues<br /><br />\r\nTAMANHO: G<br /><br />\r\nCOR: PRETO<br /><br />\r\nComposição: <br /><br />\r\n82%Poliamida<br /><br />\r\n18% Elastano<br /><br />\r\nForro:<br /><br />\r\n100% Algodão<br /><br /><br /><br />\r\n', 15, NULL, NULL, 0.50, 35.00, 28.00, '', ''),
	(326, 128, 0, '835037P', 'Calcinha', 'Calcinha Tanga com Renda e Laço - Preto', '2014-09-04 10:57:10', NULL, 1, 8.6, NULL, 1, 1, 0.03, NULL, 'Calcinha Tanga com Renda e Laço - Preto<br /><br />\r\nDESCRIÇÃO<br /><br />\r\nCalcinha tanga com renda e laço em cetim <br /><br />\r\nTamanho : P<br /><br />\r\nCor: Preto<br /><br />\r\nComposição:<br /><br />\r\n82% Poliamida<br /><br />\r\n18% Elastano<br /><br />\r\nForro 100% Algodão<br /><br />\r\n', 0, NULL, NULL, 0.50, 11.00, 10.00, '', ''),
	(327, 128, 0, '835037G', 'Calcinha', 'Calcinha Tanga com Renda e Laço - Preto', '2014-09-04 11:01:24', NULL, 1, 8.6, NULL, 0, 1, 0.03, NULL, 'Calcinha Tanga com Renda e Laço - Preto<br />\r\n<br />\r\nDESCRIÇÃO<br />\r\nCalcinha tanga com renda e laço em cetim <br />\r\n<br />\r\nTamanho : G<br />\r\nCor: Preto<br />\r\n<br />\r\n<br />\r\nComposição:<br />\r\n<br />\r\n82% Poliamida<br />\r\n18% Elastano<br />\r\n<br />\r\nForro 100% Algodão<br />\r\n', 0, NULL, NULL, 0.50, 11.00, 10.00, '', NULL),
	(328, 124, 0, '831090P', 'Calcinha Calesson', 'Calcinha Calesson em Microfibra com Renda - Roxo ', '2014-09-04 11:20:43', NULL, 1, 10.3, NULL, 2, 2, 0.03, NULL, 'Calesson em Microfibra com Renda - Roxo <br /><br />\r\nDESCRIÇÃO<br /><br />\r\nCalesson em Microfibra com Renda Sempre Bella <br /><br />\r\nTamanho: P<br /><br />\r\nCor: Roxo<br /><br />\r\nComposição:<br /><br />\r\n82 % Poliamida <br /><br />\r\n18 % Elastano<br /><br />\r\nForro 100 % Algodão<br /><br /><br />\r\n', 0, NULL, NULL, 0.50, 12.00, 12.00, '', ''),
	(329, 37, 0, '8323239M', 'Calcinha Calesson', 'Calcinha Calesson Bordado em Renda - Vermelho', '2014-09-04 11:42:38', NULL, 1, 13.5, NULL, 2, 3, 0.02, 1, 'Calesson Bordado em Renda com Detalhe<br /><br />\r\nDescrição <br /><br />\r\nCalesson Bordado em Renda com Detalhe - Vermelho<br /><br />\r\nTamanho: M<br /><br />\r\nCor: Vermelho<br /><br />\r\nComposição:<br /><br />\r\n90% Poliamida<br /><br />\r\n10% Elastano<br /><br />\r\nForro 100% Algodão.<br />', 0, NULL, NULL, 1.50, 12.00, 13.50, '', ''),
	(330, 7, 0, '837175P', 'Calcinha', 'Calcinha Fio em Microfribra e Renda – Branco –Garota Veneno', '2014-09-04 14:25:25', NULL, 1, 16.2, NULL, 1, 1, 0.02, NULL, 'Fio em Microfribra e Renda, Costas Estilo Calesson com Laço atras - Branco<br /><br />\r\nUm produto de alta qualidade! <br /><br />\r\nDescrição:<br /><br />\r\nTamanh: P<br /><br />\r\nCor: Branco<br /><br />\r\nConfeccionado em: <br /><br />\r\nTecido:100% Poliéster<br /><br />\r\nRenda:<br /><br />\r\n67% Poliamida<br /><br />\r\n25% Poliéster <br /><br />\r\n8% Elastano<br /><br />\r\nForro: 100% algodão<br /><br />\r\nRecomendações: <br /><br />\r\n- Lavar a mão<br /><br />\r\n- Usar sabão neutro<br /><br />\r\n- Secar a sombra<br />', 0, NULL, NULL, 3.00, 13.00, 13.00, '', ''),
	(331, 12, 0, '3103737', 'Bolinhas Funcionais', 'Bolinhas Funcionais Black Ice - 2 unid', '2014-09-04 14:55:10', NULL, 1, 5.9, NULL, 7, 3, 0.01, NULL, 'Bolinha Funcional Black Ice - 02 Unid. - Sensual Love<br /><br />\r\nIndicada para uso Anal ou Vaginal<br /><br />\r\nContém: 02 unidades. <br /><br />\r\nModo de Usar: A bolinha liberará óleos essenciais que perfumam e gelam, basta aplicar nos locais desejados. Produto Totalmente Beijável!<br /><br /><br />\r\nPrecauções: Em caso de irritação da pele ou sintomas de alergia, suspender o uso e procurar um médico. Não aplicar o produto na área dos olhos. Proteger da umidade e manter fora do alcance das crianças.<br /><br />\r\n', 0, NULL, NULL, 5.00, 2.50, 2.50, '', ''),
	(332, 38, 0, '10100529', 'Pompoarismo', 'Manual de Pompoarismo', '2014-09-04 15:08:17', NULL, 1, 7.4, NULL, 4, 1, 0.02, NULL, 'Manual De Pompoarismo KGel<br />\r\n<br />\r\nSaiba Mais<br />\r\n<br />\r\nO Manual de Pompoarismo, é o mais completo guia escrito sobre a técnica e contém ilustrações que facilitarão o treinamento diário. Além dos benefícios que o fortalecimento muscular vaginal oferece.<br />\r\n<br />\r\nFormato: 11 X 7,5cm <br />\r\n<br />\r\nNumeros de pagina: 40 <br />\r\n<br />\r\nGênero: Sexualidade <br />\r\n', 0, NULL, NULL, 1.00, 8.00, 12.00, '', NULL),
	(333, 39, 0, '10102824', 'Livro', 'Livro Cinquenta Tons de Liberdade - E. L. James', '2014-09-04 15:30:35', NULL, 1, 37, NULL, 3, 1, 0.74, 1, 'Livro Cinquenta Tons de Liberdade – E L James<br /><br /><br /><br /><br />\r\nQuando Anastasia Steele conheceu o jovem empresário Christian Grey, teve inicio um caso de amor que mudou a vida dos dois irrevogavelmente. <br /><br /><br /><br /><br />\r\nChocada, intrigada e, por fim, repelida pelas estranhas exigências sexuais de Christian, Ana exige um comprometimento mais profundo. <br /><br /><br /><br /><br />\r\nDeterminado a não perdê-la, ele concorda. Agora, Ana e Christian têm tudo - amor, paixão, intimidade, riqueza e um mundo de possibilidades. <br /><br /><br /><br /><br />\r\nMas ela sabe que o relacionamento não será fácil, e a vida a dois reserva desafios que nenhum deles seria capaz de imaginar. <br /><br /><br /><br /><br />\r\nAna precisa se ajustar ao mundo de opulência de Grey e ele precisa aprender a dominar seu impulso controlador e se livrar do que o atormentava no passado. <br /><br /><br /><br /><br />\r\nQuando parece que a força dessa união vai vencer qualquer obstáculo, o destino conspira para transformar os piores medos de Ana em realidade. <br /><br /><br /><br /><br />\r\nCinquenta tons de liberdade é o terceiro volume da trilogia', 0, NULL, NULL, 3.00, 16.50, 13.00, '', ''),
	(334, 8, 0, '71EVA967', 'Vibrador', 'Vibrador Multi Veloc. em Cyber Skin - Ponto G - 20cm', '2014-09-04 15:38:19', NULL, 1, 71.6, NULL, 3, 1, 0.27, NULL, 'Vibrador multi-velocidade em Cyber Skin – Ponto G - 20cm<br /><br />\r\nVibrador personal revestido de cyberskin, material sintético mais parecido com a pele humana.<br /><br />\r\nPotente e vibrante em multi velocidade, ele possui a forma e a textura de um pênis com ponta curva para auxiliar na identificação e estimulação do Ponto G.<br /><br />\r\nModo de Usar: <br /><br />\r\nAntes de usá-lo pela primeira vez, passe um pano úmido e limpe com sabonete antibactericida. Evite o contato da água com o compartimento das pilhas. Seque com papel toalha descartável ou deixe secar naturalmente. Para maior durabilidade do produto, este processo deve ser repetido após cada uso.<br /><br />\r\nAbra a tampa do compartimento de pilhas, coloque 2 pilhas AA alcalinas novas. Feche a tampa. Gire o botão na tampa no sentido horário para ligar e controlar a intensidade da vibração.<br /><br />\r\nPilhas não inclusas.<br /><br />\r\nRestrições de Uso<br /><br />\r\nAntes de utilizar consulte o seu médico ginecologista. Não nos responsabilizamos pelo mau uso do produto.<br /><br />\r\nPessoas alérgicas não devem usar o produto. Não use o produto em regiões com inflamações, inchaços ou lacerações.<br /><br />\r\nContém: um vibrador Cyber Skin Ponto G<br /><br />\r\nComposição: ABS - Elastômero<br /><br />\r\nValidade: válido por prazo indeterminado<br /><br />\r\nÀ prova da água<br /><br />\r\nFaça sexo seguro, use preservativo!<br /><br />\r\nProduto não tóxico<br /><br />\r\n', 0, NULL, NULL, 4.50, 10.00, 30.00, '', ''),
	(335, 39, 0, '10102300', 'Livro', 'Livro Cinquenta Tons de Cinza - E. L. James', '2014-09-04 15:39:19', NULL, 1, 37.9, NULL, 3, 1, 0.65, NULL, 'Livro Cinquenta Tons De Cinza – E. L. James<br />\r\n<br />\r\n<br />\r\nQuando Anastasia Steele entrevista o jovem empresário Christian Grey, descobre nele um homem atraente, brilhante e profundamente dominador.<br />\r\nIngênua e inocente, Ana se surpreende ao perceber que, a despeito da enigmática reserva de Grey, está desesperadamente atraída por ele. Incapaz de resistir à beleza discreta, à timidez e ao espírito independente de Ana, Grey admite que também a deseja - mas em seus próprios termos.<br />\r\nChocada e ao mesmo tempo seduzida pelas estranhas preferências de Grey, Ana hesita. Por trás da fachada de sucesso - os negócios multinacionais, a vasta fortuna, a amada família -, Grey é um homem atormentado por demônios do passado e consumido pela necessidade de controle. <br />\r\nQuando eles embarcam num apaixonado e sensual caso de amor, Ana não só descobre mais sobre seus próprios desejos, como também sobre os segredos obscuros que Grey tenta manter escondidos.<br />\r\n', NULL, NULL, NULL, 2.50, 16.50, 23.00, NULL, NULL),
	(336, 39, 0, '10102302', 'Livro', 'Livro Cinquenta Tons Mais Escuros - E. L. James', '2014-09-04 15:45:25', NULL, 1, 37, NULL, 2, 1, 0.70, NULL, 'Livro Cinquenta Tons Mais Escuros – E. L. James<br><br /><br /><br />\r\nAssustada com os segredos obscuros do belo e atormentado Christian Grey, Ana Steele põe um ponto final em seu relacionamento com o jovem empresário e concentra-se em sua nova carreira, numa editora de livros.<br /><br /><br /><br />\r\nMas o desejo por Grey domina cada pensamento de Ana e, quando ele propõe um novo acordo, ela não consegue resistir. Em pouco tempo, Ana descobre mais sobre o angustiante passado de seu amargurado e dominador parceiro do que jamais imaginou ser possível.<br /><br /><br /><br />\r\nEnquanto Christian tenta se livrar de seus demônios interiores, Ana se vê diante da decisão mais importante da sua vida.<br /><br /><br /><br />\r\n', 0, NULL, NULL, 3.00, 16.50, 23.00, '', ''),
	(337, 10, 0, '3301386', 'Sorvete Quente', 'Sorvete Quente -  Menta - Loka Sensação', '2014-09-04 15:57:12', NULL, 1, 6.8, NULL, 9, 3, 0.04, NULL, 'Sorvete Quente Sabor Menta.<br /><br />\r\nModo de Usar: Acenda o pavio deixe por alguns minutos até ficar líquido, deguste a vontade.<br /><br />\r\nFabricado por Loka Sensação<br /><br />\r\nInformações Nutricionais por porção 40g<br /><br />\r\nQuantidade 1un% 68kcal VD<br />\r\nV. Energetico 28kcal 3%<br />\r\nCarboidratos 6,8g 2 %<br />\r\nProteinas <br />\r\nGorduras Totais 4,5g 8%<br />\r\nGorduras Saturadas <br />\r\nGorduras Trans <br />\r\nFibras Alimentar <br />\r\nSódio <br />\r\nValores de referência com base em uma dieta de 2000Kcal ou 8400Kj seus valores diários pode ser maiores ou menores dependendo de suas necessidades energéticas.<br /><br />\r\nANVISA, site do USDA - Resolução 23<br /><br />\r\nIngredientes: Emulsificante, Corante, Adoçante e Parafina Comestível.<br /><br /><br />\r\n', 0, NULL, NULL, 5.50, 5.00, 5.00, '', ''),
	(338, 15, 0, '340336', 'Sachê - Don Juan', 'Don Juan Gel Funcional - Sachê - Feitiços', '2014-09-04 16:08:01', NULL, 1, 4.3, NULL, 9, 5, 0.01, NULL, 'O Gel Funcional Don Juan é um creme excitante masculino. Provoca agradável sensação de calor, prolonga ereção, retarda a ejaculação e lubrifica.<br />\r\n<br />\r\nContém: 5gr.<br />\r\n<br />\r\nModo de Usar: Aplique sobre a pele e espalhe suavemente para obter maior rigidez. Uso externo.<br />\r\n<br />\r\nCuidados: Manter fora do alcance de crianças. Em caso de contato com os olhos, enxaguar abundantemente com água. Havendo irritação, suspenda o uso e procure orientação médica. Manter o produto em local fresco.<br />\r\n', 0, NULL, NULL, 0.50, 6.50, 7.00, '', NULL),
	(339, 15, 0, '3801674', 'Bisnaga - Segredos de Anita', 'Segredos de Anita Gel Funcional - Bisnaga - Feitiços', '2014-09-04 16:22:56', NULL, 1, 14.3, NULL, 5, 2, 0.02, NULL, 'O Gel Funcional Segredos De Anita  A medida certa para seu prazer. Retrai o tecido vaginal, o que proporciona sensação de estreitamento. Aumenta o seu prazer e do parceiro. Sensação de Virgindade!<br /><br />\r\nContém: 15gr.<br /><br />\r\nModo de Usar: Aplique sobre a pele e espalhe suavemente para obter maior rigidez. Uso externo.<br /><br />\r\nCuidados: Manter fora do alcance de crianças. Em caso de contato com os olhos, enxaguar abundantemente com água. Havendo irritação, suspenda o uso e procure orientação médica. Manter o produto em local fresco.<br /><br /><br /><br />\r\n', 0, NULL, NULL, 2.50, 4.00, 8.00, '', ''),
	(340, 12, 0, '1103938', 'Vibrador - Bullet', 'Vibrador Bullet Cápsula - Rosa - Sensual Love', '2014-09-04 16:34:27', NULL, 1, 21, NULL, 3, 2, 0.07, NULL, 'Dimensões: O bullet mede 5cm de comprimento por 2,8cm de diâmetro e o controle mede 9,5cm de comprimento e 3cm de largura. Medidas aproximadas.<br />\r\n<br />\r\nUtiliza 02 pilhas AA, não inclusas!<br />\r\n<br />\r\nFabricante: Sensual Love', 0, NULL, NULL, 4.00, 13.50, 16.00, '', NULL),
	(341, 8, 0, '73EVA969', 'Vibrador', 'Vibrador Multi Veloc. em CYBER SKIN - 18 cm, cor pele', '2014-09-04 16:50:53', NULL, 1, 71.6, NULL, 3, 1, 0.30, NULL, 'Vibrador multi-velocidade em CYBER SKIN ,18cm, cor pele<br /><br />\r\nVibrador personal revestido de cyberskin, material sintético mais parecido com a pele humana. Realístico, ele possui a forma e a textura de um pênis, é potente e vibra em multi-velocidade.<br /><br />\r\nModo de Usar: <br /><br />\r\nAntes de usá-lo pela primeira vez, passe um pano úmido e limpe com sabonete antibactericida. Evite o contato da água com o compartimento das pilhas. Seque com papel toalha descartável ou deixe secar naturalmente (para maior durabilidade do produto, este processo deve ser repetido após cada uso).<br /><br />\r\nAbra a tampa do compartimento das pilhas, coloque 2 pilhas AA alcalinas novas (não inclusas). Feche a tampa. Gire o botão na tampa no sentido horário para ligar e controlar a intensidade da vibração.<br /><br />\r\nRestrições de Uso<br /><br />\r\n- Antes de utilizar consulte o seu médico ginecologista. Não nos responsabilizamos pelo mau uso do produto.<br /><br />\r\n- Pessoas alérgicas não devem usar o produto. Não use o produto em regiões com inflamações, inchaços ou lacerações.<br /><br />\r\nContém: um vibrador Cyber Skin<br /><br />\r\nComposição: ABS / Elastômero<br /><br />\r\nValidade: válido por prazo indeterminado<br /><br />\r\nÀ prova da água<br /><br />\r\nFaça sexo seguro, use preservativo!<br /><br />\r\nPRODUTO NÃO TÓXICO<br /><br />\r\n', 0, NULL, NULL, 6.00, 10.50, 31.00, '', ''),
	(342, 40, 0, '88302U', 'Meia Fina 7/8', 'Meia Fina 7/8 com Renda – Preto - Selene', '2014-09-05 16:40:12', NULL, 1, 26.6, NULL, 2, 2, 0.05, NULL, '<br />\r\nMeia Fina 7/8 com Renda e Silicone – fio 15 <br />\r\n<br />\r\nÓtima para você ficar sensual, excelente para ser utilizada com lingerie e fantasias.<br />\r\n<br />\r\nTamanho único.<br />\r\nO tamanho único adapta-se a pessoas de manequim 38 a 44<br />\r\n<br />\r\nCor: Preto<br />\r\n<br />\r\nComposição: 82% Poliamida, 18% Elastano<br />\r\n<br />\r\n<br />\r\nRecomendações: não utilizar creme, loção, talco ou similar na região do silicone. Para manter a ação do silicone por mais tempo. Deve-se lavar a meia com sabão neutro.<br />\r\n<br />\r\n<br />\r\nFabricado: Selene Ind. Têxtil<br />\r\n', NULL, NULL, NULL, 1.00, 16.00, 23.00, 'U', NULL),
	(343, 22, 0, '3603690', 'Gel de Massagem', 'Felicité Efeito Eletrizante - Santo ', '2014-09-08 09:56:13', NULL, 1, 14.6, NULL, 4, 1, 0.01, NULL, 'Felicité, Gel de Massagem causa Sensações Incríveis, além de anestésico possui o efeito de vibração!<br /><br />\r\nContém 7g.<br /><br />\r\nModo de usar: Aplicar em movimentos suaves de massagem.<br /><br />\r\nFabricante: Santo Cosmésticos.<br /><br />\r\nEvite contato com os olhos. Caso isto ocorra, lave com água em abundância.<br /><br /><br />\r\n', 0, NULL, NULL, 2.20, 3.00, 8.20, '', ''),
	(344, 22, 0, '3402861', 'Gel de Massagem', 'Magic Gel de Massagem Corporal Adstringente - Santo', '2014-09-08 10:09:13', NULL, 1, 14.4, NULL, 5, 3, 0.02, NULL, 'Magic Adstringente Natural. Gel de massagem corporal com extrato de própolis e hamamelis. Possui ação revigorante do tônus da pele.<br /><br />\r\nEstreita o canal vaginal.<br /><br />\r\nContém 10g.<br /><br />\r\nModo de usar: Aplicar o produto sobre a pele e massagear suavemente com movimentos deslizantes.<br /><br />\r\nFabricante: Santo Cosméticos.<br /><br /><br /><br />\r\n', 0, NULL, NULL, 2.50, 6.00, 9.00, '', ''),
	(345, 22, 0, '3402869', 'Gel de Massagem', 'Surprise Gel Esquenta e Esfria - Santo', '2014-09-08 10:23:22', NULL, 1, 14.7, NULL, 6, 3, 0.02, NULL, 'Surprise Excitante Esquenta e Esfria. Gel com fórmula especial e propriedade excitante, que causa uma agradável sensação esfria e esquenta. <br />\r\n<br />\r\nContém 10g.<br />\r\n<br />\r\nModo de usar: Aplicar em movimentos suaves de massagem até a completa absorção pela pele.<br />\r\n<br />\r\nFabricado: Santo Cosméticos.<br />\r\n', NULL, NULL, NULL, 2.50, 6.00, 9.00, NULL, NULL),
	(346, 22, 0, '3702924', 'Fluído Afrodisíaco', 'Audace Fluído Afrodisíaco Para Cabelos - Santo', '2014-09-08 10:33:10', NULL, 1, 32.22, NULL, 5, 2, 0.06, 1, 'Audace é um fluido para os cabelos com essências afrodisíacas, deixando-a irresistível para o sexo oposto!<br /><br />\r\nContém 60ml.<br /><br />\r\nModo de Usar: Aplicar suavemente nos cabelos.<br /><br />\r\nFunções: Perfumar e seduzir<br /><br />\r\nModo de Uso: Aplicar um pequeno jato nos cabelos secos ou molhados.<br /><br />\r\nFabricado: Santo Cosméticos.<br /><br /><br />\r\n', 15, 1, NULL, 4.00, 4.00, 13.00, '', ''),
	(347, 22, 0, '3302857', 'Mousse Corporal', 'Provocation Mousse Corporal Efervescente Menta - Santo', '2014-09-08 10:46:04', NULL, 1, 27.4, NULL, 5, 2, 0.06, NULL, 'Provocation é um mousse corporal efervescente formulado com ativos de origem vegetal.<br />\r\nFoi desenvolvido especialmente para apimentar o desejo, em contato com a pele amplia o prazer, criando uma agradável sensação. Perfeito para massagens, deixa a pele perfumada no momento da relação e mesmo no uso diário.<br />\r\nProduto Efervescente Craquelado para brincadeira no corpo do parceiro (a), estala em contato com a pele com sabor Menta (comestível).<br />\r\n<br />\r\nFunções: Refrescar a pele e perfumar<br />\r\n<br />\r\nModo de Uso: Agite o frasco para ativar os componentes aumentando o efeito efervescente e aplique a espuma sobre a pele.<br />\r\n<br />\r\nFabricante: Santo Cosméticos.<br />\r\n', NULL, NULL, NULL, 4.00, 4.00, 14.00, NULL, NULL),
	(348, 22, 0, '3301259', 'Mousse Corporal', 'Provocation Mousse Corporal Efervescente Morango - Santo', '2014-09-08 10:50:32', NULL, 1, 27.4, NULL, 5, 2, 0.06, NULL, 'Provocation é um mousse corporal efervescente formulado com ativos de origem vegetal.<br /><br />\r\nFoi desenvolvido especialmente para apimentar o desejo, em contato com a pele amplia o prazer, criando uma agradável sensação. Perfeito para massagens, deixa a pele perfumada no momento da relação e mesmo no uso diário.<br /><br />\r\nProduto Efervescente Craquelado para brincadeira no corpo do parceiro (a), estala em contato com a pele com sabor Morango (comestível).<br /><br />\r\nFunções: Refrescar a pele e perfumar<br /><br />\r\nModo de Uso: Agite o frasco para ativar os componentes aumentando o efeito efervescente e aplique a espuma sobre a pele.<br /><br />\r\nFabricante: Santo Cosméticos.<br /><br /><br />\r\n', 0, NULL, NULL, 4.00, 4.00, 14.00, '', ''),
	(349, 22, 0, '3306847', 'Mousse Corporal', 'Provocation Mousse Corporal Efervescente Frutas Vermelhas - Santo', '2014-09-08 10:53:12', NULL, 1, 27.4, NULL, 4, 2, 0.06, NULL, 'Provocation é um mousse corporal efervescente formulado com ativos de origem vegetal.<br />\r\nFoi desenvolvido especialmente para apimentar o desejo, em contato com a pele amplia o prazer, criando uma agradável sensação. Perfeito para massagens, deixa a pele perfumada no momento da relação e mesmo no uso diário.<br />\r\nProduto Efervescente Craquelado para brincadeira no corpo do parceiro (a), estala em contato com a pele com sabor Frutas Vermelhas (comestível).<br />\r\n<br />\r\nFunções: Refrescar a pele e perfumar<br />\r\n<br />\r\nModo de Uso: Agite o frasco para ativar os componentes aumentando o efeito efervescente e aplique a espuma sobre a pele.<br />\r\n<br />\r\nFabricante: Santo Cosméticos.<br />\r\n', 0, NULL, NULL, 4.00, 4.00, 14.00, '', NULL),
	(353, 41, 0, '1203112', 'Masturbador', 'Vagina Devons Em Cyber Skyn -  Dominatrixxx', '2014-09-11 15:21:34', NULL, 1, 81.2, NULL, 2, 1, 0.81, NULL, 'Produzido em Cyber Skin, material que imita a pele humana, é delicado altamente flexível e com texturas internas, é indicado para realizar suas fantasias de prazer solitário, pois encaixa perfeitamente na mão.<br />\r\n<br />\r\nEspecificações: Material atóxico.<br />\r\n<br />\r\nCuidados: Limpar com pano úmido, não utilizar lubrificantes ou qualquer produto derivado à base de silicone podendo danificar o produto. Caso isso ocorra não nos responsabilizamos na garantia do mesmo. Conservar fora da luz solar e não expor a temperatura superior a 50ºC. <br />\r\n', NULL, NULL, NULL, 11.00, 18.00, 32.00, NULL, 'Fabricante: Dominatrixxx'),
	(354, 38, 0, '1200466', 'Masturbador', 'Vagina Realística em Cyber Com Vibrador', '2014-09-11 15:28:00', NULL, 1, 110.1, NULL, 2, 1, 0.40, NULL, 'Vagina Realística Cyber feito com material que imita a pele humana com nódulos internos para proporcionar mais prazer. Super macio e flexível, é vazado que permite a penetração por pênis de qualquer tamanho enquanto facilita a limpeza.<br />\r\n<br />\r\nContém: Lábios vaginais pintados para maior realismo e com formato ergonômico para maior firmeza ao segurá-lo.<br />\r\n<br />\r\nDimensões: Mede aproximadamente 14 X 10cm<br />\r\n<br />\r\nO bullet utiliza 2 pilhas AA, não inclusas.<br />\r\n<br />\r\nModo de Usar : Desrosquei o bullet, insira as baterias conforme indicação interna e rosqueie para fechar. Deslize a tampa na parte de trás do controle remoto, insira a pilha conforme indicação interna e encaixe a tampa para fechar. Insira o bullet no masturbador.<br />\r\n', NULL, NULL, NULL, 5.00, 16.50, 24.00, NULL, 'Fabricante: KGel'),
	(355, 42, 0, '11004306', 'Acessório', 'Cassetete Policial Plástico', '2014-09-11 15:39:26', NULL, 1, 12, NULL, 10, 2, 0.05, NULL, 'Cassetete Policial Plástico<br />\r\n<br />\r\nComplete sua fantasia com esse acessório e crie situações deliciosas com seu parceiro(a).<br />\r\n<br />\r\nFabricado em plástico, produto leve e resistente.<br />\r\nFabricante: GT<br />\r\n', 0, NULL, NULL, 4.50, 4.50, 47.00, '', 'Fabricante: GT'),
	(357, 43, 0, '22674A', 'Vales Eróticos', 'Vales Para Ela - Fantasias Sexuais', '2014-09-15 16:15:39', NULL, 1, 5.1, NULL, 10, 3, 0.02, NULL, 'Um talão de cheques para pagar suas dividas eróticas! <br />\r\nContém 10 fantasias sexuais<br />\r\n<br />\r\nSurpreenda seu amor com essa brincadeira divertida e excitante. <br />\r\nDe a ela o vale, faça-a assinar e cobre a divida, se recusar a pagar vista-se de policial e intime-a a cumprir o combinado.<br />\r\nE divirta-se.<br />\r\n<br />\r\nVer fantasias em: (Fantasias)', 0, NULL, NULL, 0.50, 16.00, 9.00, '', 'Fabricante: Sicret'),
	(362, 43, 0, '22674U', 'Vales Eróticos', 'Vales Para Ambos - Fantasias Sexuais', '2014-09-16 15:48:27', NULL, 1, 5.1, NULL, 8, 3, 0.02, NULL, 'Um talão de cheques para pagar suas dividas eróticas! <br />\r\nContém 10 fantasias sexuais<br />\r\n<br />\r\nSurpreenda seu amor com essa brincadeira divertida e excitante. <br />\r\nDe a ela(e) o vale, faça-a(o) assinar e cobre a divida, se recusar a pagar vista-se de policial e intime-a(o) a cumprir o combinado.<br />\r\nE divirta-se.<br />\r\n<br />\r\nVer fantasias em: (Fantasias)', 0, NULL, 1, 0.50, 16.00, 9.00, '', 'Fabricado por: Sicret'),
	(363, 43, 0, '22674E', 'Vales Eróticos', 'Vales Para Ele - Fantasias Sexuais', '2014-09-16 15:50:57', NULL, 1, 5.1, NULL, 10, 3, 0.02, NULL, 'Um talão de cheques para pagar suas dividas eróticas! <br />\r\nContém 10 fantasias sexuais<br />\r\n<br />\r\nSurpreenda seu amor com essa brincadeira divertida e excitante. <br />\r\nDe a ele o vale, faça-o assinar e cobre a divida, se recusar a pagar vista-se de policial e intime-o a cumprir o combinado.<br />\r\nE divirta-se.<br />\r\n<br />\r\nVer fantasias em: (Fantasias)', 0, NULL, NULL, 0.50, 16.00, 9.00, '', 'Fabricado por: Sicret'),
	(364, 44, 0, '73CD009', 'Massageador Ponto G', 'Vibrador Casal - Pretty Love Indulgence', '2014-09-16 16:09:15', NULL, 1, 548.5, NULL, 2, 1, 0.39, NULL, 'Vibrador Com Controle Remoto sem fio.<br />\r\n<br />\r\nPretty Love Indulgence é um Vibrador Duplo, com controle remoto, criado especificamente para o quem busca o prazer intenso. Com multivelocidades, feito em silicone de alta qualidade a prova d\'água, estimulando o clitóris e o ponto G.<br />\r\n<br />\r\nProduto com Design inovador em formato de C, ideal para uso sozinha ou acompanhada. Proporciona uma experiência inesquecível, é um produto atóxico, confortável e macio.<br />\r\nEste Vibrador Feminino possui 2 motores que proporcionam o dobro de prazer 1 motor em cada ponta e 30 funções de vibração e pulsação.<br />\r\n<br />\r\nProduto recarregável, bivolt. Totalmente à prova d\'água, por meio do teste de qualidade europeu, não só pode desfrutar da água, mas também fácil de limpar o próprio produto.<br />\r\nO Massageador Duplo tem desempenho ultra-silencioso, o que lhe permite usar em qualquer ocasião.<br />\r\n<br />\r\nCarregue-o durante 40 minutos e desfrute até 80 minutos de prazer, a bateria de lítio interna é muito eficiente, pode ser usado repetidamente.<br />\r\n<br />\r\nMaterial: 100% Silicone<br />\r\nModo de Usar : Após Carregar seu Vibrador Duplo, ajuste a velocidade pelo controle remoto sem fio, e o mesmo estará pronto para uso.<br />\r\n<br />\r\nRecomendado o uso de lubrificantes e preservativo.<br />\r\nEste produto é para uso pessoal. Higienizar o produto antes e após o uso, com agua e sabão neutro.<br />\r\n', 0, NULL, 1, 7.00, 23.00, 10.50, '', ''),
	(365, 45, 0, '311021', 'Bolinhas Funcionais', 'Bolinhas Funcionais Blink Anal - 2 unid - Soft Love', '2014-09-16 16:22:42', NULL, 1, 5.9, NULL, 2, 2, 0.01, NULL, 'Bolinha Funcional Blink Anal - 2 Unid<br />\r\n<br />\r\nBolinha Funcional Blink Anal, quando estoura proporciona o efeito excitante de pulsação e anestésico.<br />\r\nEstrutura gelatinosa que quando é rompida liberada um óleo lubrificante, anestésico e que faz você sentir sensações de pulsação!<br />\r\n<br />\r\nModo de Usar: Estourar a cápsula no local desejado, massageando delicadamente.<br />\r\n<br />\r\nContém 02 Unidades.<br />\r\n<br />\r\nPeso liquido  4g.<br />\r\n', 0, NULL, NULL, 2.50, 5.00, 2.50, '', ''),
	(366, 45, 0, '311023', 'Bolinhas Funcionais', 'Bolinhas Funcionais 50 Tons de Cinza - 2 unid - Soft Love', '2014-09-16 16:33:46', NULL, 1, 5.9, NULL, 12, 7, 0.01, NULL, 'Bolinha de Funcional - Cinquenta tons de Cinza - 02 Unidades<br />\r\n<br />\r\nSua estrutura gelatinosa quando é rompida libera um óleo que esquenta, esfria e vibra!<br />\r\n<br />\r\nModo de Usar: Estourar a cápsula no local desejado, massageando delicadamente.<br />\r\n<br />\r\nContém 02 Unidades.<br />\r\n<br />\r\nPeso liquido  8g.<br />\r\n', 0, NULL, NULL, 2.50, 5.00, 2.50, '', ''),
	(368, 120, 0, '33CO232', 'Óleo para Massagem', 'Óleo para Massagem beijável - Esfria / Esquenta - Everest', '2014-09-16 16:54:08', NULL, 1, 9.9, NULL, 5, 2, 0.06, NULL, 'Óleo para massagem beijável FOGO E GELO - Everest ( Esquenta / Esfria)<br />\r\nCom 38 gramas<br />\r\nDescubra novas sensações. Aplique sobre a pele o Óleo Fogo e Gelo - Everest, massageando e explorando o corpo com as mãos em movimentos circulares. A refrescância torna o tato muito mais agradável em toques mais prolongados.<br />\r\nComposição: Glycerin, Sorbitol, Methyldibromo Glutaronitrile (and) Phenoxyethanol, Sodium Benzotriazolyl Butylphenol Sulfonate (and) Buteth-3 (and) Tributyl Citrate, Flavor, Alcohol, CI 42090, CI 15985.<br />\r\nModo de usar: Colocar a quantidade desejada na ponta dos dedos, e aplicar no local, massageando delicadamente.<br />\r\nPrecauções: Manter fora do alcance das crianças. Manter ao abrigo de luz e calor. Em caso de irritação suspender o uso, e procurar orientação médica. Embalagem não reutilizável. USO EXTERNO.', 0, NULL, NULL, 3.00, 4.00, 8.00, '', ''),
	(370, 36, 0, '852008P', 'Corset', 'Corset - Estampa Bordada Florida com Laço em Cetim', '2014-09-16 17:06:20', NULL, 1, 115, NULL, 1, 1, 0.19, NULL, 'TAMANHO: P<br />\r\n<br />\r\nCorset com Estampa Bordada Florida com Laço em Cetim e Amarras nas Costas Miss Collection - Miess Composição : 90% Poliéster 10% Elastano', NULL, NULL, NULL, 2.00, 23.00, 41.00, NULL, NULL),
	(371, 36, 0, '85819P', 'Corset', 'Corset com Estampa Florida e Laço - Vermelho', '2014-09-16 17:15:08', NULL, 1, 115, NULL, 1, 1, 0.21, NULL, 'TAMANHO: P<br />\r\n<br />\r\nCorset com Estampa Florida e Detalhes de Laço em Cetim Miss Collection - Miess Composição : 90% Poliéster 10% Elastano', NULL, NULL, NULL, 2.00, 24.00, 40.00, NULL, NULL),
	(373, 45, 0, '311024', 'Bolinhas Funcionais', 'Bolinhas Funcionais Dragon Fire - 2 unid - Soft Love', '2014-09-16 17:40:39', NULL, 1, 5.9, NULL, 4, 3, 0.01, NULL, 'Bolinha de Funcional - Dragon Fire - 02 Unidades<br />\r\n<br />\r\nSua estrutura gelatinosa quando é rompida libera um óleo que esquenta!<br />\r\n<br />\r\nModo de Usar: Estourar a cápsula no local desejado, massageando delicadamente.<br />\r\n<br />\r\nContém 02 Unidades.<br />\r\n<br />\r\nPeso liquido  8g.<br />\r\n', 0, NULL, NULL, 2.50, 5.00, 2.50, '', ''),
	(374, 45, 0, '311020', 'Bolinhas Funcionais', 'Bolinhas Funcionais Eletric Plus - 2 unid - Soft Love', '2014-09-16 17:47:14', NULL, 1, 5.9, NULL, 3, 3, 0.01, NULL, 'Bolinha de Funcional - Eletric Plus - 02 Unidades<br />\r\n<br />\r\nO puro prazer do famoso Vibrador Líquido, agora em uma cápsula gelatinosa que quando rompida ela libera um óleo de função que lhe causa a sensação de vibração.<br />\r\n<br />\r\nModo de Usar: Estourar a cápsula nos locais desejados, massageando delicadamente.<br />\r\n<br />\r\nContém 02 Unidades.<br />\r\n<br />\r\nPeso liquido  8g.<br />\r\n', 0, NULL, NULL, 2.50, 5.00, 2.50, '', ''),
	(375, 45, 0, '311025', 'Bolinhas Funcionais', 'Bolinhas Funcionais Twister - 2 unid - Soft Love', '2014-09-16 17:50:51', NULL, 1, 5.9, NULL, 12, 5, 0.01, NULL, 'Bolinha de Funcional - Twister - 02 Unidades<br />\r\nAumenta a sensibilidade, estimulando a circulação sanguinea da região e ao mesmo tempo remete as sensações de aquecimento, refrescância, pulsação e pequenos choques, consequentemente aumentando muito o desejo e o prazer.  <br />\r\n<br />\r\nSua estrutura gelatinosa quando é rompida libera um óleo que esquenta!<br />\r\n<br />\r\nContém 02 Unidades.<br />\r\n<br />\r\nPeso liquido  8g.<br />\r\n', 0, NULL, NULL, 2.50, 5.00, 2.50, '', ''),
	(377, 46, 0, '39504', 'Gel Aromatizante', 'Gel Aromatizante Térmico Lafasex Morango ', '2014-09-16 18:04:09', NULL, 1, 6.35, NULL, 5, 3, 0.04, NULL, 'Gel Térmico Lafasex Morango Ice - 20ml<br />\r\nInspirado nos mais saborosos e mundialmente famosos drinks.<br />\r\nO Gel térmico comestível Lafasex é produzido com os melhores ingredientes para lhe garantir um delicioso sabor na sua relação, além disso, esfria em contato com a pele proporcionando uma deliciosa sensação. O que lhe garante um delicioso sabor como nas melhores bebidas, IDEAL PARA SEXO ORAL.<br />\r\nModo de usar: Aplique no local desejado e use a imaginação de como tirar!!! Experimente assoprar e sentir um uma sensação ice super deliciosa.<br />\r\n', NULL, NULL, NULL, 3.00, 3.00, 10.00, NULL, NULL),
	(379, 47, 0, '73T1V', 'OVO - Lifestyle', 'OVO Lifestyle - Vibrador - Violet - 5 níveis de Vibração', '2014-09-22 14:27:36', NULL, 1, 170.6, NULL, 2, 1, 0.15, NULL, 'Se surpreenda com a estimulação causada pelo motor potente que o T1 pode te oferecer!<br />\r\nCom design moderno e arrojado, formato anatômico, ele se encaixa tanto em suas mãos como nas curvas de seu corpo.<br />\r\nPrático, discreto e poderoso, tem cinco níveis de vibração, com o mínimo de ruídos!!<br />\r\nResistente à água, higiênico e seguro, proporciona maior conforto e estimulação.<br />\r\nAcompanha manual de instruções em: Inglês, Espanhol, Francês, Alemão, Russo e Japonês.<br />\r\nQualidade: Produzido em ABS de qualidade incomparável, atóxico, higienicamente superior aos similares no mercado, 100% seguro para o corpo!<br />\r\nÉ macio, não poroso, não tem cheiro e é fácil de limpar.<br />\r\nEmbalagem: Se apresenta em embalagem com abertura e fechamento a vácuo (similar padrão apple), muito sofisticada, com encaixe para o vibrador e espaço para guardar manual de instruções com discrição e segurança.<br />\r\nDimensões: O vibrador mede 9 cm de comprimento por 3,5 cm de diâmetro (aproximadamente).<br />\r\nBaterias: Utiliza 1 pilha "AAA" não inclusa.<br />\r\nCaso o produto fique sem uso, retire as pilhas para evitar curtos-circuitos ou oxidação, o que poderia danificar seriamente seu vibrador. Siga as leis de descarte exercidas em sua região, nunca descarte as pilhas no lixo comum sob risco de contaminação de solo e água.<br />\r\nModo de Usar: Mantenha pressionado durante 3 segundos o botão localizado na base do vibrador para ligar ou desligar. Para alterar o modo de vibração pressione o mesmo solte-o rapidamente.<br />\r\nRecomendações: É recomendado o uso de lubrificante à base de água.<br />\r\nCuidados: <br />\r\n•        Conservar fora da luz solar e não expor a temperatura superior a 50ºC:<br />\r\n•        Nunca permita que a água entre em contato com o compartimento de pilhas/ baterias.<br />\r\n•        Higienize seu vibrador sempre antes e após o uso para maior segurança de sua saúde!<br />\r\n•        Consulte sempre seu ginecologista!<br />\r\n', 0, NULL, 1, 6.00, 6.00, 13.00, '', 'Design by: Germany<br /><br /><br /><br /><br /><br />\r\nMade in: RPC<br /><br /><br /><br /><br /><br />\r\n'),
	(380, 8, 0, '19AC014', 'Cone para Pompoarismo', 'Cone para Pompoarismo - Amarelo 32gr', '2014-09-23 14:59:14', NULL, 1, 19.6, NULL, 3, 1, 0.04, NULL, 'Cone para pompoar <br /><br />\r\nCone para pompoarismo <br /><br />\r\nOs cones para pompoar foram introduzidos na medicina pelo ginecologista Arnold Kegelem 1950 para tratamento de incontinência urinária e outros males do trato urinário. São cinco pesos diferentes para o treino de força muscular da região pélvica e vaginal. Marfim 45gr, Rosa 20gr, Amarelo 32gr, Azul 70 gr e Verde 57gr<br /><br /><br />\r\n', 0, NULL, NULL, 7.00, 5.50, 7.00, '', ''),
	(381, 8, 0, '19AC013', 'Cone para Pompoarismo', 'Cone para Pompoarismo - Rosa 20gr', '2014-09-24 10:36:27', NULL, 1, 19.6, NULL, 3, 1, 0.03, NULL, 'Cone para pompoar <br />\r\n<br />\r\nCone para pompoarismo <br />\r\n<br />\r\nOs cones para pompoar foram introduzidos na medicina pelo ginecologista Arnold Kegelem 1950 para tratamento de incontinência urinária e outros males do trato urinário. São cinco pesos diferentes para o treino de força muscular da região pélvica e vaginal. Marfim 45gr, Rosa 20gr, Amarelo 32gr, Azul 70 gr e Verde 57gr<br />\r\n', NULL, NULL, NULL, 7.00, 5.50, 7.00, NULL, NULL),
	(382, 8, 0, '19AC027', 'Cone para Pompoarismo', 'Cone para Pompoarismo - Verde 57gr', '2014-09-24 10:38:39', NULL, 1, 19.6, NULL, 3, 1, 0.07, NULL, 'Cone para pompoar <br />\r\n<br />\r\nCone para pompoarismo <br />\r\n<br />\r\n<br />\r\nOs cones para pompoar foram introduzidos na medicina pelo ginecologista Arnold Kegelem 1950 para tratamento de incontinência urinária e outros males do trato urinário. São cinco pesos diferentes para o treino de força muscular da região pélvica e vaginal. Marfim 45gr, Rosa 20gr, Amarelo 32gr, Azul 70 gr e Verde 57gr<br />\r\n', NULL, NULL, NULL, 7.00, 5.50, 7.00, NULL, NULL),
	(383, 8, 0, '19AC028', 'Cone para Pompoarismo', 'Cone para Pompoarismo - Azul 70gr', '2014-09-24 10:41:05', NULL, 1, 19.6, NULL, 3, 1, 0.08, NULL, 'Cone para pompoar <br />\r\n<br />\r\nCone para pompoarismo <br />\r\n<br />\r\n<br />\r\nOs cones para pompoar foram introduzidos na medicina pelo ginecologista Arnold Kegelem 1950 para tratamento de incontinência urinária e outros males do trato urinário. São cinco pesos diferentes para o treino de força muscular da região pélvica e vaginal. Marfim 45gr, Rosa 20gr, Amarelo 32gr, Azul 70 gr e Verde 57gr<br />\r\n', NULL, NULL, NULL, 7.00, 5.50, 7.00, NULL, NULL),
	(384, 8, 0, '19AC008', 'Bolinhas Tailandesas', 'Bolinhas Tailandesas Pequena - Cores Variadas', '2014-09-24 10:46:01', NULL, 1, 11.9, NULL, 3, 1, 0.04, NULL, 'Cinco esferas em resina polida (importada), com cordão em silicone e argola em plástico, totalmente higiênica e atóxica. <br />\r\nNos tempos antigos, as praticantes de pompoarismo utilizavam seus próprios colares de pérolas ou outros materiais para exercitar a coordenação motora dos anéis vaginais. <br />\r\nPara compor o moderno cordão de bolinhas tailandesas, a Adão e Eva importa cinco esferas em resina polida. <br />\r\nE para torna-lo higiênico e atóxico ata-as em fio flexível de silicone e argola de segurança em plástico, facilitando a higiene e aumentando a vida útil do produto. <br />\r\nO cordão de bolinhas tailandesas pequenas é ideal para as praticantes que já iniciaram o aprendizado de sua consciência corporal.', 0, NULL, NULL, 4.50, 9.00, 12.50, '', ''),
	(385, 8, 0, '19AC006R', 'Bolinhas Pompoar conj. com 2', 'Conjunto 2 Bolinhas Para Pompoar - Ben-Wa - Rosa', '2014-09-24 10:52:57', NULL, 1, 18.2, NULL, 3, 1, 0.05, NULL, 'Conjunto 2 bolas pompoar com alça em silicone<br /><br /><br /><br />\r\nAs bolas Ben-wa também tem pesinhos em seu interior e auxiliam à praticante no ganho de força e potência muscular e, em simultâneo, coordenação motora. Este Conjunto de 2 bolas para pompoar da Adão e Eva é totalmente com alça também em silicone, muito mais fácil de higienizar.', 0, NULL, NULL, 4.50, 7.00, 12.50, '', ''),
	(388, 13, 0, '330125734', 'Caneta Sexy Pen', 'Caneta Sensuale Sexy Pen - Chocolate', '2014-10-07 12:23:16', NULL, 1, 5.6, NULL, 4, 2, 0.03, NULL, 'Caneta Sexy Pen - Chocolate.<br />\r\n<br />\r\nA Caneta Comestível Sensuale foi desenvolvida para desenhar no corpo com segundas intenções. <br />\r\nSeja ousado e deixa a sua imaginação fluir. <br />\r\nSolte-se e inove com desenhos no corpo de seu amor e depois tire com a boca.<br />\r\nDeliciosa, criativa e excitante brincadeira.<br />\r\n<br />\r\nContém 20g.<br />\r\n', 0, NULL, NULL, 3.00, 3.00, 15.00, '', ''),
	(389, 13, 0, '330125737', 'Caneta Sexy Pen', 'Caneta Sensuale Sexy Pen - Morango', '2014-10-07 12:27:34', NULL, 1, 5.6, NULL, 3, 1, 0.03, NULL, 'Caneta Sexy Pen - Morango<br />\r\n<br />\r\nA Caneta Comestível Sensuale foi desenvolvida para desenhar no corpo com segundas intenções. <br />\r\nSeja ousado e deixa a sua imaginação fluir. <br />\r\nSolte-se e inove com desenhos no corpo de seu amor e depois tire com a boca.<br />\r\nDeliciosa, criativa e excitante brincadeira.<br />\r\n<br />\r\nContém 20g.<br />\r\n', 0, NULL, NULL, 3.00, 3.00, 15.00, '', ''),
	(392, 22, 0, '3301635', 'Mousse Corporal', 'Provocation Mousse Corporal Efervescente Cereja - Santo', '2014-10-07 12:42:07', NULL, 1, 27.4, NULL, 1, 1, 0.06, NULL, 'Provocation é um mousse corporal efervescente formulado com ativos de origem vegetal.<br />\r\nFoi desenvolvido especialmente para apimentar o desejo, em contato com a pele amplia o prazer, criando uma agradável sensação. Perfeito para massagens, deixa a pele perfumada no momento da relação e mesmo no uso diário.<br />\r\nProduto Efervescente Craquelado para brincadeira no corpo do parceiro (a), estala em contato com a pele com sabor Cereja (comestível).<br />\r\n<br />\r\nFunções: Refrescar a pele e perfumar<br />\r\n<br />\r\nModo de Uso: Agite o frasco para ativar os componentes aumentando o efeito efervescente e aplique a espuma sobre a pele.<br />\r\n<br />\r\nFabricante: Santo Cosméticos.', NULL, NULL, NULL, 5.00, 5.00, 14.50, NULL, NULL),
	(393, 123, 0, '61LS059', 'Algema', 'Algema em Metal com Pelúcia - Rosa', '2014-10-09 16:25:21', NULL, 1, 38.7, NULL, 2, 1, 0.02, NULL, 'Aliando conforto e estilo, as algemas em metal com pelúcia rosa são firmes, mas macias e sofisticadas. Acompanha chaves. ', NULL, NULL, NULL, 5.50, 10.50, 11.00, NULL, NULL),
	(395, 8, 0, '13AC040T', 'Anel Peniano', 'Anel Massageador Stretchy Cock Ring - Transparente', '2014-10-09 17:06:46', NULL, 1, 9.7, NULL, 3, 1, 0.02, NULL, 'Anel Oriental Hot<br /><br />\r\nAnel massageador usado durante a relação para massagear a vúlva e estimular o clitoris.<br /><br />\r\nAnel massageador com cerdas macias que, colocado na base do pênis ou vibrador estimula toda vulva e clitóris. Com uma cerda maior do que as outras em um de suas pontas, pode tanto excitar de forma diferente o clitóris ou o ânus.<br /><br />\r\nCuidados: Lavar antes e após o manuseio com água e sabão neutro. Não compartilhe deste produto com outros parceiros.<br /><br />\r\nOrigem: Nacional<br /><br />\r\nCor: Transparente<br /><br />\r\nDimensões: 50 x 130 x Ø int. 25mm<br /><br />\r\nMaterial: Elastômero<br /><br />\r\nEmbalagem: Caixa<br /><br />\r\nAnéis<br /><br />\r\nOs anéis penianos colocados na base do pênis ou no vibrador personal e, com variados relevos, tem a função múltipla de massagear a parceira durante a penetração, segurar a ereção e retardar a ejaculação.<br /><br />\r\nNão podem ser utilizados por mais de 30 minutos corridos, pois podem prejudicar o pênis.<br /><br />\r\n', 0, NULL, NULL, 3.00, 4.50, 8.50, '', ''),
	(398, 7, 0, '41120M', 'Fantasia', 'Fantasia de Noiva - Garota Veneno', '2014-10-16 09:32:16', NULL, 1, 109, NULL, 1, 1, 0.02, NULL, 'TAMANHO: M<br /><br />\r\nFantasia de Noiva Com bojo, amarra em fita, e ligas destacáveis. <br /><br />\r\nAcompanha calcinha fio, véu e par de luvas.<br /><br />\r\nProduto de alta qualidade! <br /><br />\r\nNão acompanha meia <br /><br />\r\nTam.: M<br /><br />\r\nConfeccionado em: <br /><br />\r\n100% Poliamida <br /><br />\r\nCalcinha, forro 100% algodão <br /><br />\r\nImagem meramente ilustrativa. <br /><br />\r\nRecomendações: <br /><br />\r\n- Lavar a mão<br /><br />\r\n- Usar sabão neutro<br /><br />\r\n- Secar a sombra', 0, NULL, NULL, 8.00, 30.00, 21.00, '', ''),
	(399, 7, 0, '41120G', 'Fantasia', 'Fantasia de Noiva - Garota Veneno', '2014-10-16 09:36:08', NULL, 1, 109, NULL, 1, 1, 0.02, NULL, 'TAMANHO: G<br /><br />\r\nFantasia de Noiva Com bojo, amarra em fita, e ligas destacáveis. <br /><br />\r\nAcompanha calcinha fio, véu e par de luvas.<br /><br />\r\nProduto de alta qualidade! <br /><br />\r\nNão acompanha meia <br /><br />\r\nTam.: G<br /><br />\r\nConfeccionado em: <br /><br />\r\n100% Poliamida <br /><br />\r\nCalcinha, forro 100% algodão <br /><br />\r\nImagem meramente ilustrativa. <br /><br />\r\nRecomendações: <br /><br />\r\n- Lavar a mão<br /><br />\r\n- Usar sabão neutro<br /><br />\r\n- Secar a sombra', 0, NULL, NULL, 7.00, 29.00, 21.00, '', ''),
	(401, 7, 0, '41120GG', 'Fantasia', 'Fantasia de Noiva - Garota Veneno', '2014-10-16 09:43:50', NULL, 1, 109, NULL, 0, 1, 0.02, NULL, 'TAMANHO: GG<br />\r\n<br />\r\nFantasia de Noiva Com bojo, amarra em fita, e ligas destacáveis. <br />\r\n<br />\r\nAcompanha calcinha fio, véu e par de luvas.<br />\r\n<br />\r\nProduto de alta qualidade! <br />\r\nNão acompanha meia <br />\r\nTam.: GG<br />\r\nConfeccionado em: <br />\r\n100% Poliamida <br />\r\nCalcinha, forro 100% algodão <br />\r\nImagem meramente ilustrativa. <br />\r\nRecomendações: <br />\r\n- Lavar a mão<br />\r\n- Usar sabão neutro<br />\r\n- Secar a sombra', NULL, NULL, NULL, 9.00, 33.00, 16.00, NULL, NULL),
	(403, 7, 0, '41328M', 'Fantasia', 'Fantasia de Coelhinha - Garota Veneno', '2014-10-16 09:58:16', NULL, 1, 81, NULL, 0, 1, 0.02, NULL, 'TAMANHO: M<br /><br />\r\nFantasia de Coelhinha, fechamento com ziper. <br /><br />\r\nAcompanha arco com orelhinhas, rabinho, gravata borboleta e par de luvas.<br /><br />\r\nProduto de alta qualidade! <br /><br />\r\nTam.: M<br /><br />\r\nConfeccionado em: <br /><br />\r\n100% Poliamida <br /><br />\r\nVeludo<br /><br />\r\n100% Poliéster<br /><br />\r\nImagem meramente ilustrativa. <br /><br />\r\nRecomendações: <br /><br />\r\n- Lavar a mão<br /><br />\r\n- Usar sabão neutro<br /><br />\r\n- Secar a sombra', 0, NULL, 1, 7.00, 16.00, 32.00, '', ''),
	(404, 7, 0, '41328G', 'Fantasia', 'Fantasia de Coelhinha - Garota Veneno', '2014-10-16 10:03:05', NULL, 1, 81, NULL, 1, 1, 0.02, 1, 'AMANHO: G<br /><br />\r\nFantasia de Coelhinha, fechamento com zíper. <br /><br />\r\nAcompanha arco com orelhinhas, rabinho, gravata borboleta e par de luvas.<br /><br />\r\nProduto de alta qualidade! <br /><br />\r\nTam.: G<br /><br />\r\nConfeccionado em: <br /><br />\r\n100% Poliamida <br /><br />\r\nVeludo<br /><br />\r\n100% Poliéster<br /><br />\r\nImagem meramente ilustrativa. <br /><br />\r\nRecomendações: <br /><br />\r\n- Lavar a mão<br /><br />\r\n- Usar sabão neutro<br /><br />\r\n- Secar a sombra', 0, NULL, NULL, 5.50, 3.30, 17.00, '', ''),
	(405, 7, 0, '41329M', 'Fantasia', 'Fantasia Dama do Prazer - Garota Veneno', '2014-10-16 10:15:57', NULL, 1, 103, NULL, 2, 1, 0.02, NULL, 'TAMANHO: M<br /><br />\r\nFantasia de Dama do Prazer, fechamento com zíper frontal. <br /><br />\r\nAcompanha calcinha fio e par de luvas.<br /><br />\r\nProduto de alta qualidade! <br /><br />\r\nTam.: M<br /><br />\r\nConfeccionado em: <br /><br />\r\nVestido<br /><br />\r\n82% Poliamida <br /><br />\r\n18% Elastano<br /><br />\r\nCalcinha<br /><br />\r\nForro 100% algodão<br /><br />\r\nImagem meramente ilustrativa. <br /><br />\r\nRecomendações: <br /><br />\r\n- Lavar a mão<br /><br />\r\n- Usar sabão neutro<br /><br />\r\n- Secar a sombra', 0, NULL, 1, 7.00, 16.00, 33.00, '', ''),
	(406, 7, 0, '41329G', 'Fantasia', 'Fantasia Dama do Prazer - Garota Veneno', '2014-10-16 10:18:41', NULL, 1, 103, NULL, 2, 1, 0.02, 1, 'TAMANHO: G<br /><br />\r\nFantasia de Dama do Prazer, fechamento com zíper frontal. <br /><br />\r\nAcompanha calcinha fio e par de luvas.<br /><br />\r\nProduto de alta qualidade! <br /><br />\r\nTam.: G<br /><br />\r\nConfeccionado em: <br /><br />\r\nVestido<br /><br />\r\n82% Poliamida <br /><br />\r\n18% Elastano<br /><br />\r\nCalcinha<br /><br />\r\nForro 100% algodão<br /><br />\r\nImagem meramente ilustrativa. <br /><br />\r\nRecomendações: <br /><br />\r\n- Lavar a mão<br /><br />\r\n- Usar sabão neutro<br /><br />\r\n- Secar a sombra', 0, NULL, NULL, 7.00, 34.00, 17.00, '', ''),
	(407, 7, 0, '41329GG', 'Fantasia', 'Fantasia Dama do Prazer - Garota Veneno', '2014-10-16 10:21:45', NULL, 1, 103, NULL, 2, 1, 0.02, NULL, 'TAMANHO: GG<br /><br />\r\nFantasia de Dama do Prazer, fechamento com zíper frontal. <br /><br />\r\nAcompanha calcinha fio e par de luvas.<br /><br />\r\nProduto de alta qualidade! <br /><br />\r\nTam.: GG<br /><br />\r\nConfeccionado em: <br /><br />\r\nVestido<br /><br />\r\n82% Poliamida <br /><br />\r\n18% Elastano<br /><br />\r\nCalcinha<br /><br />\r\nForro 100% algodão<br /><br />\r\nImagem meramente ilustrativa. <br /><br />\r\nRecomendações: <br /><br />\r\n- Lavar a mão<br /><br />\r\n- Usar sabão neutro<br /><br />\r\n- Secar a sombra', 0, NULL, NULL, 5.00, 35.00, 17.00, '', ''),
	(409, 7, 0, '84595AM', 'Conjunto', 'Conjunto em Microfibra - Preto - Garota Veneno', '2014-10-16 10:35:45', NULL, 1, 61, NULL, 1, 1, 0.01, NULL, 'TAMANHO: M<br />\r\n<br />\r\nConjunto em Microfibra, Sutien com base, nadador e com calcinha com rendinha.<br />\r\n<br />\r\nUm produto de alta qualidade! <br />\r\n<br />\r\n“Imagem meramente Ilustrativa”<br />\r\n<br />\r\nCor: Preto<br />\r\n<br />\r\nTam.: M<br />\r\n<br />\r\nConfeccionado em: <br />\r\n<br />\r\n82% Poliamida<br />\r\n18% Elastano<br />\r\n<br />\r\nCalcinha, forro 100% algodão<br />\r\n<br />\r\nRecomendações: <br />\r\n<br />\r\n- Lavar a mão<br />\r\n- Usar sabão neutro<br />\r\n- Secar a sombra', NULL, NULL, NULL, 6.00, 33.00, 16.00, NULL, NULL),
	(410, 7, 0, '84595AG', 'Conjunto', 'Conjunto em Microfibra - Preto - Garota Veneno', '2014-10-16 10:38:32', NULL, 1, 61, NULL, 1, 1, 0.01, NULL, 'TAMANHO: G<br />\r\n<br />\r\nConjunto em Microfibra, Sutien com base, nadador e com calcinha com rendinha.<br />\r\n<br />\r\nUm produto de alta qualidade! <br />\r\n<br />\r\n“Imagem meramente Ilustrativa”<br />\r\n<br />\r\nCor: Preto<br />\r\n<br />\r\nTam.: G<br />\r\n<br />\r\nConfeccionado em: <br />\r\n<br />\r\n82% Poliamida<br />\r\n18% Elastano<br />\r\n<br />\r\nCalcinha, forro 100% algodão<br />\r\n<br />\r\nRecomendações: <br />\r\n<br />\r\n- Lavar a mão<br />\r\n- Usar sabão neutro<br />\r\n- Secar a sombra', 0, NULL, NULL, 6.50, 35.00, 19.00, '', ''),
	(411, 7, 0, '84595AGG', 'Conjunto', 'Conjunto em Microfibra - Preto - Garota Veneno', '2014-10-16 10:41:01', NULL, 1, 61, NULL, 1, 1, 0.01, 1, 'TAMANHO: GG<br />\r\n<br />\r\nConjunto em Microfibra, Sutien com base, nadador e com calcinha com rendinha.<br />\r\n<br />\r\nUm produto de alta qualidade! <br />\r\n<br />\r\n“Imagem meramente Ilustrativa”<br />\r\n<br />\r\nCor: Preto<br />\r\n<br />\r\nTam.: GG<br />\r\n<br />\r\nConfeccionado em: <br />\r\n<br />\r\n82% Poliamida<br />\r\n18% Elastano<br />\r\n<br />\r\nCalcinha, forro 100% algodão<br />\r\n<br />\r\nRecomendações: <br />\r\n<br />\r\n- Lavar a mão<br />\r\n- Usar sabão neutro<br />\r\n- Secar a sombra', 0, NULL, NULL, 7.00, 35.00, 20.00, '', ''),
	(412, 7, 0, '84596BM', 'Conjunto', 'Conjunto em Microfibra - Branco - Garota Veneno', '2014-10-16 10:50:48', NULL, 1, 61, NULL, 1, 1, 0.01, NULL, 'TAMANHO: M<br />\r\n<br />\r\nConjunto em Microfibra, Sutien com base, nadador com fecho frontal e com calcinha com rendinha.<br />\r\n<br />\r\nUm produto de alta qualidade! <br />\r\n<br />\r\n“Imagem meramente Ilustrativa”<br />\r\n<br />\r\nCor: Branco<br />\r\n<br />\r\nTam.: M<br />\r\n<br />\r\nConfeccionado em: <br />\r\n<br />\r\n82% Poliamida<br />\r\n18% Elastano<br />\r\n<br />\r\nCalcinha, forro 100% algodão<br />\r\n<br />\r\nRecomendações: <br />\r\n<br />\r\n- Lavar a mão<br />\r\n- Usar sabão neutro<br />\r\n- Secar a sombra', 0, NULL, NULL, 6.00, 31.00, 16.00, '', ''),
	(413, 7, 0, '84596BG', 'Conjunto', 'Conjunto em Microfibra - Branco - Garota Veneno', '2014-10-16 10:56:35', NULL, 1, 61, NULL, 2, 1, 0.01, NULL, 'TAMANHO: G<br />\r\n<br />\r\nConjunto em Microfibra, Sutien com base, nadador com fecho frontal e com calcinha com rendinha.<br />\r\n<br />\r\nUm produto de alta qualidade! <br />\r\n<br />\r\n“Imagem meramente Ilustrativa”<br />\r\n<br />\r\nCor: Branco<br />\r\n<br />\r\nTam.: G<br />\r\n<br />\r\nConfeccionado em: <br />\r\n<br />\r\n82% Poliamida<br />\r\n18% Elastano<br />\r\n<br />\r\nCalcinha, forro 100% algodão<br />\r\n<br />\r\nRecomendações: <br />\r\n<br />\r\n- Lavar a mão<br />\r\n- Usar sabão neutro<br />\r\n- Secar a sombra', NULL, NULL, NULL, 7.00, 31.00, 18.00, NULL, NULL),
	(414, 7, 0, '810605CM', 'Camisola', 'Camisola em Cetim e Liga Net, Sem Bojo - Garota Veneno', '2014-10-16 11:07:16', NULL, 1, 73, NULL, 2, 1, 0.01, NULL, 'TAMANHO: M<br /><br />\r\nCamisola em Cetim e liga Net, sem Bojo, Renda.<br /><br />\r\nAcompanha calcinha fio.<br /><br />\r\nUm produto de alta qualidade! <br /><br />\r\nTam.: M<br /><br />\r\nConfeccionado em: <br /><br />\r\n100% Poliéster<br /><br />\r\nCalcinha, forro 100% algodão<br /><br />\r\nRecomendações: <br />\r\n- Lavar a mão<br />\r\n- Usar sabão neutro<br />\r\n- Secar a sombra', 0, NULL, NULL, 3.00, 31.00, 22.00, '', ''),
	(415, 7, 0, '810606AM', 'Camisola ', 'Camisola em Cetim e Liga Net - Preto - Garota Veneno', '2014-10-16 11:15:29', NULL, 1, 73, NULL, 1, 1, 0.01, 1, 'TAMANHO: M<br /><br />\r\nCamisola em Cetim e liga Net, sem Bojo, Lateral de Renda.<br /><br />\r\nAcompanha calcinha fio.<br /><br />\r\nUm produto de alta qualidade! <br /><br />\r\nCor: Preto<br /><br />\r\nTam.: M<br /><br />\r\nConfeccionado em: <br />\r\n100% Poliéster<br /><br />\r\nCalcinha, forro 100% algodão<br /><br />\r\nRecomendações: <br />\r\n- Lavar a mão<br />\r\n- Usar sabão neutro<br />\r\n- Secar a sombra', 0, NULL, NULL, 4.00, 34.00, 17.00, '', ''),
	(416, 7, 0, '810606AG', 'Camisola ', 'Camisola em Cetim e Liga Net - Preto - Garota Veneno', '2014-10-16 11:18:35', NULL, 1, 73, NULL, 3, 1, 0.13, NULL, 'TAMANHO: G<br />\r\nCamisola em Cetim e liga Net, sem Bojo, Lateral de Renda.<br />\r\nAcompanha calcinha fio.<br />\r\nUm produto de alta qualidade! <br />\r\nCor: Preto /><br />\r\nTam.: G<br />\r\nConfeccionado em: <br />\r\n100% Poliéster<br />\r\nCalcinha, forro 100% algodão<br />\r\nRecomendações: <br />\r\n- Lavar a mão<br />\r\n- Usar sabão neutro<br />\r\n- Secar a sombra', 0, NULL, 1, 4.00, 34.00, 17.00, '', ''),
	(417, 7, 0, '84615M', 'Conjunto', 'Conjunto em Microfibra e Renda - Preto - Garota Veneno', '2014-10-16 11:45:57', NULL, 1, 73, NULL, 2, 1, 0.11, 1, 'TAMANHO: M<br />\r\nConjunto em Microfibra e Renda, Sutien com base, calcinha com renda e strass.<br />\r\nUm produto de alta qualidade! <br />\r\n“Imagem meramente Ilustrativa”<br />\r\nCor: Preto<br />\r\nTam.: M<br />\r\nConfeccionado em:<br />\r\n82% Poliamida<br />\r\n18% Elastano<br />\r\nCalcinha, forro 100% algodão<br />\r\nRecomendações: <br />\r\n- Lavar a mão<br />\r\n- Usar sabão neutro<br />\r\n- Secar a sombra', 0, NULL, 1, 8.00, 30.00, 14.00, '', ''),
	(418, 7, 0, '84615G', 'Conjunto', 'Conjunto em Microfibra e Renda - Preto - Garota Veneno', '2014-10-16 11:49:19', NULL, 1, 73, NULL, 0, 1, 0.12, NULL, 'TAMANHO: G<br /><br />\r\n<br /><br />\r\nConjunto em Microfibra e Renda, Sutien com base, calcinha com renda e strass.<br /><br />\r\n<br /><br />\r\nUm produto de alta qualidade! <br /><br />\r\n<br /><br />\r\n“Imagem meramente Ilustrativa”<br /><br />\r\n<br /><br />\r\nCor: Preto<br /><br />\r\n<br /><br />\r\nTam.: G<br /><br />\r\n<br /><br />\r\nConfeccionado em: <br /><br />\r\n<br /><br />\r\n82% Poliamida<br /><br />\r\n18% Elastano<br /><br />\r\n<br /><br />\r\nCalcinha, forro 100% algodão<br /><br />\r\n<br /><br />\r\nRecomendações: <br /><br />\r\n<br /><br />\r\n- Lavar a mão<br /><br />\r\n- Usar sabão neutro<br /><br />\r\n- Secar a sombra', 0, 1, 1, 7.50, 32.00, 16.00, '', ''),
	(419, 7, 0, '84615GG', 'Conjunto', 'Conjunto em Microfibra e Renda - Preto - Garota Veneno', '2014-10-16 11:52:05', NULL, 1, 73, NULL, 1, 1, 0.12, NULL, 'TAMANHO: GG<br />\r\nConjunto em Microfibra e Renda, Sutien com base, calcinha com renda e strass.<br />\r\nUm produto de alta qualidade! <br />\r\n“Imagem meramente Ilustrativa”<br />\r\nCor: Preto<br />\r\nTam.: GG<br />\r\nConfeccionado em: <br />\r\n82% Poliamida<br />\r\n18% Elastano<br />\r\nCalcinha, forro 100% algodão<br />\r\nRecomendações: <br />\r\n- Lavar a mão<br />\r\n- Usar sabão neutro<br />\r\n- Secar a sombra', 0, NULL, NULL, 8.00, 32.50, 19.00, '', ''),
	(420, 7, 0, '84616BM', 'Conjunto', 'Conjunto em Microfibra e Liga Net - Garota Veneno', '2014-10-16 12:07:03', NULL, 1, 73, NULL, 1, 1, 0.11, NULL, 'TAMANHO: M<br /><br />\r\nConjunto em Microfibra e liga Net, Sutiã com renda, nadador e com calcinha com rendinha.<br /><br />\r\nUm produto de alta qualidade! <br /><br />\r\n“Imagem meramente Ilustrativa”<br /><br />\r\nCor: Absoluto<br /><br />\r\nTam.: M<br /><br />\r\nConfeccionado em: <br />\r\n82% Poliamida<br />\r\n18% Elastano<br /><br />\r\nCalcinha, forro 100% algodão<br /><br />\r\nRecomendações: <br />\r\n- Lavar a mão<br />\r\n- Usar sabão neutro<br />\r\n- Secar a sombra<br /><br /><br /><br />\r\n', 0, NULL, 1, 5.00, 32.00, 14.00, '', ''),
	(421, 7, 0, '84616BG', 'Conjunto', 'Conjunto em Microfibra e Liga Net - Garota Veneno', '2014-10-16 12:14:20', NULL, 1, 73, NULL, 1, 1, 0.12, NULL, 'TAMANHO: G<br />\r\nConjunto em Microfibra e liga Net, Sutien com renda, nadador e com calcinha com rendinha.<br />\r\nUm produto de alta qualidade! <br />\r\n“Imagem meramente Ilustrativa”<br />\r\nCor: Absoluto<br />\r\nTam.: G<br />\r\nConfeccionado em: <br />\r\n82% Poliamida<br />\r\n18% Elastano<br />\r\nCalcinha, forro 100% algodão<br />\r\nRecomendações:<br />\r\n- Lavar a mão<br />\r\n- Usar sabão neutro<br />\r\n- Secar a sombra', 0, NULL, NULL, 7.00, 16.00, 35.00, '', ''),
	(422, 7, 0, '84616BGG', 'Conjunto', 'Conjunto em Microfibra e Liga Net - Garota Veneno', '2014-10-16 12:17:40', NULL, 1, 73, NULL, 2, 1, 0.13, NULL, 'TAMANHO: GG<br /><br />\r\nConjunto em Microfibra e liga Net, Sutien com renda, nadador e com calcinha com rendinha.<br /><br />\r\nUm produto de alta qualidade! <br /><br />\r\n“Imagem meramente Ilustrativa”<br /><br />\r\nCor: Absoluto<br /><br />\r\nTam.: GG<br /><br />\r\nConfeccionado em:<br />\r\n82% Poliamida<br />\r\n18% Elastano<br /><br />\r\nCalcinha, forro 100% algodão<br /><br />\r\nRecomendações:<br />\r\n- Lavar a mão<br />\r\n- Usar sabão neutro<br />\r\n- Secar a sombra', 0, NULL, NULL, 8.50, 40.00, 21.00, '', ''),
	(423, 7, 0, '87617BM', 'Espartilho', 'Espartilho em Tule Liso e Estampado - Garota Veneno', '2014-10-16 12:27:04', NULL, 1, 103, NULL, 2, 1, 0.18, NULL, 'TAMANHO: M<br /><br />\r\nEspartilho em Tule Liso e Estampado, com bojo e ligas destacáveis. <br /><br />\r\nAcompanha calcinha fio. <br /><br />\r\nProduto de alta qualidade! <br /><br />\r\nCor: Sensuale<br /><br />\r\nTam.: M<br /><br />\r\nConfeccionado em: <br />\r\n82% Poliamida<br />\r\n18% Elastano<br /><br />\r\nCalcinha, forro 100% algodão<br /><br />\r\nRecomendações: <br />\r\n- Lavar a mão<br />\r\n- Usar sabão neutro<br />\r\n- Secar a sombra', 0, NULL, 1, 8.00, 31.50, 30.00, '', ''),
	(424, 7, 0, '87617BG', 'Espartilho', 'Espartilho em Tule Liso e Estampado - Garota Veneno', '2014-10-16 12:34:56', NULL, 1, 103, NULL, 2, 1, 0.18, 1, 'TAMANHO: G<br /><br />\r\nEspartilho em Tule Liso e Estampado, com bojo e ligas destacáveis. <br /><br />\r\nAcompanha calcinha fio. <br /><br />\r\nProduto de alta qualidade! <br /><br />\r\nCor: Sensuale<br /><br />\r\nTam.: G<br /><br />\r\nConfeccionado em: <br />\r\n82% Poliamida<br />\r\n18% Elastano<br /><br />\r\nCalcinha, forro 100% algodão<br /><br />\r\nRecomendações: <br />\r\n- Lavar a mão<br />\r\n- Usar sabão neutro<br />\r\n- Secar a sombra', 0, NULL, 1, 8.00, 31.50, 42.00, '', ''),
	(425, 7, 0, '87617BGG', 'Espartilho', 'Espartilho em Tule Liso e Estampado - Garota Veneno', '2014-10-16 12:41:09', NULL, 1, 103, NULL, 1, 1, 0.20, NULL, 'TAMANHO: GG<br /><br />\r\nEspartilho em Tule Liso e Estampado, com bojo e ligas destacáveis. <br /><br />\r\nAcompanha calcinha fio. <br /><br />\r\nProduto de alta qualidade! <br /><br />\r\nCor: Sensuale<br /><br />\r\nTam.: GG<br /><br />\r\nConfeccionado em:<br />\r\n82% Poliamida<br />\r\n18% Elastano<br /><br />\r\nCalcinha, forro 100% algodão<br /><br />\r\nRecomendações: <br />\r\n- Lavar a mão<br />\r\n- Usar sabão neutro<br />\r\n- Secar a sombra', 0, NULL, 1, 7.00, 33.00, 48.00, '', ''),
	(426, 7, 0, '41314M', 'Fantasia', 'Fantasia de Major - Garota Veneno', '2014-10-16 14:37:49', NULL, 1, 85, NULL, 2, 1, 0.16, NULL, 'TAMANHO: M<br />\r\n<br />\r\nFantasia de Major.<br />\r\n<br />\r\nCom bojo, saia com renda.<br />\r\n<br />\r\nAcompanha Cap e calcinha fio.<br />\r\n<br />\r\nProduto de alta qualidade! <br />\r\n<br />\r\nConfeccionado: <br />\r\n<br />\r\n100% Poliamida<br />\r\n<br />\r\nCalcinha, forro 100% algodão<br />\r\n<br />\r\nImagem meramente ilustrativa. <br />\r\n<br />\r\nRecomendações: <br />\r\n- Lavar a mão<br />\r\n- Usar sabão neutro<br />\r\n- Secar a sombra', NULL, NULL, NULL, 7.00, 32.00, 16.00, NULL, NULL),
	(427, 7, 0, '41314G', 'Fantasia', 'Fantasia de Major - Garota Veneno', '2014-10-16 14:42:11', NULL, 1, 85, NULL, 1, 1, 0.17, NULL, 'TAMANHO: G<br />\r\n<br />\r\nFantasia de Major.<br />\r\n<br />\r\nCom bojo, saia com renda.<br />\r\n<br />\r\nAcompanha Cap e calcinha fio.<br />\r\n<br />\r\nProduto de alta qualidade! <br />\r\n<br />\r\nConfeccionado: <br />\r\n<br />\r\n100% Poliamida<br />\r\n<br />\r\nCalcinha, forro 100% algodão<br />\r\n<br />\r\nImagem meramente ilustrativa. <br />\r\n<br />\r\nRecomendações: <br />\r\n- Lavar a mão<br />\r\n- Usar sabão neutro<br />\r\n- Secar a sombra', NULL, NULL, NULL, 8.00, 35.00, 19.00, NULL, NULL),
	(428, 7, 0, '41314GG', 'Fantasia', 'Fantasia de Major - Garota Veneno', '2014-10-16 14:44:16', NULL, 1, 85, NULL, 2, 1, 0.18, NULL, 'TAMANHO: GG<br />\r\n<br />\r\nFantasia de Major.<br />\r\n<br />\r\nCom bojo, saia com renda.<br />\r\n<br />\r\nAcompanha Cap e calcinha fio.<br />\r\n<br />\r\nProduto de alta qualidade! <br />\r\n<br />\r\nConfeccionado: <br />\r\n<br />\r\n100% Poliamida<br />\r\n<br />\r\nCalcinha, forro 100% algodão<br />\r\n<br />\r\nImagem meramente ilustrativa. <br />\r\n<br />\r\nRecomendações: <br />\r\n- Lavar a mão<br />\r\n- Usar sabão neutro<br />\r\n- Secar a sombra', NULL, NULL, NULL, 8.00, 36.00, 19.00, NULL, NULL),
	(429, 7, 0, '84591AGG', 'Conjunto', 'Conjunto em Microfibra e Renda - Preto - Garota Veneno', '2014-10-16 15:02:37', NULL, 1, 73, NULL, 1, 1, 0.12, NULL, 'TAMANHO: GG<br />\r\n<br />\r\nConjunto em Microfibra e Renda, Sutien com base e alça trabalhada e calcinha com lateral com pregas. .<br />\r\n<br />\r\nUm produto de alta qualidade! .<br />\r\n<br />\r\nCor: Preto.<br />\r\n<br />\r\nTam.: GG.<br />\r\n<br />\r\nConfeccionado em: .<br />\r\n<br />\r\n82% Poliamida<br />\r\n18% Elastano<br />\r\n<br />\r\nRecomendações: .<br />\r\n<br />\r\n- Lavar a mão<br />\r\n- Usar sabão neutro<br />\r\n- Secar a sombra', NULL, NULL, NULL, 6.50, 39.00, 18.00, NULL, NULL),
	(430, 7, 0, '84596CM', 'Conjunto', 'Conjunto em Microfibra e Renda - Pink - Garota Veneno', '2014-10-16 15:18:29', NULL, 1, 61, NULL, 1, 1, 0.10, NULL, 'Conjunto em Microfibra e Renda, Sutien nadador e calcinha com lateral e costas dupla <br /><br />\r\nUm produto de alta qualidade! <br /><br />\r\nCor: Pink<br /><br />\r\nTam.: M<br /><br />\r\nConfeccionado em: <br /><br />\r\n82% Poliamida<br />\r\n18% Elastano<br /><br />\r\nCalcinha, forro 100% algodão<br /><br />\r\nRecomendações: <br /><br />\r\n- Lavar a mão<br />\r\n- Usar sabão neutro<br />\r\n- Secar a sombra', NULL, NULL, NULL, 5.00, 33.00, 16.00, NULL, NULL),
	(431, 7, 0, '84596CG', 'Conjunto', 'Conjunto em Microfibra e Renda - Pink - Garota Veneno', '2014-10-16 15:22:11', NULL, 1, 61, NULL, 0, 1, 0.11, 1, 'Conjunto em Microfibra e Renda, Sutien nadador e calcinha com lateral e costas dupla <br />\r\nUm produto de alta qualidade! <br />\r\nCor: Pink<br />\r\nTam.: G<br />\r\nConfeccionado em: <br />\r\n82% Poliamida<br />\r\n18% Elastano<br />\r\nCalcinha, forro 100% algodão<br />\r\nRecomendações: <br />\r\n- Lavar a mão<br />\r\n- Usar sabão neutro<br />\r\n- Secar a sombra<br />\r\n', 0, NULL, NULL, 5.00, 33.00, 16.00, '', ''),
	(432, 7, 0, '84596CGG', 'Conjunto', 'Conjunto em Microfibra e Renda - Pink - Garota Veneno', '2014-10-16 15:25:42', NULL, 1, 61, NULL, 1, 1, 0.12, NULL, 'Conjunto em Microfibra e Renda, Sutien nadador e calcinha com lateral e costas dupla <br /><br />\r\nUm produto de alta qualidade! <br /><br />\r\nCor: Pink<br /><br />\r\nTam.: GG<br /><br />\r\nConfeccionado em: <br /><br />\r\n82% Poliamida<br />\r\n18% Elastano<br /><br />\r\nCalcinha, forro 100% algodão<br /<br />\r\nRecomendações: <br /><br />\r\n- Lavar a mão<br />\r\n- Usar sabão neutro<br />\r\n- Secar a sombra', NULL, NULL, NULL, 5.50, 36.00, 22.00, NULL, NULL),
	(433, 7, 0, '84597AM', 'Conjunto', 'Conjunto em Microfibra e Renda - Castanho - Garota Veneno', '2014-10-16 15:36:14', NULL, 1, 73, NULL, 0, 1, 0.10, NULL, 'Conjunto em Microfibra e Renda, Sutiã com base, alça trabalhada e com calcinha cintura dupla.<br /><br />\r\nUm produto de alta qualidade! <br /><br />\r\nCor: Castanho<br /><br />\r\nTam.: M<br /><br />\r\nConfeccionado em: <br />\r\n82% Poliamida<br />\r\n18% Elastano<br /><br />\r\nCalcinha, forro 100% algodão<br /><br />\r\nRecomendações: <br />\r\n- Lavar a mão<br />\r\n- Usar sabão neutro<br />\r\n- Secar a sombra', 0, NULL, NULL, 7.00, 33.00, 17.00, '', ''),
	(434, 7, 0, '84597AGG', 'Conjunto', 'Conjunto em Microfibra e Renda - Castanho - Garota Veneno', '2014-10-16 15:41:24', NULL, 1, 73, NULL, 2, 1, 0.12, NULL, 'Conjunto em Microfibra e Renda, Sutien com base, alça trabalhada e com calcinha cintura dupla.<br /><br />\r\nUm produto de alta qualidade! <br /><br />\r\nCor: Castanho<br /><br />\r\nTam.: GG<br /><br />\r\nConfeccionado em: <br /><br />\r\n82% Poliamida<br />\r\n18% Elastano<br />\r\nCalcinha, forro 100% algodão<br /><br />\r\nRecomendações: <br /><br />\r\n- Lavar a mão<br />\r\n- Usar sabão neutro<br />\r\n- Secar a sombra<br />\r\n', NULL, NULL, NULL, 7.50, 37.00, 17.00, NULL, NULL),
	(435, 7, 0, '41293M', 'Fantasia', 'Fantasia de Delegada - Garota Veneno', '2014-10-16 16:01:58', NULL, 1, 112, NULL, 1, 1, 0.21, 1, 'TAMANHO: M<br /><br />\r\nFantasia de Delegada.<br /><br />\r\nComposto por maiô com fechamento fronal, Cap, Colar, Cinto, Sutien com bojo de amarrar.<br /><br />\r\nProduto de alta qualidade! <br /><br />\r\n“Imagem meramente ilustrativa”.<br /><br />\r\nTam.: M<br /><br />\r\nConfeccionado em: <br /><br />\r\n82% Poliamida <br /><br />\r\n18% Poliester<br /><br />\r\nRecomendações: <br /><br />\r\n- Lavar a mão<br /><br />\r\n- Usar sabão neutro<br /><br />\r\n- Secar a sombra', 0, NULL, NULL, 8.00, 29.00, 20.00, '', ''),
	(436, 7, 0, '41293G', 'Fantasia', 'Fantasia de Delegada - Garota Veneno', '2014-10-16 16:06:07', NULL, 1, 112, NULL, 1, 1, 0.21, NULL, 'TAMANHO: G<br /><br />\r\nFantasia de Delegada.<br /><br />\r\nComposto por maiô com fechamento fronal, Cap, Colar, Cinto, Sutien com bojo de amarrar.<br /><br />\r\nProduto de alta qualidade! <br /><br />\r\n“Imagem meramente ilustrativa”.<br /><br />\r\nTam.: G<br /><br />\r\nConfeccionado em: <br /><br />\r\n82% Poliamida <br /><br />\r\n18% Poliester<br /><br />\r\nRecomendações: <br /><br />\r\n- Lavar a mão<br /><br />\r\n- Usar sabão neutro<br /><br />\r\n- Secar a sombra', 0, NULL, NULL, 7.00, 34.00, 21.00, '', ''),
	(437, 7, 0, '41293GG', 'Fantasia', 'Fantasia de Delegada - Garota Veneno', '2014-10-16 16:08:17', NULL, 1, 112, NULL, 1, 1, 0.23, NULL, 'TAMANHO: GG<br /><br />\r\nFantasia de Delegada.<br /><br />\r\nComposto por maiô com fechamento fronal, Cap, Colar, Cinto, Sutien com bojo de amarrar.<br /><br />\r\nProduto de alta qualidade! <br /><br />\r\n“Imagem meramente ilustrativa”.<br /><br />\r\nTam.: GG<br /><br />\r\nConfeccionado em: <br /><br />\r\n82% Poliamida <br /><br />\r\n18% Poliester<br /><br />\r\nRecomendações: <br /><br />\r\n- Lavar a mão<br /><br />\r\n- Usar sabão neutro<br /><br />\r\n- Secar a sombra', 0, NULL, NULL, 7.50, 35.00, 20.00, '', ''),
	(438, 30, 0, '34HC279', 'Oriental Creme', 'Oriental Creme de Massagem - Hot Flowers', '2014-10-17 14:29:01', NULL, 1, 8.8, NULL, 1, 1, 0.01, NULL, 'O Creme Oriental Hot Flowers. Com toda tecnologia da cosmética oriental. <br />\r\n<br />\r\nEsquenta muito, e depois dá sensação de gelar, essa pomada é um show de sensações. <br />\r\nÉ um excitante unissex, aumenta o desejo sexual, provocando a sensação de aquecimento e refrescância. Produto 3 em 1.<br />\r\nNo Homem: Auxilia no prolongamento da ereção.<br />\r\nNa Mulher: Aumenta a circulação do clitóris, proporcionando mais prazer.<br />\r\nAnal: Retira o desconforto da penetração. <br />\r\n<br />\r\nAplique massageando suavemente e sinta uma sensação intensa e duradoura. <br />\r\nEmbalagem de 4g.<br />\r\n', 0, NULL, NULL, 3.00, 4.00, 4.00, '', ''),
	(439, 30, 0, '37HC284', 'Perfume', 'Perfume Homme - Hot Flowers', '2014-10-17 14:34:39', NULL, 1, 41.9, NULL, 3, 1, 0.12, NULL, 'Composto por fragrâncias provocantes. Permite o homem ser mais atraente, transmitir segurança, autodomínio e masculinidade, características admiradas pelas mulheres.<br /><br />\r\nNotas: Especiárias Aquáticas, Maça Verde, Almiscares, Cedro e Vetiver. <br /><br />\r\nEmbalagem 30 ml.<br /><br />\r\nFabricado: Hot Flowers', 0, NULL, NULL, 4.00, 4.00, 13.50, '', ''),
	(441, 30, 0, '37HC285', 'Perfume ', 'Perfume Femme - Hot Flowers', '2014-10-17 14:48:25', NULL, 1, 41.9, NULL, 3, 1, 0.12, NULL, 'Composto por fragrâncias provocantes. Permite à mulher ser envolvente, aumentando a feminilidade.<br /><br />\r\nNotas: Mandarim, Orquídeas Africanas, Damasco, Rosa e Violeta.<br /><br />\r\nEmbalagem: 30ml<br /><br />\r\nFabricado: Hot Flowers', 0, NULL, NULL, 3.50, 4.00, 13.50, '', ''),
	(442, 30, 0, '34HC305', 'Oriental Spray', 'Oriental Spray - Hot Flowers', '2014-10-17 14:59:53', NULL, 1, 12.2, NULL, 4, 1, 0.03, NULL, 'O Spray Oriental Hot Flowers. Com toda tecnologia da cosmética oriental. <br />\r\n<br />\r\nEsquenta muito, e depois dá sensação de gelar, esse spray é um show de sensações. <br />\r\nÉ um excitante unissex, aumenta o desejo sexual, provocando a sensação de aquecimento e refrescância. Produto 3 em 1.<br />\r\nNo Homem: Auxilia no prolongamento da ereção.<br />\r\nNa Mulher: Aumenta a circulação do clitóris, proporcionando mais prazer.<br />\r\nAnal: Retira o desconforto da penetração. <br />\r\n<br />\r\nAplique massageando suavemente e sinta uma sensação intensa e duradoura. <br />\r\n<br />\r\nEmbalagem de 12g.<br />\r\n', 0, NULL, NULL, 2.50, 2.50, 10.00, '', ''),
	(443, 30, 0, '39HC380', 'Refrescante Bucal', 'Spray Bucal Power Black Ice - Hot Flowers', '2014-10-17 15:07:26', NULL, 1, 15.6, NULL, 3, 1, 0.03, NULL, 'Proporciona um alto frescor com aroma proveniente da mistura dos óleos de canela, eucalipto e menta.<br />\r\nDesenvolvido com componentes seguros e específicos para garantir um hálito fresco e agradável por mais tempo. <br />\r\nPulverize na boca sempre que desejar.<br />\r\n<br />\r\nEmbalagem: 18ml<br />\r\n<br />\r\nFabricado: Hot Flowers', 0, NULL, NULL, 2.50, 2.50, 9.50, '', ''),
	(444, 30, 0, '34HC382', 'Óleo para Massagem', 'Óleo para Massagem Pimenta e Morango - Hot Flowers', '2014-10-17 15:18:40', NULL, 1, 17.6, NULL, 2, 1, 0.05, NULL, 'A massagem sempre foi utilizada como uma forma de relaxamento do parceiro e que de um tempo para cá deixou de ser apenas uma massagem relaxante para se tornar uma forma sensual de seduzir.<br />\r\nFoi com base nisto que a Hot Flowers, veio esquentar ainda mais a relação a dois trazendo o Óleo para Massagem Corporal. <br />\r\nFabricado com óleo natural de coco, que proporciona inúmeros benefícios, entre eles o relaxamento maior do corpo. Deixa a pele super macia e sensível ao toque dando um leve aquecimento, transformando o momento da massagem ainda mais gostoso.<br />\r\n<br />\r\nAroma: Pimenta com Morango, pode ser beijável, pois possui um gosto adocicado.<br />\r\n<br />\r\nEmbalagem: 40ml.<br />\r\n<br />\r\nComposição: Caprylic/ Capric Triglyceride, Tocopheryl Acetate, Aroma. Contém: Alpha – Isomethyl Ionone, Benzyl Salicylate, Butylphenyl, Methylpropional, Cinnamal, Citral, Coumarin, Eugenol, Limonene, Linalool.<br />\r\n<br />\r\nUso externo.<br />\r\n<br />\r\nFabricante: Hot Flowers ', 0, NULL, NULL, 5.00, 5.00, 6.50, '', ''),
	(445, 30, 0, '110HC431', 'Odorizador', 'Odorizador de Pétalas - Hot Flowers', '2014-10-17 15:30:05', NULL, 1, 13.6, NULL, 5, 2, 0.06, NULL, 'Possui fragrâncias especiais que perfumam o ambiente. Proporciona uma atmosfera mais prazerosa para sua noite romântica.<br />\r\n<br />\r\nPode ser usado para perfumar o ambiente ou para borrifar nas pétalas de rosa. <br />\r\n<br />\r\nFabricado: Hot Flowers', 0, NULL, NULL, 5.00, 5.00, 11.00, '', ''),
	(446, 30, 0, '312HC438', 'Sais de Banho', 'Trufa Sais de Banho Efervescente - Tentação - HotFlowers', '2014-10-17 15:40:14', NULL, 1, 32.5, NULL, 2, 1, 0.14, NULL, 'Trufa de Sais de Banho Efervescente Sensual Flowers - Tentação - Fusão de Flores cítricas, damasco, toranja e lirio do vale.<br /><br />\r\n<br />\r\nPara momentos de prazer e relaxamento<br /><br />\r\n<br />\r\ncombinados com amor e sensualidade.<br /><br />\r\nA Trufa Efervescente torna o banho de hidromassagem inesquecível,<br /><br />\r\npois efervesce, hidrata, perfuma, colorindo a espuma e a aguá.<br /><br />\r\nCom fragrâncias marcantes e agente hidratante que proporcionam na pele um toque aveludado.<br /><br />\r\n<br />\r\nEmbalagem de 115g<br />', 0, NULL, NULL, 8.00, 8.00, 5.50, '', ''),
	(447, 30, 0, '34HC440', 'Barra de Massagem', 'Barra de Massagem - Elegância - Hot Flowers', '2014-10-17 15:50:09', NULL, 1, 34.2, NULL, 2, 1, 0.14, 1, 'É um creme para massagem corporal no formato de barra. Possuem fragrâncias deliciosas, que além do cheiro delicioso, elas têm uma textura macia e sedosa, perfeita para a proposta de massagem. Super hidratante, a barra promove uma massagem suave e desestressante, deixando na pele uma agradável fragrância.<br />\r\n<br />\r\nEmbalagem de 100g.<br />\r\n<br />\r\nFabricado: Hot Flowers', 0, NULL, NULL, 8.00, 8.00, 5.50, '', ''),
	(448, 30, 0, '312HC420', 'Sabonete Liquido', 'Sabonete Liquido - Orquídea do Tahiti - Hot Flowers', '2014-10-17 15:58:32', NULL, 1, 24.1, NULL, 2, 1, 0.34, NULL, 'Inspirado pela essência das flores, proporciona um banho prazeroso e relaxante. Desenvolvido com produtos que não irritam a pele, possui pH neutro, deixam a pele suave, macia e com agradável perfume. Utilize na ducha ou na banheira. <br />\r\n<br />\r\nEmbalagem com 300 ml.<br />\r\n<br />\r\nFabricado: Hot Flowers', NULL, NULL, NULL, 8.00, 8.00, 14.00, NULL, NULL),
	(449, 30, 0, '110HC407', 'Desodorante Intimo ', 'Desodorante Intimo - Algodão - Hot Flowers', '2014-10-17 16:06:40', NULL, 1, 12.4, NULL, 2, 1, 0.05, NULL, 'Previna situações inesperadas e garanta a higiene da sua região íntima. Prático e compacto, pode ser carregado dentro da bolsa. Clinicamente testado, indicado para uso diário e adequado ao pH da região íntima, prevenindo possíveis odores.<br />\r\n<br />\r\nEmbalagem de 35 ml.<br />\r\n<br />\r\nFabricado: Hot Flowers', NULL, NULL, NULL, 4.00, 4.00, 11.50, NULL, NULL),
	(450, 30, 0, '32HC355', 'Calcinha Solúvel', 'Calcinha Solúvel - Morango - Comestível', '2014-10-17 16:23:05', NULL, 1, 24.1, NULL, 5, 2, 0.02, NULL, 'Calcinha - Morango<br /><br />\r\nA Calcinha comestível solúvel Degust proporciona mais fantasia, mais cor e mais aroma para sua relação.<br /><br />\r\nDissolve lentamente ao contato com a umidade e calor do corpo deixando um delicioso aroma.<br /><br />\r\nModo de Usar: Umedeça levemente a pele e coloque a calcinha.<br /><br />\r\nComposição: Sacarina Sódica, Gel de Aginato, Goma Chantana, Sorbitol, Glicol, Hidrometil, Celulose, Aromas e Corantes Naturais. <br /><br />\r\nNão Contém Nutrientes<br /><br />\r\nFabricante: HotFlowers<br /><br />\r\nGarantia: 3 meses<br /><br />\r\n', 0, NULL, NULL, 1.00, 13.00, 14.00, '', ''),
	(451, 30, 0, '32HC469', 'Calcinha Solúvel', 'Calcinha Solúvel - Morango com Champagne - Comestível', '2014-10-17 16:39:27', NULL, 1, 24.1, NULL, 5, 2, 0.02, NULL, 'Calcinha - Morango com Champagne<br />\r\n<br />\r\nA Calcinha comestível solúvel Degust proporciona mais fantasia, mais cor e mais aroma para sua relação.<br />\r\n<br />\r\nDissolve lentamente ao contato com a umidade e calor do corpo deixando um delicioso aroma.<br />\r\n<br />\r\nModo de Usar: Umedeça levemente a pele e coloque a calcinha.<br />\r\n<br />\r\nComposição: Sacarina Sódica, Gel de Aginato, Goma Chantana, Sorbitol, Glicol, Hidrometil, Celulose, Aromas e Corantes Naturais. <br />\r\n<br />\r\nNão Contém Nutrientes<br />\r\n<br />\r\nFabricante: HotFlowers<br />\r\n<br />\r\nGarantia: 3 meses', NULL, NULL, NULL, 0.50, 13.00, 14.00, NULL, NULL),
	(452, 30, 0, '37HC308', 'Perfume', 'Perfume Cafajeste - Hot Flowers', '2014-10-17 16:48:07', NULL, 1, 14.2, NULL, 5, 2, 0.03, NULL, 'Solte sua imaginação com estas deliciosas fragrâncias afrodisíaca. <br />\r\n<br />\r\nFragrância: Cítrico, Oriental e Amadeirado<br />\r\n<br />\r\nDica: Presentei um amigo.<br />\r\n <br />\r\nEmbalagem 7ml. <br />\r\n', 0, NULL, NULL, 3.00, 7.50, 10.50, '', ''),
	(453, 30, 0, '31HC413', 'Bolinhas Funcionais', 'Capsula Imperiass - Hot e Ice - Hot Flowers', '2014-10-17 17:05:03', NULL, 1, 9.1, NULL, 4, 2, 0.02, NULL, 'É um óleo que aumenta a sensibilidade, estimulando a circulação sanguínea da região e ao mesmo tempo remete à sensações de aquecimento e refrescância, aumentando o desejo do prazer.<br />\r\n<br />\r\nEmbalagem com 4g.', NULL, NULL, NULL, 3.50, 8.00, 10.50, NULL, NULL),
	(454, 30, 0, '31HC414', 'Bolinhas Funcionais', 'Capsula Imperiass - Ice - Hot Flowers', '2014-10-17 17:10:12', NULL, 1, 9.1, NULL, 4, 2, 0.02, NULL, 'Composto de óleo essencial de menta. Aumenta a sensibilidade e provoca a sensação de refrescância trazendo maior conforto nas relações.<br />\r\n<br />\r\nEmbalagem com 4g<br />\r\n', NULL, NULL, NULL, 3.50, 8.00, 10.50, NULL, NULL),
	(455, 30, 0, '31HC415', 'Bolinhas Funcionais', 'Capsula Imperiass - Deep Easy - Hot Flowers', '2014-10-17 17:24:08', NULL, 1, 9.1, NULL, 4, 2, 0.02, NULL, 'Com uma formulação que aumenta o conforto na região aplicada, tornando as relações mais prazerosas. Possui óleo essencial de cravo e de canela, favorecendo o aumento do apetite sexual e exitação.<br /><br />\r\n<br /><br />\r\nEmbalagem com 4g.', 0, NULL, NULL, 3.50, 8.00, 10.50, '', ''),
	(456, 30, 0, '31HC416', 'Bolinhas Funcionais', 'Capsula Imperiass - Hot - Hot Flowers', '2014-10-17 17:31:12', NULL, 1, 9.1, NULL, 4, 2, 0.02, NULL, 'Possui óleo essencial de cravo, que é um estimulante afrodisíaco. Age como estimulante da circulação e aquecedor, favorecendo o aumento do apetite sexual e a excitação.<br />\r\n<br />\r\nEmbalagem com 4g.', NULL, NULL, NULL, 3.50, 8.00, 10.50, NULL, NULL),
	(457, 30, 0, '83HT559', 'Calcinha', 'Calcinha Tanga Danadinha', '2014-10-23 09:00:01', NULL, 1, 15.2, NULL, 4, 2, 0.03, NULL, 'A Tanga Danadinha tem abertura frontal, linda com laços e bolinhas.<br />\r\nInove sua relação, crie momentos e surpreenda seu amor com algo diferente e excitante.<br />\r\nFabricante: Hot Flowers', 0, NULL, NULL, 3.00, 17.00, 29.00, '', ''),
	(458, 30, 0, '73HT562', 'Calcinha com Vibro', 'Tanga Se Te Pego Não Te Largo - Viber', '2014-10-23 09:35:10', NULL, 1, 69, NULL, 3, 1, 0.12, NULL, 'A Tanga Se Te Pego Não Te Largo moderna e sensual, com regulagem na cintura se adapta ao seu corpo.<br />\r\nAcompanha de um bullet vibrador, para deixar você e seu parceiro louco. Pode inovar dando o controle para ele comandar a relação<br />\r\n<br />\r\nContém:<br />\r\n1 Calcinha <br />\r\n1 Bullet Vibrador e Pilhas AA<br />\r\n<br />\r\nFabricado: Hot Flowers<br />\r\n<br />\r\n<br />\r\n', 0, NULL, NULL, 5.00, 15.00, 15.00, '', ''),
	(460, 30, 0, '22HZ394', 'Pétalas Aromáticas', 'Pétalas de Rosas - Vermelha - Contém 100 Pétalas', '2014-10-23 09:51:11', NULL, 1, 27.4, NULL, 5, 2, 0.04, NULL, 'Com Fragância afrodisíaca e no formato de pétalas de rosas, da um toque romântico àquele momento especial.<br />\r\nSão confeccionadas com material sintético, podendo ser lavadas e reutilizadas.<br />\r\n<br />\r\nDicas: Utilize na banheira<br />\r\n<br />\r\nPara intensificar a fragância, utilize também o Odorizador (encontre-o em acessórios / diversos)<br />\r\n<br />\r\n<br />\r\n', NULL, NULL, NULL, 4.00, 12.00, 18.50, NULL, NULL),
	(461, 30, 0, '43HL154B', 'Meia Renda', 'Meia Renda Branco 7/8', '2014-10-23 10:02:15', NULL, 1, 53.5, NULL, 3, 1, 0.06, NULL, 'Meia em renda Branco 7/8', NULL, NULL, NULL, 3.00, 12.50, 16.00, NULL, NULL),
	(462, 30, 0, '43HL151P', 'Meia Tule', 'Meia em Tule Bolinha Preto 7/8', '2014-10-23 10:07:23', NULL, 1, 59.7, NULL, 3, 1, 0.07, 1, 'Meia em Tule Bolinha Preta', 0, NULL, NULL, 3.00, 12.50, 16.00, '', ''),
	(463, 30, 0, '12HZ305', 'Bomba ', 'Bomba Peniana Manual', '2014-10-23 10:57:24', NULL, 1, 73.8, NULL, 1, 1, 0.29, NULL, 'A Bomba Peniana ativa a circulação sanguínea auxiliando no combate à disfunção erétil, o que na maioria das vezes, é ocasionado por problemas de circulação e má ereção. O desenvolvimento dos músculos está intimamente ligado ao aumento da vascularização e, com isso, o homem poderá alcançar uma ereção em um período mais curto de tempo.<br/><br />\r\nApós 90 dias de uso diário do produto, o resultado será um aumento de 2 a 3cm no comprimento e na largura do pênis.<br /><br />\r\nEste aumento pode varias de pessoa para pessoa.<br /><br />\r\nPara Maior Conforto Utilize Inti-Loob<br /><br />\r\nVeja também: Motor para bomba peniana em Acessórios / masculinos.', 0, NULL, NULL, 8.00, 18.00, 32.00, '', ''),
	(464, 30, 0, '12HZ319', 'Bomba', 'Bomba Peniana Elétrica - 110V', '2014-10-23 11:05:56', NULL, 1, 156.8, NULL, 1, 1, 0.70, NULL, 'A Bomba Peniana ativa a circulação sanguínea auxiliando no combate à disfunção erétil, o que na maioria das vezes, é ocasionado por problemas de circulação e má ereção. O desenvolvimento dos músculos está intimamente ligado ao aumento da vascularização e, com isso, o homem poderá alcançar uma ereção em um período mais curto de tempo.<br /><br />\r\nApós 90 dias de uso diário do produto, o resultado será um aumento de 2 a 3cm no comprimento e na largura do pênis.<br /><br />\r\nEste aumento pode varias de pessoa para pessoa.<br /><br />\r\nPara maior conforto utilize Inti-Loob.<br /><br />\r\nBomba com motor de 110V<br /><br />\r\nFabricado: Hot Flowers', 0, NULL, NULL, 9.00, 19.00, 37.00, '', ''),
	(465, 30, 0, '12HZ390', 'Motor Para Bomba', 'Motor Para Bomba Peniana / Clitoriana 220V', '2014-10-23 11:24:26', NULL, 1, 145.4, NULL, 1, 1, 0.46, NULL, 'Motor Bomba Peniana / Clitoriana facilita o processo sem ter o esforço manual.<br />\r\n<br />\r\nModelo: 220V<br />\r\n<br />\r\nFabricado: Hot Flowers', NULL, NULL, NULL, 7.00, 6.00, 13.00, NULL, NULL),
	(466, 30, 0, '11HZ461T', 'Bomba', 'Bomba Clitoriana Manual ', '2014-10-23 11:45:40', NULL, 1, 59.5, NULL, 1, 1, 0.11, NULL, 'A ausência de orgasmos pode ser causada por vários fatores, tais como: Pós-menopausa, diabetes, depressão, estresse, hipertensão, e demais problemas circulatórios que afetam a circulação sanguínea do clitóris. <br />\r\nQuando colocada sobre o clitóris faz uma sucção, aumenta a circulação sanguínea na região, a lubrificação vaginal e a sensibilidade, consequentemente o orgasmo.<br />\r\nE quem já tem um orgasmo normal poderá experimentar algo que nunca sentiu, basta praticar exercício diário.<br />\r\n<br />\r\nFabricado: Hot Flowers<br />\r\n<br />\r\nVer também: Motor para Bomba em Acessórios / Femininos', NULL, NULL, NULL, 7.00, 16.00, 28.00, NULL, NULL),
	(467, 30, 0, '11HZ452T', 'Bomba', 'Bomba Clitoriana Elétrica 220V', '2014-10-23 11:52:51', NULL, 1, 153.2, NULL, 1, 1, 0.53, NULL, 'A ausência de orgasmos pode ser causada por vários fatores, tais como: Pós-menopausa, diabetes, depressão, estresse, hipertensão, e demais problemas circulatórios que afetam a circulação sanguínea do clitóris. <br /><br />\r\nQuando colocada sobre o clitóris faz uma sucção, aumenta a circulação sanguínea na região, a lubrificação vaginal e a sensibilidade, consequentemente o orgasmo.<br /><br />\r\nE quem já tem um orgasmo normal poderá experimentar algo que nunca sentiu, basta praticar exercício diário.<br /><br />\r\nBomba com Motor 220V<br /><br />\r\nFabricado: Hot Flowers', 0, NULL, NULL, 9.00, 17.00, 27.00, '', ''),
	(468, 30, 0, '11HZ450T', 'Bomba', 'Bomba Clitoriana Elétrica 110V', '2014-10-23 11:56:13', NULL, 1, 145.4, NULL, 1, 1, 0.52, NULL, 'A ausência de orgasmos pode ser causada por vários fatores, tais como: Pós-menopausa, diabetes, depressão, estresse, hipertensão, e demais problemas circulatórios que afetam a circulação sanguínea do clitóris.<br />\r\nQuando colocada sobre o clitóris faz uma sucção, aumenta a circulação sanguínea na região, a lubrificação vaginal e a sensibilidade, consequentemente o orgasmo.<br />\r\nE quem já tem um orgasmo normal poderá experimentar algo que nunca sentiu, basta praticar exercício diário.<br />\r\n<br />\r\nBomba com Motor 110V<br />\r\n<br />\r\nFabricado: Hot Flowers', NULL, NULL, NULL, 8.50, 16.00, 27.00, NULL, NULL),
	(469, 30, 0, '53HP348NI', 'Prótese', 'Prótese Cyber Com Vibro Interno', '2014-10-23 12:10:24', NULL, 1, 61.4, NULL, 2, 1, 0.18, NULL, 'Prótese em sicilone cyber, textura macia, 12cm x 4cm, Próxima à pele humana.<br />\r\n<br />\r\nAcompanha pilhas AA<br />\r\n<br />\r\n', NULL, NULL, NULL, 9.00, 11.00, 22.00, NULL, NULL),
	(470, 30, 0, '73HZ578', 'Vibrador - Bullet', 'Vibrador do Prazer Bullet Premium Dourado', '2014-10-23 12:16:58', NULL, 1, 72.1, NULL, 5, 2, 0.14, NULL, 'O Bullet Premium traz um toque especial e sofisticado.<br />\r\nPode ser utilizado como estimulador, massageador ou vibrador.<br />\r\nCom controle de velocidades<br />\r\n<br />\r\nAcompanha pilhas AA<br />\r\n<br />\r\nFabricado: Hot Flowers', 0, NULL, NULL, 3.00, 13.00, 24.00, '', ''),
	(471, 30, 0, '73HZ579', 'Vibrador - Bullet', 'Vibrador do Prazer Bullet Premium Prata', '2014-10-23 12:21:41', NULL, 1, 72.1, NULL, 5, 2, 0.14, NULL, 'O Bullet Premium traz um toque especial e sofisticado.<br />\r\nPode ser utilizado como estimulador, massageador ou vibrador.<br />\r\nCom controle de velocidades<br />\r\n<br />\r\nAcompanha pilhas AA<br />\r\n<br />\r\nFabricado: Hot Flowers', 0, NULL, NULL, 3.00, 13.00, 24.00, '', ''),
	(472, 30, 0, '111HP333V', 'Plug Anal', 'Plug Anal 5 Ball Violeta - 14,5x2,3cm', '2014-10-23 12:27:26', NULL, 1, 22.4, NULL, 3, 1, 0.06, NULL, 'Plug para estímulo anal e vaginal, em silicone anti-alérgico.<br />\r\n<br />\r\nUsar com lubrificantes, ver em: (Cosméticos/Lubrificantes)<br />\r\n<br />\r\nFabricante: HotFlowers<br />\r\n', 0, NULL, NULL, 4.00, 12.00, 29.00, '', ''),
	(473, 30, 0, '110HZ358', 'Massageador ', 'Massageador em Acrilico', '2014-10-23 12:36:10', NULL, 1, 29.7, NULL, 3, 1, 0.12, NULL, 'Suas esferas de diferentes tamanhos e distâncias permitem massagear todo o corpo em um delicioso relaxamento. <br /><br />\r\nPara ser usado sobre a roupa, massageando as diversas partes do corpo, relaxando a musculatura e, sem a roupa, direto na pele.<br /><br />\r\nDicas: Usar com velas e óleos de massagem<br /><br />\r\nCores variadas<br /><br />\r\nFabricado: Hot Flowers', 0, NULL, NULL, 6.00, 14.00, 15.00, '', ''),
	(474, 30, 0, '52HP210VTN', 'Prótese', 'Prótese Cyber com Vértebra - Natural - 17x5cm', '2014-10-23 12:46:32', NULL, 1, 75.8, NULL, 2, 1, 0.33, NULL, 'A linha Cyber com vértebra articula permite curvar e dobrar a prótese.<br />\r\n<br />\r\n17cm x 5cm<br />\r\n<br />\r\nFabricado: Hot Flowers', NULL, NULL, NULL, 7.00, 14.00, 29.00, NULL, NULL),
	(475, 30, 0, '52HP240CGT', 'Prótese', 'Prótese Cyber Gel com Vértebra - Transparente - 18x4,5cm', '2014-10-23 12:53:42', NULL, 1, 70, NULL, 2, 1, 0.30, NULL, 'A prótese Cyber Gel com Vértebra articula, textura macia e acabamento transparente.<br />\r\n18cm x 4,5cm<br />\r\n<br />\r\nCor: Transparente<br />\r\n<br />\r\nFabricado: Hot Flowers', NULL, NULL, NULL, 8.00, 15.00, 30.00, NULL, NULL),
	(476, 30, 0, '52HP320CGT', 'Prótese', 'Prótese Cyber Gel com Vértebra - Transparente - 17x4cm', '2014-10-23 12:57:55', NULL, 1, 70, NULL, 2, 1, 0.26, NULL, 'A prótese Cyber Gel com Vértebra articula, textura macia e acabamento transparente.<br />\r\n17cm x 4cm<br />\r\n<br />\r\nCor: Transparente<br />\r\n<br />\r\nFabricado: Hot Flowers', NULL, NULL, NULL, 9.00, 15.00, 29.00, NULL, NULL),
	(477, 30, 0, '52HP324CGP', 'Prótese', 'Prótese Cyber Gel com Vértebra - Pink - 18x4cm', '2014-10-23 13:00:43', NULL, 1, 68, NULL, 0, 1, 0.26, NULL, 'A prótese Cyber Gel com Vértebra articula, textura macia e acabamento transparente.<br />\r\n18cm x 4cm<br />\r\n<br />\r\nCor: Pink<br />\r\n<br />\r\nFabricado: Hot Flowers', NULL, NULL, NULL, 8.00, 15.00, 29.00, NULL, NULL),
	(478, 8, 0, '110KIT10', 'Kit 50 Formas de Amar', 'Kit 50 Formas de Amar - 5 iténs', '2014-10-27 14:36:02', NULL, 1, 91.2, NULL, 3, 1, 0.41, 1, 'Cinquenta Formas de Amar<br /><br />\r\nEnvolva, provoque, entregue-se!<br /><br />\r\nO objetivo é satisfazer<br /><br />\r\nDescubra cinquenta formas de amar com esses cinco itens de tirar o fôlego. Crie situações, envolva seu amor numa aventura sensual a cada transa. Brinque com as opções sensoriais que a combinação possa resultar e sinta as reações a cada provocação. Entregue-se ao êxtase intenso desse desafio.<br /><br />\r\nPRODUTOS QUE COMPÕEM O KIT<br /><br />\r\nBOLINHA TAILANDEZA<br /><br />\r\nCHICOTE<br /><br />\r\nVENDA<br /><br />\r\nÓLEO BEIJÁVEL<br /><br />\r\nALGEMA EM METAL<br /><br />\r\nRestrições de Uso<br /><br />\r\n- Antes de utilizar consulte o seu médico ginecologista. Não nos responsabilizamos pelo mau uso do produto.<br /><br />\r\n- Pessoas alérgicas não devem usar o produto. Não use o produto em regiões com inflamações, inchaços ou lacerações.<br /><br />\r\nValidade: válido por prazo indeterminado<br /><br />\r\nComposição: Courvin, Metal e Plástico<br /><br />\r\nPRODUTO NÃO TÓXICO', 0, NULL, 1, 5.50, 22.00, 16.00, '', 'Fabricado por: ATLANTIS IND. E COM. DE ARTEFATOS PLÁSTICOS LTDA CNPJ 11.045.928/0001-09'),
	(479, 120, 0, '39CO271', 'Gel Comestível', 'Gel Comestível Eletrizante - Garganta Profunda - Morango', '2014-10-31 10:38:38', NULL, 1, 16.2, NULL, 4, 2, 0.03, NULL, 'Gel Aromatizado Comestível em Spray - Morango<br /><br />\r\nGarganta profunda Morango uniu pela primeira vez duas funções incríveis perfeitas para um sexo oral inesquecível:<br /><br />\r\nA refrescância de uma bala (ex.:Halls morango) e a sensação eletrizante única do Jambú.<br /><br />\r\nDeixa uma sensação muito refrescante na boca, que é repassada para os órgãos genitais.<br /><br />\r\nPara um resultado ainda melhor é recomendado também assoprar, pois a sensação fica mais acentuada. Ao mesmo tempo o efeito do Jambú entra em ação, dando uma sensação de formigamento deliciosa.<br /><br />\r\nPode ser usada para sexo oral homem/mulher, mulher/homem ou como sua imaginação mandar.<br /><br />\r\nUma outra vantagem é amenizar o gosto do “lubrificante natural” que sai do corpo, – homem ou mulher – tornando assim o sexo oral mais agradável e prazeroso.<br /><br />\r\nModo de usar: <br /><br />\r\nAplicar sobre o local desejado e saborear a vontade. PRODUTO COMESTÍVEL. <br /><br />\r\nIngredientes: <br /><br />\r\nGlicerina, Água, Extrato Natural De Jambu, Conservantes: Benzoato De Sódio (INS 211) e Sorbato De Potássio (INS 202), Aroma Idêntico Ao Natural de Morango e Menta. Não Contém Glúten. Aromatizado Artificialmente Orientação ao Consumidor: Manter em local seco, fresco e ao abrigo da Luz. Manter fora do alcance de crianças. Evite contato com os olhos. Em casos de antecedentes alérgicos, usar com precaução. Após aberto consumir em até 15 dias. Agite antes de Usar. PRODUTO SEM RISCOS E NÃO PERIGOSO. <br /><br />\r\nFabricado e Envazado por: <br /><br />\r\nClavi Hot CNPJ. 68.250.224/0001-95<br /><br />\r\nAutorização de Funcionamento Nº 601.032-7 DE 04/08/1999 (19)3481.6096.PRODUTO ISENTO DE REGISTRO CONFORME RDC ANVISA 27/2010.<br /><br />\r\nIndústria Brasileira.<br /><br />\r\nValidade: 1 ano<br /><br />\r\nINFORMAÇÃONUTRICIONAL <br /><br />\r\nPorçãode 1 ml<br /><br />\r\nValor energético - Zero Kcal - 08 KJ - (0% VD) <br /><br />\r\nNão contém quantidades significativas de Carboidratos, Proteínas, Gorduras totais, Gorduras saturadas, Gorduras trans, Fibra alimentar, Sódio.<br /><br />\r\n*Valores diários com base em uma dieta de 2.000 Kcal ou 8.400 kj. Seus valores diários podem ser maiores ou menores dependendo de suas necessidades energéticas.<br /><br />\r\nVídeo do lançamento:<br /><br />\r\nhttp://www.youtube.com/watch?v=DLi64Pf8MOM<br /><br /><br />\r\n', 0, NULL, NULL, 3.00, 3.00, 11.00, '', ''),
	(480, 8, 0, '312CO225', 'Sabonete Liquido Intimo', 'Sabonete Líquido Intimo Maça Verde', '2014-10-31 10:58:10', NULL, 1, 12.3, NULL, 4, 2, 0.23, NULL, 'Sabonete Líquido Íntimo - aroma maçã 200ml <br />\r\n<br />\r\nO Sabonete Líquido Maçã Verde Eva Cosméticos protege e cuida da sua área íntima deixando você com a sensação de frescor e bem estar prolongado. <br />\r\n<br />\r\nPara Higiênie diária, proteção, conforto e frescor - Enriquecido com Aloe Vera, Calênlua e Camomila. <br />\r\n<br />\r\nDermatologicamente e Ginecologicamente testados.<br />\r\n<br />\r\nModo de usar: Coloque uma pequena quantidade na palma da mão e aplique delicadamente na área íntima até obter uma espuma cremosa, Enxágue bem e repita se necessário.<br />\r\n<br />\r\nPrecauções: Aplicar somente nos órgãos genitais externos. Manter fora do alcance de crianças. Em caso de sensibilização, suspenda o uso. Em caso de contato com os olhos, enxágue abundantemente com água. Mantenha em local fresco e ao abrigo da luz.', NULL, NULL, NULL, 3.50, 7.00, 18.00, NULL, NULL),
	(481, 120, 0, '39CO272', 'Gel Comestível', 'Gel Comestível Eletrizante - Chiclet Shock', '2014-10-31 11:08:31', NULL, 1, 16.3, NULL, 8, 2, 0.03, NULL, 'Chiclet Shock - Gel Comestível Eletrizante - Sabor Chiclete - 15g<br />\r\nAgora suas festinhas particulares irão ficar muito mais divertidas e eletrizantes com Chiclet Shock. <br />\r\nEste inovador gel para sexo oral possui em sua formula extrato de Jambú que proporciona uma fantástica sensação eletrizante e ainda com sabor de Tutti Frutti deixa tudo mais saboroso para beijar.<br />\r\n<br />\r\nExperimente Agora!<br />\r\n<br />\r\nGel Vibrante Comestível para Sexo Oral (Sabor Chiclete)<br />\r\nContém: 15g<br />\r\n<br />\r\nAplicar sobre o local desejado e saborear a vontade. <br />\r\n<br />\r\nPRODUTO COMESTÍVEL. <br />\r\nApós aberto consumir em até 15 dias.<br />\r\n<br />\r\nIngredientes:<br />\r\nGlicerina, Aroma Natural De Jambu, Aroma Idêntico ao Natural de Tutti-Frutti, Corante Vermelho II e Vermelho IV.<br />\r\n<br />\r\nOrientação ao Consumidor:<br />\r\n<br />\r\nNão Contém Glúten. Colorido e Aromatizado Artificialmente. Manter em local seco, fresco e ao abrigo da luz. Manter fora do alcance de crianças. Evite contato com os olhos. Em casos de antecedentes alérgicos, usar com precaução.<br />\r\n<br />\r\n“Produto sem Risco e Não Perigoso”', NULL, NULL, NULL, 3.00, 3.00, 11.00, NULL, NULL),
	(482, 8, 0, '31CO218', 'Cápsulas', 'Cápsula Beijável - Chocolate', '2014-10-31 11:23:11', NULL, 1, 5.9, NULL, 4, 3, 0.02, NULL, 'Cápsula de Chocolate Beijável<br /><br />\r\nCápsulas de óleo corporal com sabor Chocolate.<br /><br />\r\nA cápsula de gelatina dissolve rapidamente em contato com o calor do corpo e não deixa resíduos.<br /><br />\r\nDados Técnicos:<br /><br />\r\nOrigem: Nacional Adão & Eva<br /><br />\r\nEmbalagem: Frasco acrílico<br /><br />\r\nMedidas: Contem 2 unidades de bolinha<br /><br />\r\nAroma: Chocolate (beijável)<br /><br />\r\nCor: Marron<br /><br />\r\nPrecauções: Manter em lugar fresco ao abrigo do calor e da luz intensa.<br /><br />\r\nComposição: Essência, Irgassan DP-300, Miristrato de isopropila e óleo mineral.<br /><br />\r\nValido 36 meses as data de fabricação.<br /><br />\r\nINDÚSTRIA BRASILEIRA<br /><br />\r\nRes. 343/05 Aut.Funcionamento 2-03676-2<br /><br />\r\nCRQ-IV 004350410', 0, NULL, NULL, 3.00, 3.00, 5.50, '', ''),
	(483, 48, 0, '13EVA971', 'Anel Vibratório', 'Anel Vibratório com Massageador Double Ding Ring', '2014-10-31 11:47:45', NULL, 1, 40.9, NULL, 3, 1, 0.08, NULL, 'Este Anel Vibratório Double Ding Ring enlouquece as mulheres, porque tem na cabeça uma cápsula vibratória de alta vibração com minimo de ruido que estimula o clitóris e em seu lado inferior tem um plug com mini vibrador para estimular o anus, à prova D\'água, desde que este anel em silicone esteja bem localizado na base do pênis do parceiro ou em vibrador personal. <br />\r\nE eles também ganham em vibração e simultaneamente podem segurar a ereção e retardar a ejaculação. <br />\r\nÉ reutilizável (não descartável)  desde que o cuidados com a higiene sejam observados como lavar antes e após o manuseio com água e sabão. <br />\r\nPode-se trocar as baterias. Modo de Usar: Antes de usá-lo, passe um pano úmido e limpe com sabonete antibactericida. <br />\r\nSeque com papel toalha descartável ou deixe secar naturalmente (para maior durabilidade do produto, este processo deve ser repetido após cada uso).', 0, NULL, 1, 5.50, 12.50, 20.00, '', ''),
	(484, 123, 0, '13PLAY14', 'Vibrador', 'Vibrador em Silicone Ultra potente - JUNTOS', '2014-10-31 12:03:41', NULL, 1, 81, NULL, 3, 1, 0.09, NULL, 'Um acessório fantástico que se ajusta a qualquer tamanho de pênis. Suas diferenciadas texturas estimulam todo canal vaginal durante a penetração.<br /><br />\r\nSeu bullet estimulador clitoriano é acionado por um único toque.<br /><br />\r\nIdeal para levar o sexo a um outro nível, este acessório mágico une os pares em uma emocionante descoberta sexual.<br /><br />\r\nÀ prova D\'água e sem fronteiras para o seu prazer. Também pode ser usado em qualquer modelo de vibrador, com seus anéis retarda e prolonga a ereção.<br /><br />\r\n', 0, NULL, 1, 6.50, 13.50, 21.00, '', ''),
	(485, 8, 0, '13AC063', 'Anel Peniano', 'Anel Peniano Massageador Mega Stretchy Fosforescente - Modelos Variados ', '2014-10-31 12:14:40', NULL, 1, 4.3, NULL, 3, 2, 0.02, NULL, 'Anel Massageador Mega Stretchy – FOSFORESCENTE<br />\r\n<br />\r\nAnel peniano em silicone de alta qualidade e que por isso  se ajusta a qualquer tamanho de pênis. Além de prolongar a ereção e retardar a ejaculação, estimula a vulva durante a penetração quando colocado na base do pênis ou de um vibrador personal. Este brilha no escuro, tornando a relação muito mais divertida. Basta expor o produto por 10 segundos à luz antes de apagá-la e partir para a ação.<br />\r\n<br />\r\nEmbalagem com 1 unidade<br />\r\n<br />\r\nModelos Variados ', 0, NULL, NULL, 4.00, 11.00, 15.00, '', ''),
	(486, 30, 0, '312HC436', 'Sais de Banho', 'Trufa Sais de Banho Efervescente - Morango com Champagne - Hot Flowers', '2014-11-11 18:24:38', NULL, 1, 32.5, NULL, 1, 1, 0.14, NULL, 'Trufa de Sais de Banho Efervescente Sensual Flowers - Morango com Champagne - <br /><br />\r\nPara momentos de prazer e relaxamento<br /><br />\r\ncombinados com amor e sensualidade.<br /><br />\r\nA Trufa Efervescente torna o banho de hidromassagem inesquecível,<br /><br />\r\npois efervesce, hidrata, perfuma, colorindo a espuma e a aguá.<br /><br />\r\nCom fragrâncias marcantes e agente hidratante que proporcionam na pele um toque aveludado.<br /><br />\r\nEmbalagem de 115g', 0, NULL, NULL, 8.00, 8.00, 5.50, '', ''),
	(487, 121, 0, '3600249', 'Lubrificante', 'Lubrificante Lubrigel Neutro - Sachê - Carbogel', '2014-12-03 15:03:19', NULL, 1, 1, NULL, 4, 2, 0.07, NULL, 'Sache Lubrificante Lubrigel Íntimo neutro a base de água. Unissex. Pode ser usado com preservativos, não causa reações alérgicas e em contato com vestimentas e lençóis, não provoca manchas.<br />\r\n<br />\r\nContém 5gr.<br />\r\n<br />\r\nComposição: Polímero carboxivinílico, conservante, trietanolamina, propilenoglicol e água purificada.<br />\r\n<br />\r\nArmazenar em local fresco, seco e protegido da luz.<br />\r\n<br />\r\nManter fora do alcance de crianças.', 0, NULL, NULL, 0.50, 6.00, 6.00, '', 'Fabricado: Carbogel Industria e Comércio Ltda<br /><br />\r\nIndústria Brasileira<br /><br />\r\n<br /><br />\r\nValidade de 3 anos da data de fabricação indicada na embalagem.'),
	(488, 38, 0, '3602630', 'Lubrificante', 'Lubrificante Neutro K Gel', '2014-12-03 15:13:37', NULL, 1, 17.3, NULL, 3, 2, 0.09, NULL, 'Kgel é um gel umectante e hidratante corporal. Tem água como base, o que promove uma lubrificação discreta e segura.<br />\r\n<br />\r\nNão gorduroso, solúvel em água.<br />\r\n<br />\r\nModo de Usar: Aplique no local onde deseja ser lubrificado.<br />\r\n<br />\r\nPrecauções: Abrir somente na hora do uso, Manter fora do alcance de crianças. Conservar em local arejado e protegido da luz solar. Em caso de irritação suspender o uso do produto e procurar orientação médica.<br />\r\n<br />\r\nComposição: água purificada, glycerin, cellsize, OP 52000PI, metilparabeno e probiparabeno.<br />\r\n<br />\r\nEmbalagem: 60g.<br />\r\n', 0, NULL, NULL, 12.00, 4.50, 4.50, '', 'Fabricado:<br /><br /><br />\r\nMaredifiori Ind. e Com. de Cosméticos Ltda<br /><br /><br />\r\nIndustria Brasileira'),
	(489, 16, 0, '3303760', 'Bala', 'Bala Efervescente Boka Boom 2gr ', '2014-12-03 15:44:26', NULL, 1, 0.8, NULL, 49, 5, 0.01, NULL, 'Bala Efervescente Boka Boom deliciosa sensação de explosões em sua boca, proporcionando momentos inesquecíveis a você e seu parceiro(a), adquira já a sua.<br />\r\n<br />\r\nSugestões De Clientes: Ótimo para Sexo Oral e Incrível para Beijos!<br />\r\n<br />\r\nContém: 02 gramas<br />\r\n<br />\r\nObs: Sem opção de sabor  (Maça/Morango) <br />\r\n', 0, NULL, NULL, 0.50, 3.00, 11.00, '', 'Informações relevantes:<br /><br /><br />\r\n<br /><br /><br />\r\nIngredientes:<br /><br /><br />\r\nAçúcar, Xarope de Milho, Lactose, Acidulante: <br /><br /><br />\r\n<br /><br /><br />\r\nInformações Nutricional<br /><br /><br />\r\nPorção 2g ( 1 envelope)<br /><br /><br />\r\nValor Calórico: 6,8Kcal=29kj / VD 0%<br /><br /><br />\r\nCarboidratos: 0g / VD 0%<br /><br /><br />\r\nProteínas: 0g / VD 0%<br /><br /><br />\r\nSódio:0 mg / VD 0%<br /><br /><br />\r\n<br /><br /><br />\r\nNão contém quantidade significativa: Gordura totais, gorduras saturadas, gordura trans e fibra alimentar.<br /><br /><br />\r\n<br /><br /><br />\r\nImp. E Distr. Por All Alimentos<br /><br /><br />\r\nFabricado no China<br /><br /><br />\r\n<br /><br /><br />\r\nDemais informações na embalagem.<br /><br /><br />\r\n<br /><br /><br />\r\n'),
	(490, 49, 0, '2200865', 'Kit', 'Kit Sexy Love - Pau Brasil - 5 itens', '2014-12-03 15:52:48', NULL, 1, 27.1, NULL, 2, 1, 0.10, 1, 'Kit Sexy Love Pau Brasil é composto pelos seguintes ítens:<br />\r\n<br />\r\n1 jogo<br />\r\n1 Calcinha<br />\r\n1 Bolinha<br />\r\n1 Anel peniano <br />\r\n1 Gel aromatizante comestível.<br />\r\n<br />\r\nAlgumas das embalagens podem sofrer alterações pelo fornecedor, sem haver tempo hábil para ser atualizado em nosso site, porém, garantimos que as características do produto (quantidade, peso, matéria prima e funções) não serão alteradas.<br />\r\n', 0, NULL, NULL, 5.00, 16.50, 15.00, '', ''),
	(491, 50, 0, '2201191', 'Pelúcia', 'Pelúcia Arara Azul com Protese', '2014-12-03 16:09:22', NULL, 1, 77.2, NULL, 2, 1, 0.37, NULL, 'Pelúcia Arara com Prótese Universo da Pelúcia feito em pelúcia macia, com zíper e cadeado com chaves, para guardar próteses e outros acessórios.<br />\r\n<br />\r\nMedida da Pelúcia 24x18cm, aproximadamente.<br />\r\n<br />\r\nOBS: Acompanha um pênis feito em látex atóxico, macio e flexível em tamanhos diferenciados.<br />\r\n<br />\r\nImagem meramente ilustrativa.<br />\r\n', 0, NULL, NULL, 9.00, 30.00, 30.00, '', ''),
	(492, 50, 0, '2201183', 'Pelúcia', 'Pelúcia Coelho com Protese', '2014-12-03 16:17:42', NULL, 1, 81, NULL, 1, 1, 0.42, NULL, 'Pelúcia Coelho com Prótese, Universo da Pelúcia feito em pelúcia macia com zíper e cadeado com chaves para guardar próteses e outros acessórios.<br />\r\n<br />\r\nMedidas da Pelúcia 24x18cm aproximadamente .<br />\r\n<br />\r\nOBS: Acompanha um pênis feito em látex atóxico, macio e flexível em tamanhos diferenciados.<br />\r\n<br />\r\nImagem meramente ilustrativa<br />\r\n', NULL, NULL, NULL, 10.00, 30.00, 30.00, NULL, NULL),
	(493, 51, 0, '73BIG12', 'Vibrador', 'Vibrador em Formato de Cápsula - ONYÉ FLEUR VIBROMASSEUR - Vermelho ', '2014-12-08 11:19:49', NULL, 1, 68.8, NULL, 3, 1, 0.16, NULL, 'A celebração entre a beleza e a sensualidade nasceu uma nova forma de prazer muito mais satisfatória e romântica. Onyé Flower é a forma da natureza mais agressiva e excitante, nas suas mãos ao seu inteiro dispor. <br />\r\nOnyé Flower Red possui 3 (três) estágios de vibração do suave ao mais intenso. A prova de água amplia seu leque de uso e de realização de fantasias e fetiches. <br />\r\nConfeccionado em material com toque macio e agradável. Com textura antiderrapante permite uma pegada firme durante o manuseio.<br />\r\nProduto com altíssima qualidade levando em consideração prazer e segurança.<br />\r\nAprecie o design floral através dos contornos cilíndricos capazes de propiciar as mais diversas sensações de prazer.<br />\r\nOferecendo três modos requintados de vibração.<br />\r\nOnye Fleur tem uma faixa antiderrapante para uma fixação segura e nossa arte é impressa com um processo especial que não vai permitir que ele risque ou descasque com o tempo.<br />\r\nComo todos os produtos Big Teaze Brinquedos não contém látex, ftalatos, chumbo ou metais pesados.<br />\r\nRequer 3 pilhas AAA (não incluídas). <br />\r\n <br />\r\nAcompanha estojo de viagem.<br />\r\n <br />\r\nModo de Usar: <br />\r\n•         Antes de usá-lo pela primeira vez, passe um pano úmido e limpe com sabonete anti-bactericida, enxágüe-o bem. <br />\r\n•         Evite o contato da água com o compartimento das pilhas. <br />\r\n•         Seque com papel toalha descartável ou deixe secar naturalmente (para maior durabilidade do produto, este processo deve ser repetido após cada uso). <br />\r\n•         Abra a tampa do compartimento pilhas, coloque 3 pilhas AAA novas (não inclusas). Feche a tampa. Pressione o botão localizado na ponteira do vibrador para ligar ou desligar.<br />\r\nRestrições de Uso<br />\r\n•         Não nos responsabilizamos pelo mau uso do produto.<br />\r\n•         Pessoas alérgicas não devem usar o produto. <br />\r\n•         Não use o produto em regiões com inflamações, inchaços ou lacerações.<br />\r\n <br />\r\nContém: Um vibrador<br />\r\nCor: Vermelho<br />\r\nComposição: PS<br />\r\nTamanho: 11,8cm x 3cm x 3cm<br />\r\nEmbalagem: Blister<br />\r\nPais de Origem: EUA (Big Teaze Toys)<br />\r\n<br />\r\nACESSÓRIO PARA USO DE ADULTOS – PROIBIDO PARA MENORES DE 18 ANOS – PRODUTO NÃO TÓXICO<br />\r\n', NULL, NULL, 1, 6.00, 13.00, 18.50, NULL, 'Pais de Origem: EUA (Big Teaze Toys)<br />\r\nComo todos os produtos Big Teaze Brinquedos não contém látex, ftalatos, chumbo ou metais pesados.<br />\r\nRequer 3 pilhas AAA (não incluídas).<br />\r\n'),
	(494, 129, 0, '73EVA942', 'Vibrador', 'Vibrador Softh Touch Novo Boca Loka - Rosa - 10cm', '2014-12-08 11:35:00', NULL, 1, 46.5, NULL, 3, 1, 0.08, NULL, 'Pequeno para todas as horas. <br />\r\n <br />\r\nEste minivibrador é prático e muito discreto. Pequeno, ele cabe na bolsa para oportunidades surpreendentes de prazer. <br />\r\nDelicado, ele é revestido em soft touch, sofisticado material com textura aveludada, e vibra em multivelocidade para toques mais sutis e instigantes.<br />\r\nConceito:<br />\r\nEste de produto sensual foi desenvolvida especialmente para a mulher brasileira. Sua sensualidade à flor da pele com um certo charme delicado merece acessórios e cosméticos com toque mais sofisticado e aveludado. Práticos e discretos cabem dentro da bolsa para momentos inesquecíveis. Homenageando o doce balanço dos quadris de rebolado tropical.<br />\r\n', NULL, NULL, NULL, 3.00, 10.00, 18.50, NULL, 'Acessório Para Uso de Adultos – Proibido para Menores de 18 Anos – Produto não Tóxico<br />\r\n<br />\r\nImportado por Coliseu Comercial Importadora Ltda<br />\r\nFabricado na China<br />\r\n'),
	(495, 52, 0, '11MAS09', 'Massageador', 'Mini Abelha Mágica - Rosa', '2014-12-08 11:47:15', NULL, 1, 39.6, NULL, 3, 1, 0.09, NULL, 'Mais do que bonitinha, está Abelhinha Mágica foi especialmente desenvolvida para mulheres que buscam expandir suas sensações e fantasias. Discreto esse acessório único de prazer pode ser usado em qualquer lugar e nas mais inusitadas situações, ou ainda pode ser usado para brincadeiras a dois. Entregue o controle remoto nas mãos do seu parceiro e deixe que ele controle a intensidade da vibração.<br />\r\nA Abelhinha mágica encaixa confortavelmente e se ajusta ao redor das suas pernas com suas alças elásticas ajustáveis.<br />\r\nTransforme seu dia comum em um dia muito especial com a Abelhinha Mágica!<br />\r\n <br />\r\nRestrições de Uso: Antes de utilizar consulte o seu médico ginecologista. Não nos responsabilizamos pelo mau uso do produto.<br />\r\n<br />\r\nModo de Usar: Antes de usá-lo pela primeira vez, passe um pano umido e limpe com sabonete antibactericida. Evite o contato da água com o vibrador e com o compartimento das pilhas. Seque com papel toalha descartável ou deixe secar naturalmente (para maior durabilidade do produto, este processo deve ser repetido após cada uso).<br />\r\nAbra a tampa controle do produto, Coloque 2 pilhas AA alcalinas novas (não inclusas). Feche a tampa. Gire o botão redondo no sentido horário para ligar, aumentar e controlar a intensidade da vibração.<br />\r\n<br />\r\nTamanho:  <br />\r\nAltura 6,5cm<br />\r\nLargura: 9,5cm<br />\r\nProfundidade: 2cm<br />\r\n<br />\r\nCor: Rosa<br />\r\nComposição: Elastomero, ABS (vibrador) e Elastano<br />\r\nVálido por prazo indeterminado.<br />\r\n<br />\r\nProduto para maiores de 18 anos.<br />\r\n<br />\r\nFaça Sexo seguro, use preservativo.<br />\r\n<br />\r\nVídeo:<br />\r\nhttps://www.youtube.com/watch?v=-U8dYEVsGow&feature=player_embedded<br />\r\n', NULL, NULL, NULL, 5.00, 12.00, 14.50, NULL, 'Fabricado por : ATLANTIS INDUSTRIA E COMERCIO DE ARTEFATOS PLASTICOS LTDA EPP<br />\r\nCNPJ. 11.423.788/0001-65<br />\r\n'),
	(496, 120, 0, '110SHE01', 'Dedeira', 'SheAgra - Estimulador Feminino - Dedeira Descartável', '2014-12-08 12:13:56', NULL, 1, 20.1, NULL, 5, 1, 0.05, NULL, 'Para Mulheres que querem mais.<br />\r\nSHE´AGRA é um produto desenvolvido em forma de dedeira com texturas que maximizam a estimulação, a lubrificação e o orgasmo feminino durante a masturbação ou ato sexual.<br />\r\nDiscreto e hipoalergênico,o SHE AGRA é um produto desenvolvido em forma de dedeira descartável com texturas que maximizam a estimulação, a lubrificação e o orgasmo feminino durante a masturbação ou ato sexual.<br />\r\nA caixa vem com 3 unidades e um lubrificante Sexy Hot.<br />\r\nModo de Usar:<br />\r\nColoque uma pequena quantidade de Lubrificante a base de água (Incluso) dentro do estimulador, introduza o dedo e massageie o clítoris.<br />\r\n<br />\r\nVídeo:<br />\r\nhttp://www.youtube.com/watch?feature=player_embedded&v=Id4FQMdbryY<br />\r\n', 0, NULL, 1, 3.00, 5.00, 12.00, '', 'Cuidados: Não compartilhe deste produto com outros parceiros.<br /><br /><br />\r\nAconselhável o uso lubrificantes.<br /><br /><br />\r\nMedidas: 4x2 cm (Super flexível)<br /><br /><br />\r\nOrigem: Adão & Eva (Fabricante)<br /><br /><br />\r\nCor: Diversas<br /><br /><br />\r\nMaterial: Silicone flexível<br /><br /><br />\r\nEmbalagem: Caixa<br /><br /><br />\r\n'),
	(497, 8, 0, '11MAS14', 'Borboleta Magica', 'Mini Borboleta Mágica - Lilás', '2014-12-08 12:26:52', NULL, 1, 39.6, NULL, 3, 1, 0.09, NULL, 'A Borboleta Mágica foi desenvolvida especialmente para mulheres que querem expandir suas sensações e fantasias.<br />\r\nEsse dispositivo único de prazer pode ser usado em qualquer lugar e nas mais inusitadas situações, proporcionando máxima liberdade de uso mesmo em público com total discrição, ou ainda para ser usado a dois. Entregue o controle remoto nas mãos do seu parceiro e deixe que ele controle a intensidade da vibração.<br />\r\nA borboleta mágica encaixa confortavelmente e se ajusta ao redor das suas pernas com suas alças elásticas ajustáveis.<br />\r\nTransforme seu dia comum em um dia muito especial com a Borboleta Mágica!<br />\r\n<br />\r\nRestrições de Uso: Antes de utilizar consulte o seu médico ginecologista. Não nos responsabilizamos pelo mau uso do produto.<br />\r\n<br />\r\nModo de Usar: Antes de usá-lo pela primeira vez, passe um pano umido e limpe com sabonete antibactericida. Evite o contato da água com o vibrador e com o compartimento das pilhas. Seque com papel toalha descartável ou deixe secar naturalmente (para maior durabilidade do produto, este processo deve ser repetido após cada uso).<br />\r\nAbra a tampa controle do produto, Coloque 2 pilhas AA alcalinas novas (não inclusas). Feche a tampa. Gire o botão redondo no sentido horário para ligar, aumentar e controlar a intensidade da vibração.<br />\r\n<br />\r\nTamanho:  <br />\r\nAltura 6,5cm<br />\r\nLargura: 6,5cm<br />\r\nProfundidade: 2cm<br />\r\n<br />\r\nCor: Lilás<br />\r\nComposição: Elastomero, ABS (vibrador) e Elastano<br />\r\nVálido por prazo indeterminado.<br />\r\n<br />\r\nProduto para maiores de 18 anos.<br />\r\n<br />\r\nFaça Sexo seguro, use preservativo.<br />\r\n<br />\r\nVídeo:<br />\r\nhttps://www.youtube.com/watch?v=-U8dYEVsGow&feature=player_embedded<br />\r\n', NULL, NULL, NULL, 5.00, 12.00, 14.50, NULL, 'Fabricado por : ATLANTIS INDUSTRIA E COMERCIO DE ARTEFATOS PLASTICOS LTDA EPP<br />\r\nCNPJ. 11.423.788/0001-65<br />\r\n'),
	(498, 8, 0, '110AC066', 'Dedeira', 'Dedeiras – Jogo com 2un. - Massageador em Silicone ', '2014-12-08 12:45:25', NULL, 1, 12, NULL, 5, 1, 0.04, NULL, 'Contém 2 dedeiras massageadoras em silicone, um par de capas para dedo para massagem das zonas erógenas, vagina e  clitoris. Cada uma tem um relevo estimulador diferente e suas pontas massageadoras promovem maior prazer ao toque.<br />\r\nDiversas cores sem opção de escolha.<br />\r\nCuidados: Lavar antes e após o manuseio com água e sabão neutro. Não compartilhe deste produto com outros parceiros.<br />\r\nAconselhável o uso lubrificantes.<br />\r\nMedidas: 7,5x2,6 cm (Super flexível)<br />\r\nOrigem: Nacional <br />\r\nCor: Diversas<br />\r\nMaterial: Gel Vinílico<br />\r\nEmbalagem: Blister PET<br />\r\n<br />\r\nVídeo:<br />\r\nhttp://www.youtube.com/watch?feature=player_embedded&v=m_-ieKopGzY<br />\r\n<br />\r\n', NULL, NULL, NULL, 4.00, 9.00, 14.00, NULL, 'Fabricante: Adão & Eva'),
	(499, 8, 0, '53ABA03A', 'Protese', 'Prótese com Vibro em Gel - Aroma Abacaxi - 18,5 x 4,5cm ', '2014-12-08 15:55:10', NULL, 1, 49.8, NULL, 3, 1, 0.32, NULL, 'Prótese em formato de pênis com 18,5 cm de comprimento e 4,5 cm de diâmetro para penetração vaginal ou anal. Em PVC atóxico translúcido (gel) aromatizado com sabor de Abacaxi.<br />\r\nUtiliza 2 Pilhas AA (não inclusas)<br />\r\nAjuste para multi-Velocidade<br />\r\nCuidados: Lavar antes e após o manuseio com água e sabão neutro ou Higienize com Higienizador de Brinquedo. <br />\r\nNão compartilhe deste produto com outros parceiros.<br />\r\nOrigem: Nacional <br />\r\nTamanho: 18,5 x 4,5 cm<br />\r\nCor: Amarelo Translucido<br />\r\nAroma: Abacaxi<br />\r\nMaterial: PVC Gel Atóxico<br />\r\nEmbalagem: Blister PET<br />\r\nVídeo:<br />\r\nhttps://www.youtube.com/watch?v=gkDS2ZUqT4Y&feature=player_embedded<br />\r\n', 0, NULL, NULL, 8.00, 17.50, 30.50, '', 'Fabricação: Adão e Eva'),
	(500, 8, 0, '53ADAO39', 'Protese', 'Prótese com Escroto, Ventosa e Vibro Controle - Kong', '2014-12-08 16:10:47', NULL, 1, 55, NULL, 2, 1, 0.48, NULL, 'Prótese Kong com Escroto, Ventosa e Vibro Controle, em PVC - 19,5x5,5 cm.<br />\r\nPara aqueles que desejam forte e potente penetração anal ou vaginal, a Prótese Kong com vibrador multivelocidade acionado por controle remoto de fio, em formato de pênis 19,5 cm de comprimento e 5,5 cm de diâmetro com escroto e texturas em veias, fixa perfeitamente em ângulo reto com a ventosa. <br />\r\nEm PVC atóxico é de fácil higienização.<br />\r\nAs próteses com escroto, vibrador e Ventosa são completas em funcionalidade e prazer, já que reúnem num único produto as 3 melhores qualidades de próteses realísticas. As próteses com a sua vantagem de se parecer com partes do corpo, aliadas ao poder de um vibrador proporcionam um novo prazer: misto de realidade e tecnologia.<br />\r\nUtiliza 2 Pilhas AA (Não Inclusas)<br />\r\n<br />\r\nControle com fio, para ajuste para multi-Velocidade<br />\r\nCuidados: Lavar antes e após o manuseio com água e sabão neutro ou com Higienizador de Brinquedo (Toy Cleaner).<br />\r\nNão compartilhe deste produto com outros parceiros.<br />\r\n<br />\r\nOrigem: Nacional <br />\r\nTamanho: 19 x 5,5 cm<br />\r\nCor: Pele<br />\r\nMaterial: PVC Atóxico<br />\r\nEmbalagem: Blister PET<br />\r\nVídeo:<br />\r\nhttps://www.youtube.com/watch?v=gkDS2ZUqT4Y&feature=player_embedded<br />\r\n', NULL, NULL, NULL, 9.00, 17.50, 31.00, NULL, 'Fabricante: Adão e Eva'),
	(501, 8, 0, '53UVA02A', 'Protese', 'Prótese com Vibro em Gel - Aroma Uva - 16x4cm ', '2014-12-08 16:21:48', NULL, 1, 41.6, NULL, 2, 1, 0.27, NULL, 'Prótese com vibro em formato de pênis com 16cm de comprimento e 4cm de diâmetro para penetração vaginal ou anal. Em PVC atóxico translúcido (gel) aromatizado com sabor de Uva.<br />\r\nUtiliza 2 Pilhas AA<br />\r\nNão acompanha pilha.<br />\r\nAjuste para multi-Velocidade<br />\r\nCuidados: Lavar antes e após o manuseio com água e sabão neutro ou com Higienizador de Brinquedo (TOY CLEANER).<br />\r\n <br />\r\nNão compartilhe deste produto com outros parceiros.<br />\r\n<br />\r\nOrigem: Nacional <br />\r\nTamanho: 16 x 4 cm<br />\r\nCor: Lilás Translucido<br />\r\nAroma: Uva<br />\r\nMaterial: PVC Gel Atóxico<br />\r\nEmbalagem: Blister PET<br />\r\nVídeo:<br />\r\nhttps://www.youtube.com/watch?v=gkDS2ZUqT4Y&feature=player_embedded<br />\r\n', 0, NULL, NULL, 8.00, 17.50, 30.50, '', 'Fabricante: Adão e Eva'),
	(502, 8, 0, '53HOR01A', 'Protese', 'Prótese com Vibro em Gel - Aroma Hortelã  - 14,5x4cm', '2014-12-08 16:33:23', NULL, 1, 39.6, NULL, 3, 1, 0.24, NULL, 'Prótese em formato de pênis com 14,5cm de comprimento e 4cm de diâmetro para penetração vaginal ou anal. Em PVC atóxico translúcido (gel) aromatizado com sabor Hortelã.<br />\r\nUtiliza 2 Pilhas AA<br />\r\nNão acompanha pilha.<br />\r\nAjuste para multi-Velocidade<br />\r\nCuidados: Lavar antes e após o manuseio com água e sabão neutro ou com Higienizador de brinquedos (TOY CLEANER)<br />\r\nNão compartilhe deste produto com outros parceiros.<br />\r\n<br />\r\nOrigem: Nacional <br />\r\nTamanho: 14,5 x 4 cm<br />\r\nCor: Verde Translucido<br />\r\nAroma: Hortelã<br />\r\nMaterial: PVC Gel Atóxico<br />\r\nEmbalagem: Blister PET<br />\r\nVídeo:<br />\r\nhttps://www.youtube.com/watch?v=gkDS2ZUqT4Y&feature=player_embedded<br />\r\n', NULL, NULL, NULL, 8.00, 17.50, 30.50, NULL, 'Fabricante: Adão e Eva'),
	(503, 8, 0, '111AC068', 'Plug Anal', 'Plug Alien Lilás com 18cm ', '2014-12-08 16:46:25', NULL, 1, 16.6, NULL, 3, 1, 0.12, NULL, 'O Plug Alien é versátil, pois pode ser utilizado por qualquer uma de suas duas pontas que variam de diâmetro e possuem relevo estimulador em diferentes curvaturas para penetração anal, vaginal ou complementar à relação a dois. Em material flexível e macio elastômero atóxico de fácil higienização com 18 x 2,5cm<br />\r\nPLUGS foram desenvolvidos para explorar novos prazeres sensuais. O plug pode oferecer dois usos bem interessantes. É bem útil para os iniciantes na estimulação com penetração tanto vaginal como anal, pois aos poucos e sem exageros pode-se acostumar ao brinquedo com sua performance segura e bem exploradora. Alguns terapeutas sexuais já indicam o uso dos plugs em tratamentos para mulheres com restrições à penetração como exercício.<br />\r\nCuidados: Lavar antes e após o manuseio com água e sabão neutro ou com Higienizador de brinquedos Toy Cleaner.<br />\r\n<br />\r\nNão compartilhe deste produto com outros parceiros.<br />\r\n<br />\r\nOrigem: Nacional<br />\r\nTamanho: 18 x 2,5 cm<br />\r\nCor: Lilás<br />\r\nMaterial: Elastômero Atóxico<br />\r\nEmbalagem: Blister PET<br />\r\n<br />\r\nVídeo:<br />\r\nhttps://www.youtube.com/watch?v=i9kRdNWOIzo&feature=player_embedded<br />\r\n', 0, NULL, NULL, 3.50, 10.50, 27.00, '', 'Fabricante: Adão e Eva'),
	(504, 47, 0, '73B7', 'OVO - Lifestyle', 'OVO Lifestyle - White – Vibrador', '2014-12-08 16:56:26', NULL, 1, 74, NULL, 3, 1, 0.06, NULL, 'B7 – Elegância Estimulante!!<br />\r\nDinamismo e modernidade, aprimorado para promover o ápice do prazer, com a ponteira levemente curvada e robusta, delineado para deleite incomparável!<br />\r\nVislumbre-se com o nível de euforia que o novo B7 pode proporcionar!<br />\r\n <br />\r\nAcompanha manual de instruções em: Inglês, Espanhol, Francês, Alemão, Russo e Japonês.<br />\r\n <br />\r\nQualidade: Produzido em silicone não tóxico de qualidade médica. <br />\r\nÉ macio, não poroso, não tem cheiro e é fácil de limpar. Higienicamente superior a qualquer outro material. 100% seguro para o corpo.<br />\r\nDisponível em 3 opções de cores.<br />\r\n <br />\r\nEmbalagem: Se apresenta em blister que permite a visualização do item, totalmente lacrado para garantir a integridade e qualidade do produto.<br />\r\n <br />\r\nDimensões: O anel mede 6,5cm de comprimento por 4cm de diâmetro (aproximadamente).<br />\r\n <br />\r\nBaterias: Utiliza 2 baterias "LR41" não inclusas.<br />\r\nSempre substitua todas as pilhas ao mesmo tempo, nunca inverter as polaridades no compartimento. Caso o produto fique sem uso, retire as pilhas para evitar curtos-circuitos ou oxidação das mesmas, o que poderia danificar seriamente seu vibrador.<br />\r\n <br />\r\nModo de Usar: Pressione o botão localizado na base do anel para ligar ou desligar.<br />\r\n  <br />\r\nCuidados:  <br />\r\n•         Conservar fora da luz solar e não expor a temperatura superior a 50ºC:<br />\r\n•         Nunca permita que a água entre em contato com o compartimento de pilhas/ baterias. <br />\r\n•         Higienize seu vibrador sempre antes e após o uso para maior segurança de sua saúde!<br />\r\n•         Consulte sempre seu ginecologista!<br />\r\n<br />\r\n <br />\r\n<br />\r\n<br />\r\nVídeo:<br />\r\nhttp://www.youtube.com/watch?v=jRkuTVpBeqg&feature=player_embedded<br />\r\n', 0, NULL, NULL, 4.00, 9.50, 17.50, '', ''),
	(505, 47, 0, '73B12BL', 'OVO - Lifestyle', 'OVO Lifestyle – Blue - Vibrador', '2014-12-08 17:03:36', NULL, 1, 74, NULL, 3, 1, 0.06, NULL, 'B12 – Controle em Dobro!<br />\r\nO revolucionário B12  chegou com tudo para garantir ao seu parceiro o total controle na intensidade de sensações!<br />\r\nCom 2 bandas de encaixe para o homem e estrias que ampliam a satisfação feminina e estimulação intensa com sua eminente potência!<br />\r\nEste é o diferencial que faltava em seu relacionamento!<br />\r\n <br />\r\nAcompanha manual de instruções em: Inglês, Espanhol, Francês, Alemão, Russo e Japonês.<br />\r\n <br />\r\nQualidade: Produzido em silicone não tóxico de qualidade médica. <br />\r\nÉ macio, não poroso, não tem cheiro e é fácil de limpar. Higienicamente superior a qualquer outro material. 100% seguro para o corpo.<br />\r\n <br />\r\nEmbalagem: Se apresenta em blister que permite a visualização do item, totalmente lacrado para garantir a integridade e qualidade do produto.<br />\r\n <br />\r\nDimensões: O anel mede 7,5cm de comprimento por 5cm de diâmetro (aproximadamente).<br />\r\n <br />\r\nBaterias: Utiliza 2 baterias "LR41" não inclusas.<br />\r\nSempre substitua todas as pilhas ao mesmo tempo, nunca inverter as polaridades no compartimento. Caso o produto fique sem uso, retire as pilhas para evitar curtos-circuitos ou oxidação das mesmas, o que poderia danificar seriamente seu vibrador. <br />\r\nModo de Usar: Pressione o botão localizado na base do anel para ligar ou desligar.<br />\r\n  <br />\r\nCuidados:  <br />\r\n•         Conservar fora da luz solar e não expor a temperatura superior a 50ºC:<br />\r\n•         Nunca permita que a água entre em contato com o compartimento de pilhas/ baterias. <br />\r\n•         Higienize seu vibrador sempre antes e após o uso para maior segurança de sua saúde!<br />\r\n•         Consulte sempre seu ginecologista!<br />\r\n <br />\r\nVídeo:<br />\r\nhttp://www.youtube.com/watch?v=l6TqDLcM5_s&feature=player_embedded<br />\r\n', NULL, NULL, NULL, 3.50, 9.50, 17.00, NULL, NULL),
	(506, 130, 0, '73TVB001', 'Vibrador - Tenga', 'VI-BO - FINGER ORB - Vibrador Multi-uso - Tenga', '2014-12-08 17:17:43', NULL, 1, 121.6, NULL, 2, 1, 0.05, NULL, 'Vi-Bo Finger Orb, vibrador para casal.<br />\r\nA forma única e flexível de Vi-Bo é projetado para permitir que duas pessoas se estimmulem simultâneamente, o que prevê uma maior intimidade e descontração. <br />\r\nO "Orb" dedo tem uma pequena bola vibratória com revestimento em silicone. <br />\r\nDeslize os dedos através do anel e envie arrepios de prazer onde quer que você coloque suas mãos. <br />\r\nA bola é removível e intercambiável com outros produtos Vi-Bo. <br />\r\nO ORB é ótimo para casais iniciantes no universo de  brinquedos adultos.<br />\r\nInclui 3 (três) baterias LR44. <br />\r\nBateria com tempo: Aprox. 30 min. Pode durar até uma hora. <br />\r\nColoque anel em seu dedo para aumentar a estimulação do seu toque. <br />\r\nUse a esfera de vibração interior em outros brinquedos Vi-Bo. <br />\r\nFácil de limpar, removendo o orbe do invólucro de silicone.<br />\r\nSEMPRE use este produto inserido em sua capa VI-BO<br />\r\nNUNCA utilize esse produto sem a capa em seu corpo<br />\r\nCaracteristicas:<br />\r\nMaterial da capa: Silicone Cirúrgico <br />\r\nMarca: Tenga <br />\r\nTipo: Vibrador <br />\r\nÁ prova d\'água:  Sim <br />\r\nResistente à água: Sim <br />\r\nTamanho: 2 "x 1.25" x 1.25 "<br />\r\n', 0, NULL, NULL, 5.00, 7.00, 15.50, '', 'Fabricante: TENGA<br /><br /><br /><br />\r\nMade in China<br /><br /><br /><br />\r\n'),
	(507, 130, 0, '73TVB003', 'Vibrador - Tenga', 'VI-BO - HAND ORB - Vibrador Multi-uso - Tenga', '2014-12-08 17:23:40', NULL, 1, 127.6, NULL, 2, 1, 0.06, NULL, 'Vi-Bo Hand Orb, vibrador para casal.<br />\r\nLiberdade para seus dedos!<br />\r\nO Vi-Bo Hand Orb foi projetado para vibrar na palma de sua mão, com isso seus dedos terão total liberdade para proporcionar prazeres extras a seu parceiro enquanto sua mão foi transformada em um objeto pulsante de prazer.<br />\r\nDeslize os dedos através dos anéis e coloque a esfera na palma da sua mão. <br />\r\nDesfrute de formigamento de prazer onde quer que você coloque suas mãos. <br />\r\nA bola é removível e intercambiável com outros produtos Vi-Bo. <br />\r\nO Ring ORB é ótimo para casais que são iniciantes no universo de brinquedos adultos.<br />\r\nInclui 3 (três) baterias LR44. <br />\r\nBateria com tempo: Aprox. 30 min. Pode durar até uma hora. <br />\r\n<br />\r\nColoque o Orb Anel em torno da base do pênis e desfrute do mix de sensações durante o sexo.<br />\r\nUse a esfera de vibração interior em outros brinquedos Vi-Bo. <br />\r\nFácil de limpar, removendo o orbe do invólucro de silicone.<br />\r\nSEMPRE use este produto inserido em sua capa VI-BO<br />\r\nNUNCA utilize esse produto sem a capa em seu corpo<br />\r\nCaracteristicas:<br />\r\nMaterial do corpo: Silicone Cirúrgico <br />\r\nMarca: Tenga <br />\r\nTipo: Vibrador <br />\r\nÁ prova d\'água:  Sim <br />\r\nResistente à água: Sim <br />\r\nTamanho: 4.25” x 1.5” x 1.25”<br />\r\n<br />\r\nVideo:<br />\r\nhttps://www.youtube.com/watch?v=Wip4ICwHb2w&feature=player_embedded<br />\r\n', 0, NULL, NULL, 5.00, 7.00, 23.00, '', 'Fabricante: TENGA<br /><br /><br />\r\nMade in China<br /><br /><br />\r\n'),
	(508, 130, 0, '73TVB004', 'Vibrador - Tenga', 'VI-BO - TWIN ORB - Vibrador Multi-uso - Tenga', '2014-12-08 17:32:21', NULL, 1, 194.7, NULL, 3, 1, 0.08, NULL, 'Vi-Bo Twin Orb, vibrador para casal.<br />\r\nA forma única e flexível de Vi-Bo é projetado para permitir que duas pessoas se estimulem simultaneamente o que prevê uma maior intimidade e descontração. <br />\r\nO Orb gêmeo tem duas bolas vibratórias pequenas revestidas por silicone. <br />\r\nUse ambas as bolas simultaneamente ou em diferentes pontos graças ao corpo flexível. <br />\r\nDesfrute do formigamento de prazer onde quer que você coloque suas mãos. <br />\r\nA bola é removível e intercambiável com outros produtos Vi-Bo. <br />\r\nO Ring ORB é ótimo para casais iniciantes no universo de brinquedos adultos.<br />\r\nInclui 3 (três) baterias LR44. <br />\r\nBateria com tempo: Aprox. 30 min. Pode durar até uma hora. <br />\r\nColoque o Orb Anel em torno da base do pênis e desfrute do mix de sensações durante o sexo. <br />\r\nUse a esfera de vibração interior em outros brinquedos Vi-Bo. <br />\r\nFácil de limpar, removendo o orbe do invólucro de silicone.<br />\r\n<br />\r\nSEMPRE use este produto inserido em sua capa VI-BO<br />\r\n<br />\r\nNUNCA utilize esse produto sem a capa em seu corpo.<br />\r\n	<br />\r\nCaracteristicas: <br />\r\nMaterial do corpo: Silicone Cirúrgico <br />\r\nMarca: Tenga <br />\r\nTipo: Vibrador <br />\r\nÁ prova d\'água:  Sim <br />\r\nResistente à água: Sim <br />\r\nTamanho: 5.25” x 1.25” x 1.25” <br />\r\n<br />\r\nVídeo:<br />\r\nhttps://www.youtube.com/watch?v=Wip4ICwHb2w&feature=player_embedded<br />\r\n', 0, NULL, NULL, 5.00, 7.00, 23.00, '', 'Fabricante: TENGA<br /><br /><br />\r\nMade in China<br /><br /><br />\r\n'),
	(509, 130, 0, '73TVB005', 'Vibrador - Tenga', 'VI-BO - STICK ORB - Vibrador Multi-uso - Tenga', '2014-12-08 17:41:25', NULL, 1, 194.7, NULL, 3, 1, 0.10, NULL, 'Vi-Bo Stick Orb, vibrador para casal<br />\r\n<br />\r\nA forma única e flexível de Vi-Bo é projetado para permitir que duas pessoas estimulem-se simultaneamente, o que prevê uma maior intimidade e descontração.  <br />\r\nOrb Stick tem duas bolas vibratórias pequenas revestidas com silicone que garante o dobro da intensidade e da diversão. <br />\r\nAs bolas são removíveis e intercambiáveis com outros produtos Vi-Bo. <br />\r\nEle é pequeno e ótimo para casais que são inexperientes, com ele o divertimento é garantido.<br />\r\nAcompanha capa em silicone que cobre todo o Vi-Bo Stick, ideal para o sexo Anal!!!<br />\r\n<br />\r\nInclui 3 (três) baterias LR44. <br />\r\nBateria com tempo: Aprox. 30 min. Pode durar até uma hora. <br />\r\n<br />\r\nColoque o Orb Anel em torno da base do pênis e desfrute do mix de sensações durante o sexo.<br />\r\nUse a esfera de vibração interior em outros brinquedos Vi-Bo. <br />\r\nFácil de limpar, removendo o orbe do invólucro de silicone.<br />\r\n<br />\r\nCaracteristicas: <br />\r\nMaterial do corpo: Silicone Cirúrgico <br />\r\nMarca: Tenga <br />\r\nTipo: Vibrador <br />\r\nÁ prova d\'água:  Sim <br />\r\nResistente à água: Sim <br />\r\nTamanho: 5” x 1.25” x 1.25” – ins. Length – 3.5”<br />\r\n<br />\r\n<br />\r\nSEMPRE use este produto inserido em sua capa VI-BO<br />\r\n<br />\r\nNUNCA utilize esse produto sem a capa em seu corpo.<br />\r\n<br />\r\nVídeo:<br />\r\nhttps://www.youtube.com/watch?v=Wip4ICwHb2w&feature=player_embedded<br />\r\n', 0, NULL, NULL, 5.00, 7.00, 23.00, '', 'Fabricante: TENGA<br /><br /><br />\r\nMade in China<br /><br /><br />\r\n'),
	(510, 8, 0, '111AC043', 'Plug Anal', 'Plug Anal Double em Silicone Vermelho - 19cm ', '2014-12-08 18:02:31', NULL, 1, 20.1, NULL, 3, 1, 0.11, NULL, 'Plug Doble 19cm em silicone<br />\r\nO Plug Double de 19 x 2,5cm para penetração anal, vaginal ou complementar à relação a dois, pode ser utilizado por qualquer uma de suas duas pontas de diferentes formatos, tamanhos e ângulos de penetração. Em macio silicone marmorizado, tem um visual moderno e acompanha a temperatura corporal, durante o uso, trazendo maior conforto para ação.<br />\r\nPLUGS foram desenvolvidos para explorar novos prazeres sensuais. O plug pode oferecer dois usos bem interessantes. É bem útil para os iniciantes na estimulação com penetração tanto vaginal como anal, pois aos poucos e sem exageros pode-se acostumar ao brinquedo com sua performance segura e bem exploradora. Alguns terapeutas sexuais já indicam o uso dos plugs em tratamentos para mulheres com restrições à penetração como exercício.<br />\r\nCuidados: Lavar antes e após o manuseio com água e sabão neutro ou Higienizador de brinquedo (Toy Cleaner). <br />\r\nNão compartilhe deste produto com outros parceiros.<br />\r\nOrigem: Nacional <br />\r\nTamanho: 19 x 2,5 cm<br />\r\nCor: Vermelho<br />\r\nMaterial: Eslastômero Atóxico<br />\r\nEmbalagem: Blister PET<br />\r\n<br />\r\nVídeo:<br />\r\nhttps://www.youtube.com/watch?v=i9kRdNWOIzo&feature=player_embedded<br />\r\n', 0, NULL, NULL, 3.50, 10.50, 27.50, '', 'Fabricante: Adão e Eva'),
	(512, 8, 0, '111AC050N', 'Plug Anal', 'Plug Anal Rod Corpo Estreito e Sinuoso – Preto – 19cm ', '2014-12-08 18:20:44', NULL, 1, 16.6, NULL, 3, 1, 0.08, NULL, 'Plug Anal Rod corpo estreito e sinuoso com base anelada e com 19cm<br />\r\nEstreito, mas sinuoso com relevo em espiral este plug de 19 x 2,5cm pode promover uma potente e insinuante penetração anal, vaginal ou complementar à relação a dois, iniciada de forma suave por sua ponta arredondada. A base anelada confere mais conforto e segurança para o manuseio. Em elastômero atóxico de fácil higienização<br />\r\nPLUGS, foram desenvolvidos para explorar novos prazeres sensuais. O plug pode oferecer dois usos bem interessantes. É bem útil para os iniciantes na estimulação com penetração tanto vaginal como anal, pois aos poucos e sem exageros pode-se acostumar ao brinquedo com sua performance segura e bem exploradora. Alguns terapeutas sexuais já indicam o uso dos plugs em tratamentos para mulheres com restrições à penetração como exercício.<br />\r\nCuidados: Lavar antes e após o manuseio com água e sabão neutro ou Higienizador de brinquedos (Toy Cleaner).<br />\r\nNão compartilhe deste produto com outros parceiros.<br />\r\n<br />\r\nOrigem: Nacional <br />\r\nTamanho: 19 x 2,5 cm<br />\r\nCor: Preto<br />\r\nMaterial: Eslastômero Atóxico<br />\r\nEmbalagem: Blister PET<br />\r\n<br />\r\nVídeo:<br />\r\nhttps://www.youtube.com/watch?v=i9kRdNWOIzo&feature=player_embedded<br />\r\n', NULL, NULL, NULL, 3.50, 10.00, 27.00, NULL, 'Fabricante: Adão e Eva'),
	(513, 8, 0, '15AC078', 'Capa Peniana', 'Capa com Pérolas Massageadoras  Fosforescente', '2014-12-08 18:38:30', NULL, 1, 27.4, NULL, 5, 1, 0.07, NULL, 'Capa para pênis ou vibrador com pérolas massageadoras - 13,5cm<br />\r\nEsta  capa tem grande elasticidade, além de um relevo com dupla textura diferenciada, possui duas fileiras de pérolas massageradoras em seu diâmetro para múltipla estimulação vaginal.<br />\r\nAs capas penianas estimulam o canal vaginal durante penetração. Esta que possuem pequenas pérolas massageadoras podem também ser usadas com vibradores. <br />\r\nNão podem ser confundidas com camisinhas, porque são reutilizáveis. O ideal é que para que a relação esteja sempre segura, use um preservativo sob a capa.<br />\r\nCuidados: Este material não substitui o preservativo. Lavar antes e após o manuseio com água e sabão neutro.<br />\r\nNão compartilhe deste produto com outros parceiros.<br />\r\nAconselhável o uso lubrificantes.<br />\r\nMedidas: 15cm de comprimento e 3cm de diâmetro <br />\r\nOrigem: Nacional <br />\r\nCor: Fosforescente<br />\r\nMaterial: Silicone<br />\r\nEmbalagem: Blister PET<br />\r\n<br />\r\nVídeo:<br />\r\nhttp://www.youtube.com/watch?feature=player_embedded&v=m_-ieKopGzY<br />\r\n', NULL, NULL, NULL, 5.00, 11.00, 25.50, NULL, 'Fabricante: Adão & Eva'),
	(514, 8, 0, '22LP020', 'Pelúcia', 'Urso Ted – Pelúcia com Compartimento Secreto', '2014-12-09 12:35:07', NULL, 1, 91.2, NULL, 1, 1, 0.44, NULL, 'TED, Do cinema direto para a sua cama!<br />\r\nVocê conhece o TED?  <br />\r\nÉ Natal e o pequeno John tem apenas um pedido a fazer ao Papai Noel: que seu ursinho de pelúcia, Ted, ganhe vida. O garoto fica surpreso ao perceber que seu pedido foi atendido e logo eles se tornam grandes amigos. <br />\r\nAgora o famoso e mais safado ursinho do cinema mundial ganha vida aqui. Com pouco mais de 40cm e muito simpático esse ursinho possui um compartilhamento secreto onde um pênis de 13cm em PVC na cor pele irá satisfazer os seus mais profundos desejos.<br />\r\nNão deixe de assistir a essa deliciosa comedia do cinema e de conhecer o TED, você vai entender o porque esse ursinho se tornará o seu melhor amigo. <br />\r\nTamanho: Aproximadamente 40cm<br />\r\nCor: Marrom<br />\r\nMaterial: Pelúcia Anti-Alérgica <br />\r\nEmbalagem: Saco plástico com solapa<br />\r\nAcompanha: 1 Cadeado com chaves, 1 Prótese Tortinho (ADAO66) <br />\r\nProduto nacional<br />\r\n', NULL, NULL, NULL, 16.00, 30.00, 45.00, NULL, NULL),
	(515, 129, 0, '73EVA033', 'Vibrador ', 'Vibrador - BLUSH, em Formato de Pincel para Maquiagem -  Rosa', '2014-12-09 14:05:11', NULL, 1, 46.5, NULL, 3, 1, 0.06, NULL, 'Blush - O acessório que faltava em sua necessaire!<br />\r\nImagine um massageador prático e versátil em forma de pincel de blush? O acessório, pra lá de ousado, tem várias funções. Serve como pincel mesmo para você se maquiar e também tem a função de estimular seus pontos e zonas erógenas através das cerdas super macias que vibram em multivelocidade. É o item essencial para a bolsa de toda mulher moderna e poderosa.<br />\r\nModo de Usar: Antes de usá-lo pela primeira vez, passe um pano úmido e limpe com sabonete antibactericida. Evite o contato da água com o compartimento das pilhas. Seque com papel toalha descartável ou deixe secar naturalmente (para maior durabilidade do produto, este processo deve ser repetido após cada uso). <br />\r\nAbra a tampa do compartimento de baterias, coloque 3 baterias AG13 novas (não inclusas). Feche a tampa. Gire o botão na tampa no sentido horário para ligar, aumentar e controlar a intensidade da vibração.<br />\r\nRestrições de Uso<br />\r\n- Antes de utilizar consulte o seu médico ginecologista. Não nos responsabilizamos pelo mau uso do produto.<br />\r\n- Pessoas alérgicas não devem usar o produto. Não use o produto em regiões com inflamações, inchaços ou lacerações.<br />\r\nContém: Um vibrador Blush (ROSA)<br />\r\nComposição: ABS<br />\r\nTamanho: 10cm  <br />\r\n<br />\r\nACESSÓRIO PARA USO DE ADULTOS – PROIBIDO PARA MENORES DE 18 ANOS – PRODUTO NÃO TÓXICO<br />\r\nVídeo:<br />\r\nhttp://www.youtube.com/watch?feature=player_embedded&v=W9Nj00RhOss<br />\r\n', NULL, NULL, NULL, 3.00, 6.50, 16.00, NULL, 'Importado por COLISEU COMERCIAL IMPORTADORA LTDA. EPP<br />\r\nCNPJ 11.045.928/0001-09 <br />\r\n'),
	(516, 8, 0, '22LD016', 'Dados ', 'Dados Cubos do Amor Light ', '2014-12-09 14:12:53', NULL, 1, 8.2, NULL, 5, 1, 0.03, NULL, 'CUBOS DO AMOR LIGHT, Jogo para jovens e adultos<br />\r\nEm prática caixa acrílica, os CUBOS DO AMOR LIGHT, é um  Jogo para jovens e adultos com 02 cubos impressos, sendo 01 com tarefas: MASSAGEM, BEIJO, CARINHO, MORDIDA, CHEIRO, e um CORINGA, e outro com partes do corpo: BOCA, ORELHA, BARRIGA, NUCA, PÉS e um CORINGA<br />\r\nQuando o clima está morno, a sugestão é confiar a sorte do relacionamento aos dados. É uma forma divertida de aproximação e de trazer de novo a adrenalina para o coração e outras partes do corpo também interessantes.<br />\r\nOrigem: Nacional<br />\r\nIndicação: Como brincadeira.<br />\r\nEmbalagem: Caixa acrílico<br />\r\n<br />\r\nVídeo:<br />\r\nhttp://www.youtube.com/watch?feature=player_embedded&v=It1MYre3TrM<br />\r\n', NULL, NULL, NULL, 2.50, 5.00, 7.50, NULL, NULL),
	(517, 120, 0, '312CO290', 'Sabonete', 'Sabonete - Sex Bomb Pheromon Man - 90g', '2014-12-09 14:18:51', NULL, 1, 13.8, NULL, 8, 1, 0.10, NULL, 'O sabonete masculino foi especialmente elaborado para higiene corporal. Seu uso diário proporciona frescor e conforto. <br />\r\nModo de usar: Aplique-o durante o banho, massageando pelo corpo suavemente até obter uma espuma cremosa. Enxágüe abundantemente e repita se necessário.<br />\r\nIngredientes: Talow and Orbignya oleifera seed oil and Sodium Hidroxide and Sodium Chloride and Aqua and Glycerin, Aqua, Glycerin, Propylene Glycol, Dissodium EDTA, Sodium Chloride, Sucrose, Alcohol, *Parfum, CI 42090. *Benzyl Salicylate, *Linalool. <br />\r\nPrecauções: Uso externo. Mantenha fora do alcance das crianças e ao abrigo da luz e calor excessivo. Não usar se a pele estiver irritada. Em caso de irritação suspenda o uso. Em caso de contato com os olhos enxague abundantemente com água. <br />\r\nPeso aproximado: 90 gramas<br />\r\nEmbalagem: Caixa<br />\r\n', 0, NULL, 1, 3.00, 7.50, 5.00, '', 'Fabricado por: Harmony Aroma Chemicals e Natural Products Ltda. <br /><br />\r\nCNPJ.: 01.518.837/0001-90 <br /><br />\r\nRua: Milton Alves, 83 Jardim Alvorada - Jandira/SP <br /><br />\r\nPaís de Origem: Brasil <br /><br />\r\nAFE: 2.03.200-7 - Processo nº.:25351.395246/2014-11<br /><br />\r\nLote e Validade ver lado da embalagem<br /><br />\r\nAtendimento ao consumidor: (11) 2020-9090<br /><br />\r\n'),
	(518, 120, 0, '312CO291', 'Sabonete', 'Sabonete - Sex Bomb Pheromon Woman - 90g', '2014-12-09 14:23:01', NULL, 1, 13.8, NULL, 8, 1, 0.10, NULL, 'O sabonete feminino foi especialmente elaborado para higiene corporal. Seu uso diário proporciona frescor e conforto. <br />\r\nModo de usar: Aplique-o durante o banho, massageando pelo corpo suavemente até obter uma espuma cremosa. Enxágüe abundantemente e repita se necessário.<br />\r\nIngredientes: Talow and Orbignya oleifera seed oil and Sodium Hidroxide and Sodium Chloride and Aqua and Glycerin, Aqua, Glycerin, Propylene Glycol, Dissodium EDTA, Sodium Chloride, Sucrose, Alcohol, *Parfum, CI 42090. Hydroxycitronellal *, *Linalool.<br />\r\nPrecauções: Uso externo. Mantenha fora do alcance das crianças e ao abrigo da luz e calor excessivo. Não usar se a pele estiver irritada. Em caso de irritação suspenda o uso. Em caso de contato com os olhos enxágüe abundantemente com água.<br />\r\nPeso Aproximado: 90 gramas<br />\r\nEmbalagem: Caixa<br />\r\n', 0, NULL, 1, 3.00, 7.50, 5.00, '', 'Fabricado por: Harmony Aroma Chemicals e Natural Products Ltda.<br /><br />\r\nCNPJ.: 01.518.837/0001-90 <br /><br />\r\nRua Milton Alves, 83 Jardim Alvorada - Jandira/SP <br /><br />\r\nPaís de Origem: Brasil <br /><br />\r\nAFE: 2.03.200-7 -  Processo nº.:25351.395246/2014-11<br /><br />\r\nLote e Validade ver lado da embalagem<br /><br />\r\nAtendimento ao consumidor: (11) 2020-9090<br /><br />\r\n'),
	(519, 120, 0, '39CO128', 'Gel do Beijo', 'Gel do Beijo Hortelã Extra Forte - 15ml  (Roll-on)', '2014-12-09 14:34:14', NULL, 1, 8.9, NULL, 5, 1, 0.03, NULL, 'Gel do Beijo prolonga o prazer oral de todas as formas e por muito mais tempo, hortelã extra forte refresca o beijo deixando tudo mais gostoso.<br />\r\nEm prática embalagem roll-on é de fácil aplicação.<br />\r\nO básico de qualquer mix sensual, íntima e promove maior cumplicidade entre o casal, valorizando o toque, tornando a relação mais confortável, macia e aconchegante.<br />\r\nModo de uso: Aplique sobre os lábios.<br />\r\nEmbalagem: 15g<br />\r\nFabricação: Nacional <br />\r\nValidade: 24 Meses da data de fabricação.<br />\r\n', NULL, NULL, NULL, 9.00, 2.50, 2.50, NULL, 'Importante: Embalagem não reutilizável, deve ser descartada após o término do produto.<br />\r\n <br />\r\nNotificado junto a ANVISA.<br />\r\nINDÚSTRIA BRASILEIRA.<br />\r\nVálido por 24 meses da data de fabricação<br />\r\n'),
	(520, 120, 0, '311CO203', 'Vela Beijável', 'Velas Beijáveis para Massagem - Morango ', '2014-12-09 14:46:39', NULL, 1, 18.8, NULL, 3, 1, 0.10, NULL, 'Emite a luz de um tom mais rosado e o sofisticado aroma de morango acompanha o óleo por ela produzido, que pode ser delicadamente derramado sobre a pele numa massagem sensual, além de ser beijável.<br />\r\nVelas Beijáveis para massagem<br />\r\nUnindo o visual ao tátil, a vela foi desenvolvida para que produzam com a queima de seu pavio, um óleo hidratante que não queima a pele e que por isso pode ser usado em massagens sensuais e ser levados à boca. <br />\r\nO básico de qualquer mix sensual, a cosmética íntima promove maior cumplicidade entre o casal, valorizando o toque, tornando a relação mais confortável, macia e aconchegante. <br />\r\nOrigem: Nacional <br />\r\nEmbalagem: Tubo lata<br />\r\nMateriais: Óleos Minerais, Corante, Pavio.<br />\r\nPeso: 55g <br />\r\nIndicação: Conservar em temperatura inferior a 35ºC proteger da luz<br />\r\nModo de uso: Acenda o pavio e aguarde a fase sólida começar a derreter. Apague a chama e derrame o óleo sobre o corpo, espalhando e massageando. Pode ser levado aos lábios.<br />\r\n', 0, NULL, NULL, 5.50, 8.00, 7.50, '', 'Notificado junto a ANVISA.<br /><br />\r\nINDÚSTRIA BRASILEIRA Res. 343/05 <br /><br />\r\nAut.Funcionamento 2-03676-2 CRQ-IV 004350410 <br /><br />\r\nVálido por 36 meses da data de fabricação<br /><br />\r\n'),
	(521, 34, 0, '311CO203', 'Sais de Banho', 'Sais para Banho Smell Me - Morango com Champagne ', '2014-12-09 15:14:48', NULL, 1, 7.2, NULL, 4, 1, 0.10, 1, 'Uma banheira glamurosa merece esse aroma inspirado na luxúria. A sofisticação da champagne e a fruta vermelha da paixão estimulam o desejo e, em forma de sal de banho, deixa a pele mais macia e gostosa.<br />\r\nEmbalagem: Pet com tampa de alumínio de rosca<br />\r\nPeso: 85ml<br />\r\nIndicação: O Sais de banho energizante foi desenvolvido para deixar o seu banho mais relaxante, proporcionando uma agradável sensação de bem-estar.<br />\r\nModo de uso: Aplique distribuindo uniformemente em sua banheira ou similares. <br />\r\n', NULL, NULL, NULL, 5.50, 8.00, 7.50, NULL, 'Notificado junto a ANVISA<br />\r\nINDÚSTRIA BRASILEIRA <br />\r\nRes. 343/05 Aut.Funcionamento 2-03676-2 CRQ-IV 004350410 <br />\r\nVálido por 36 meses da data de fabricação <br />\r\n'),
	(522, 8, 0, '53ADAO3OT', 'Protese', 'Prótese Realística Monster 26x5cm com Escroto - Translucido ', '2014-12-09 17:13:19', NULL, 1, 66.8, NULL, 3, 1, 0.90, NULL, 'Prótese de grandes proporções (diâmetro e comprimento) para penetração vaginal ou anal tem formato de pênis com 26cm de comprimento e 5cm de diâmetro e ainda é levemente torta para a esquerda. <br />\r\nCom escroto as próteses realísticas agradam pelo toque parecido ao pênis em relações onde a fantasia é ter um segundo penetrador simulado ou em sexo solitário. Quando possuem escroto, essa sensação de realidade é completa.<br />\r\nEm PVC atóxico é de fácil higienização.<br />\r\nCuidados: Lavar antes e após o manuseio com água e sabão neutro ou Higienizador de brinquedos (Toy Cleaner).<br />\r\n Não compartilhe deste produto com outros parceiros.<br />\r\n<br />\r\nOrigem: Nacional <br />\r\nTamanho: 26 x 5 cm<br />\r\nCor: Translucido<br />\r\nMaterial: PVC Atóxico<br />\r\nEmbalagem: Blister PET<br />\r\n.<br />\r\n', NULL, NULL, NULL, 11.00, 18.00, 49.00, NULL, 'Fabricante: Adão e Eva'),
	(523, 120, 0, '33CO280', 'Mousse', 'Mousse de Chocolate para Massagem - Trufa ', '2014-12-09 17:31:03', NULL, 1, 10.25, NULL, 3, 1, 0.05, NULL, 'Eu amo Chocolate<br />\r\nAplique o mousse comestível para massagem sobre o local desejado e saboreie a vontade.<br />\r\n<br />\r\nPeso: 30g<br />\r\nSabor: Trufa<br />\r\nPRODUTO COMESTÍVEL.<br />\r\nApós aberto consumir em até 15 dias.<br />\r\n<br />\r\nIngredientes:<br />\r\nAçúcar, Óleo Mineral, Gordura Vegetal, Cacau em Pó, Leite em Pó Integral, Leite em Pó Desnatado, Massa de Cacau, Emulsificantes: Lecitina de Soja (INS322) e Poliglicerol polirricinoleato (INS476) e Aroma Idêntico ao Natural.<br />\r\nNão Contém Glúten. <br />\r\nAromatizado Artificialmente. Manter em local seco, fresco, arejado e longe de produtos que exalem odor.<br />\r\n', 30, 1, NULL, 2.50, 5.50, 9.00, '', 'Fabricado por: Claudete Serena São Pedro ME - CNPJ: 68.250.224/0002-76<br /><br />\r\nLicença de Func. nº 355040701-109-000015-1-1<br /><br />\r\nPRODUTO ISENTO DE REGISTRO CONFORME RDC ANVISA 27/2010.<br /><br />\r\nIndústria Brasileira<br /><br />\r\nInformação Nutricional:<br /><br />\r\nPorção de 10g (1/2 colher de sopa): Valor Energético 54 Kcal = 226KJ (2,7%VD*), Carboidratos 6,1g (2,0%VD*), Proteínas 0,4g (0,5%VD*), Gorduras Totais 3,2g (5,9%VD*), Gorduras Saturadas 0,9g (4,0%VD*), Gorduras Trans 0,6g (**), Fibra Alimentar 0,3g (1,2%VD*), Sódio 2,7mg (0,1%VD*).<br /><br />\r\n<br /><br />\r\n*Valores diários com base em uma dieta de 2000 Kcal ou 8400 KJ. Seus valores diários podem ser maiores ou menores dependendo de suas necessidades energéticas.<br /><br />\r\n**Valores diários não estabelecidos.<br /><br />\r\nSAC: (11) 2020-9090<br /><br />\r\n<br /><br />\r\nValidade: 6 meses da data de fabricação.<br /><br />\r\n'),
	(524, 30, 0, '34HC249', 'Gel Adstringente', 'Deep Easy – Gel Anestésico – HotFlowers', '2014-12-09 22:41:13', NULL, 1, 20.8, NULL, 2, 1, 0.05, NULL, 'Deep Easy é um gel para prática de sexo anal. <br />\r\n<br />\r\nExperimente e pratique o desejo de uma nova experiência sem medo e sem dor. O gel anal tem ação vasodilatadora, ou seja, aumento da circulação sanguínea da região, proporcionando maior sensibilidade na penetração e aumentando o prazer da prática anal.<br />\r\n<br />\r\nO gel Deep Easy permite uma relação mais profunda e sem desconforto.<br />\r\n<br />\r\nEmbalagem com 25g.<br />\r\n<br />\r\nModo de usar: Aplicar na região de 2 a 3 minutos antes da relação (unissex). Pode ser usado com preservativo<br />\r\n', 0, NULL, NULL, 2.50, 8.00, 13.00, '', 'Fabricante: HotFlowers'),
	(525, 51, 0, '73BIG10', 'Vibrador', 'Vibrador em Formato de Samurai - Kokeshi Dancer', '2014-12-10 10:15:42', NULL, 1, 97.2, NULL, 3, 1, 0.17, NULL, 'Imagine um massageador prático e em formato de Samurai. O acessório, pra lá de ousado, tem várias funções, a principal e satisfazer suas fantasias.<br />\r\n3 velocidades a prova d\'água <br />\r\n<br />\r\nModo de Usar: <br />\r\nAntes de usá-lo pela primeira vez, passe um pano úmido e limpe com sabonete anti-bactericida, enxágüe-o bem. <br />\r\nEvite o contato da água com o compartimento das pilhas. <br />\r\nSeque com papel toalha descartável ou deixe secar naturalmente (para maior durabilidade do produto, este processo deve ser repetido após cada uso). <br />\r\nAbra a tampa do compartimento pilhas, coloque 2 pilhas AA novas (não inclusas). Feche a tampa. Pressione a barriga do Samurai para ligar ou desligar.<br />\r\n<br />\r\nRestrições de Uso<br />\r\nNão nos responsabilizamos pelo mau uso do produto.<br />\r\nPessoas alérgicas não devem usar o produto. <br />\r\nNão use o produto em regiões com inflamações, inchaços ou lacerações.<br />\r\n <br />\r\nContém: um vibrador<br />\r\nComposição: PVC Flexivel<br />\r\nTamanho: 11,5cm x 6cm <br />\r\nValidade: válido por prazo indeterminado<br />\r\nEmbalagem: Caixa Blister<br />\r\nPais de Origem: EUA (Big Teaze Toys)<br />\r\n<br />\r\nACESSÓRIO PARA USO DE ADULTOS – PROIBIDO PARA MENORES DE 18 ANOS – PRODUTO NÃO TÓXICO<br />\r\n', NULL, NULL, NULL, 7.00, 9.00, 16.50, NULL, 'Fabricante: Big Teaze Toys<br />\r\nImportado por COLISEU COMERCIAL IMPORTADORA LTDA. EPP<br />\r\nCNPJ 11.045.928/0001-09 - SAC: sac@coliseuatlantis.com.br<br />\r\n'),
	(526, 120, 0, '17CO268', 'Energy Drink', 'POWER SEXY - ENERGY DRINK - COM TAURINA', '2014-12-10 10:27:52', NULL, 1, 7.4, NULL, 12, 2, 0.05, NULL, 'COMPOSTO LÍQUIDO PRONTO PARA CONSUMO À BASE DE TAURINA E CAFEINA, BEBIDA ENERGÉTICA SABOR FRUTAS VERMELHAS - 40ml<br />\r\nFRASCO EM FORMATO DE VIBRADOR PERSONAL.<br />\r\n<br />\r\nModo de Usar:<br />\r\nTomar em dose única. Os resultados variam de acordo com o metabolismo de cada pessoa, podendo apresentar efeito com intensidade variável. Não é medicamento. <br />\r\nPRODUTO COMESTÍVEL - AGITE ANTES DE BEBER. <br />\r\n<br />\r\nEmbalagem: Frasco em formato Cilindrico - PET<br />\r\nCapacidade: 40ml<br />\r\nTamanho: 13x2,5cm<br />\r\nNão Contém Glúten<br />\r\nColorido e Aromatizado Artificialmente<br />\r\nManter em local seco, fresco e ao abrigo da Luz.<br />\r\n<br />\r\nAviso:<br />\r\nEm casos de antecedentes alérgicos, usar com precaução. CRIANÇAS, GESTANTES, NUTRIZES, IDOSOS E PORTADORES DE ENFERMIDADES: CONSULTAR UM MÉDICO ANTES DE CONSUMIR O PRODUTO. <br />\r\n', NULL, NULL, NULL, 13.00, 2.50, 2.50, NULL, 'Fabricado por CNPJ-68.250.224/0001-95-R.Cesário Azzini, 343-São Pedro/SP – Aut. Func.Nº 601.032-7 DE 04/08/1999.<br />\r\nPRODUTO ISENTO DE REGISTRO CONFORME RDC ANVISA 27/2010.  <br />\r\nIndústria Brasileira <br />\r\n<br />\r\nIngredientes: Água, Açúcar, edulcorantes: sucralose, acesulfame-K e sacarina, Taurina (160mg/40ml), Glucoronolactona (9,8mg/40ml), Cafeina (13mg/40ml), Inositol (8mg/40ml), Ext.de semente de guaraná, Vitaminas: B2, B3, B5, B6, B12, acidulante ácido cítrico, goma guar, aroma Idêntico ao natural de Frutas Vermelhas e Aroma Natural de Gengibre, regulador de acidez Citrato de Sódio, conservantes Benzoato De Sódio e Sorbato De Potássio, corante artificial vermelho Bordeaux e corante caramelo.  <br />\r\n<br />\r\nInformação Nutricional - Porção 40ml <br />\r\nValor energético	12 Kcal=50 KJ	0,7% VD*<br />\r\nCarboidratos	3g	1,2% VD*<br />\r\nSódio	1,5mg	0,06% VD*<br />\r\nVit B12	0,16mcg	6,8% VD*<br />\r\nVit B2	0,21mg	15% VD*<br />\r\nVit B3	2,6mg	15% VD*<br />\r\nVit B5	0,8mg	15% VD*<br />\r\nVit B6	0,21mg	15% VD*<br />\r\nObservações sobre Informação Nutricional<br />\r\nNão contém quantidade significativa de gorduras totais, gorduras saturadas, gorduras trans, proteínas e fibra alimentar. *Valores diários com base em uma dieta de 2.000 Kcal ou 8.400 KJ. Seus valores diários podem ser maiores ou menores dependendo de suas necessidades energéticas<br />\r\n'),
	(527, 120, 0, '34CO228', 'Spray Eletrizante', 'LIQUID SHOCK  - Spray Comestível Eletrizante', '2014-12-10 10:41:43', NULL, 1, 14, NULL, 12, 2, 0.03, NULL, 'Spray para massagem corporal realmente elétrico, este gel tem como base o extrato de uma planta originaria do norte do Brasil o Jambu, e seu efeito tem um aspecto eletrizante, ele traz uma sensação exclusiva e surpreendente, apenas uma pequena quantidade pode lhe proporcionar uma sensação vibrante, realmente incrível, use com modereção, pois a sensação é bem intensa.<br />\r\n<br />\r\nNOVA FORMULA - AGORA COMESTÍVEL<br />\r\n<br />\r\nSpray 15ml <br />\r\n <br />\r\nINFORMAÇÕES QUE CONSTAM NA EMBALAGEM<br />\r\nGEL COMESTÍVEL AROMATIZADO SABOR NATURAL DE JAMBU<br />\r\nRestrições de uso: Manter em local seco, fresco e ao abrigo da Luz. Evite contato com os olhos. Em casos de antecedentes alérgicos, usar com precaução. Após aberto consumir em até 15 dias.<br />\r\n<br />\r\nModo de Usar: Aplicar sobre o local desejado e saborear a vontade. PRODUTO COMESTÍVEL. <br />\r\nManter fora do alcance de crianças.<br />\r\nValidade: 12 meses<br />\r\nAgite antes de Usar<br />\r\n', NULL, NULL, NULL, 10.00, 2.00, 2.00, NULL, 'Ingredientes: Glicerina, Água, Aroma Natural De Jambu, Conservantes: Benzoato De Sódio (INS211) e Sorbato De Potássio (INS202). Não Contém Glúten. <br />\r\nFabricado por CLAUDETE SERENA SÃO PEDRO ME<br />\r\nCNPJ-68.250.224/0001-95<br />\r\nR.Cesário Azzini, 343 - São Pedro - SP<br />\r\nAut.Func.Nº 601.032-7 DE 04/08/1999<br />\r\nIndústria Brasileira<br />\r\nPRODUTO ISENTO DE REGISTRO CONFORME RDC ANVISA 27/2010.<br />\r\nSac: (11) 2020-9090<br />\r\n<br />\r\n<br />\r\nINFORMAÇÃO NUTRICIONAL<br />\r\n<br />\r\nPorção de 1 ml<br />\r\nValor energético Zero Kcal 08 KJ (0% VD)<br />\r\nNão contém quantidades signifi cativas de Carboidratos, Proteínas, Gorduras totais, Gorduras saturadas, Gorduras trans, Fibra alimentar, Sódio.<br />\r\n*Valores diários com base em uma dieta de 2.000 Kcal ou 8.400 kj. Seus valores diários podem ser maiores ou menores dependendo de suas necessidades energéticas.<br />\r\n'),
	(528, 120, 0, '33CO281', 'Spray Comestível', 'Spray Chinês - Aromatizado Comestível', '2014-12-10 10:51:27', NULL, 1, 20.1, NULL, 5, 1, 0.03, NULL, 'Gel aromatizado comestível em spray Chinês.<br />\r\nVibra, esquenta e esfria!!!<br />\r\n<br />\r\nAplique sobre o local desejado e saboreie a vontade. <br />\r\nProduto Comestível.<br />\r\nAgite antes de usar. <br />\r\nApós aberto consumir em até 15 dias.<br />\r\n<br />\r\nIngredientes: Glicerina, Água, Aromas Naturais de Cravo e Jambu e Aroma Idêntico ao Natural de Menta Gelada.<br />\r\nNão Contém Glúten. Aromatizado Artificialmente. Manter em local seco, fresco e ao abrigo da luz. Manter fora do alcance de crianças. Evite contato com os olhos. Em casos de antecedentes alérgicos, usar com precaução. “Produto sem Risco e Não Perigoso”<br />\r\n', NULL, NULL, NULL, 10.00, 2.50, 2.50, NULL, 'Fabricado por: <br />\r\nCNPJ: 68.250.224/0002-76<br />\r\nSP. Licença de Func. nº 355040701-109-000015-1-1<br />\r\nPRODUTO ISENTO DE REGISTRO CONFORME RDC ANVISA 27/2010.<br />\r\nIndústria Brasileira<br />\r\nInformações Nutricionais:<br />\r\nPorção de 5g (1 colher de chá): Não contém quantidades significativas de Valor Energético, Carboidratos, Proteínas, Gorduras Totais, Gorduras Saturadas, Gorduras Trans, Fibra Alimentar e Sódio.<br />\r\n*Valores diários com base em uma dieta de 2000 Kcal ou 8400 KJ. Seus valores diários podem ser maiores ou menores dependendo de suas necessidades energéticas.<br />\r\n<br />\r\nVALIDADE: 12 MESES<br />\r\n'),
	(530, 47, 0, '73K1P', 'OVO - Lifestyle', 'OVO LifeStyle – Pink - Vibrador', '2014-12-10 11:45:14', NULL, 1, 302.5, NULL, 20, 1, 0.42, NULL, 'K1 – Estimulação completa!<br />\r\n<br />\r\nA superação em prazer descoberta! O K1 vai lhe fazer subir pelas paredes!<br />\r\nEstimula simultaneamente o ponto G e o clitóris, este modelo é o deleite de seus momentos íntimos!<br />\r\nO mix de sensações que ele vai lhe causar fará você repensar todos os seus conceitos sobre satisfação!<br />\r\nCom iluminação integrada aos 5 níveis de vibração, resistente à água, motor potente, mínimo de ruídos e fácil manuseio, você poderá desfrutar de uma estimulação intensa!<br />\r\nAbuse do novo K1!<br />\r\n <br />\r\nAcompanha manual de instruções em: Inglês, Espanhol, Francês, Alemão, Russo e Japonês.<br />\r\n <br />\r\nQualidade: Produzido em silicone não tóxico de qualidade médica.<br />\r\nÉ macio, não poroso, não tem cheiro e é fácil de limpar. Higienicamente superior a qualquer outro material. 100% seguro para o corpo.<br />\r\nDisponível em 3 opções de cores.<br />\r\n <br />\r\nEmbalagem: Se apresenta em embalagem com abertura e fechamento a vácuo (similar padrão apple), muito sofisticada, com encaixe para o vibrador e espaço para guardar manual de instruções com discrição e segurança.<br />\r\n <br />\r\nDimensões: O vibrador mede 19 cm de comprimento por 4,5 cm de diâmetro (aproximadamente).<br />\r\n <br />\r\nBaterias: Utiliza 2 baterias "AAA" não inclusas.<br />\r\nSempre substitua todas as pilhas ao mesmo tempo, nunca inverter as polaridades no compartimento. Caso o produto fique sem uso, retire as pilhas para evitar curtos-circuitos ou oxidação das mesmas, o que poderia danificar seriamente seu vibrador. Siga as leis de descarte exercidas em sua região, nunca descarte as pilhas no lixo comum sob risco de contaminação de solo e água.<br />\r\n <br />\r\nModo de Usar: Mantenha pressionado durante 3 segundos o botão localizado na base do vibrador para ligar ou desligar. Para alterar o modo de vibração pressione o mesmo solte-o rapidamente.<br />\r\n <br />\r\nRecomendações: É recomendado o uso de lubrificante à base de água.<br />\r\n <br />\r\nCuidados: <br />\r\n•        Conservar fora da luz solar e não expor a temperatura superior a 50ºC:<br />\r\n•        Nunca permita que a água entre em contato com o compartimento de pilhas/ baterias.<br />\r\n•        Higienize seu vibrador sempre antes e após o uso para maior segurança de sua saúde!<br />\r\n•        Consulte sempre seu ginecologista!<br />\r\n<br />\r\n- Folheto do produto<br />\r\n- Guia de Uso<br />\r\n', NULL, NULL, 1, 6.00, 12.00, 26.50, NULL, 'Importado por: Coliseu Comercial Importadora<br />\r\nDesign by: Germany<br />\r\nMade in: RPC     <br />\r\n'),
	(531, 7, 0, '41172P', 'Fantasia', 'Fantasia Universitária - Garota Veneno', '2014-12-12 12:53:09', NULL, 1, 92, NULL, 0, 1, 0.15, NULL, 'Tamanho: P<br />\r\n<br />\r\n<br />\r\nFantasia Universitária<br />\r\n<br />\r\nComposto por:<br />\r\n- Calcinha fio<br />\r\n- Saia<br />\r\n- Bolero Manga Curta <br />\r\n- Sutiã Com Amarra<br />\r\n<br />\r\nProduto de Alta Qualidade<br />\r\n<br />\r\nConfeccionado: <br />\r\nSaia<br />\r\n67% Poliéster<br />\r\n33% Algodão<br />\r\n<br />\r\nBolero/Calcinha<br />\r\n100% Poliamida<br />\r\n<br />\r\nSutiã com Amarra<br />\r\nTecido: 82% Poliamida<br />\r\n18% Elastano<br />\r\nForro: 100% Algodão<br />\r\n<br />\r\nImagem meramente ilustrativa. <br />\r\n<br />\r\nRecomendações: <br />\r\n<br />\r\n- Lavar a mão<br />\r\n- Usar sabão neutro<br />\r\n- Secar a sombra<br />\r\n', 0, NULL, 1, 3.00, 31.00, 20.00, '', ''),
	(532, 7, 0, '41318G', 'Fantasia', 'Fantasia Noiva - Tope - Garota Veneno', '2014-12-12 13:34:13', NULL, 1, 81, NULL, 1, 1, 0.11, NULL, 'TAMANHO: P<br />\r\n<br />\r\nFantasia Noiva - Tope.<br />\r\n<br />\r\nComposto por Tope, calcinha e Luva.<br />\r\n<br />\r\nProduto de alta qualidade! <br />\r\n<br />\r\n“Imagem meramente ilustrativa”.<br />\r\nBuquê não incluso.<br />\r\n<br />\r\nTam.: P<br />\r\n<br />\r\nConfeccionado em:<br />\r\nTope 100% Poliamida <br />\r\nCalcinha <br />\r\n100% Renda<br />\r\nRenda<br />\r\n67% Poliamida<br />\r\n25% Poliester<br />\r\n8% Elastano<br />\r\n<br />\r\nRecomendações:<br />\r\n- Lavar a mão<br />\r\n- Usar sabão neutro<br />\r\n- Secar a sombra', 0, NULL, NULL, 6.00, 28.00, 16.00, 'G', 'Fabricante: Garota Veneno'),
	(533, 7, 0, '41172M', 'Fantasia', 'Fantasia Universitária - Garota Veneno', '2014-12-12 14:06:32', NULL, 1, 92, NULL, 1, 1, 0.16, 1, 'Tamanho: M<br />\r\n<br />\r\nFantasia Universitária<br />\r\n<br />\r\nComposto por:<br />\r\n- Calcinha fio<br />\r\n- Saia<br />\r\n- Bolero Manga Curta <br />\r\n- Sutiã Com Amarra<br />\r\n<br />\r\nProduto de Alta Qualidade<br />\r\n<br />\r\nConfeccionado: <br />\r\nSaia<br />\r\n67% Poliéster<br />\r\n33% Algodão<br />\r\n<br />\r\nBolero/Calcinha<br />\r\n100% Poliamida<br />\r\n<br />\r\nSutiã com Amarra<br />\r\nTecido: 82% Poliamida<br />\r\n18% Elastano<br />\r\nForro: 100% Algodão<br />\r\n<br />\r\nImagem meramente ilustrativa. <br />\r\n<br />\r\nRecomendações: <br />\r\n<br />\r\n- Lavar a mão<br />\r\n- Usar sabão neutro<br />\r\n- Secar a sombra<br />\r\n', 0, NULL, NULL, 3.00, 31.00, 22.00, '', ''),
	(534, 7, 0, '41172G', 'Fantasia', 'Fantasia Universitária - Garota Veneno', '2014-12-12 14:09:30', NULL, 1, 92, NULL, 1, 1, 0.16, NULL, 'Tamanho: G<br />\r\n<br />\r\nFantasia Universitária<br />\r\n<br />\r\nComposto por:<br />\r\n- Calcinha fio<br />\r\n- Saia<br />\r\n- Bolero Manga Curta <br />\r\n- Sutiã Com Amarra<br />\r\n<br />\r\nProduto de Alta Qualidade<br />\r\n<br />\r\nConfeccionado: <br />\r\nSaia<br />\r\n67% Poliéster<br />\r\n33% Algodão<br />\r\n<br />\r\nBolero/Calcinha<br />\r\n100% Poliamida<br />\r\n<br />\r\nSutiã com Amarra<br />\r\nTecido: 82% Poliamida<br />\r\n18% Elastano<br />\r\nForro: 100% Algodão<br />\r\n<br />\r\nImagem meramente ilustrativa. <br />\r\n<br />\r\nRecomendações: <br />\r\n<br />\r\n- Lavar a mão<br />\r\n- Usar sabão neutro<br />\r\n- Secar a sombra<br />\r\n', 0, NULL, 1, 4.00, 32.00, 19.00, '', ''),
	(535, 7, 0, '41294M', 'Fantasia', 'Fantasia Enfermeira Perséfone - Garota Veneno', '2014-12-12 14:19:35', NULL, 1, 98, NULL, 1, 1, 0.22, NULL, 'Tamanho: M<br />\r\n<br />\r\nFantasia Enfermeira Perséfone<br />\r\n<br />\r\nComposto por:<br />\r\n- Cap<br />\r\n- Calcinha Fio<br />\r\n- Luvas<br />\r\n- Mini Vestido<br />\r\n<br />\r\nNão acompanha meia...<br />\r\n<br />\r\nConfeccionado com:<br />\r\nCalcinha Fio: 100% Poliamida<br />\r\n<br />\r\nLuvas/Vestido: 82% Poliamida<br />\r\n18% Elastano<br />\r\n<br />\r\nImagem meramente ilustrativa. <br />\r\n<br />\r\nRecomendações: <br />\r\n<br />\r\n- Lavar a mão<br />\r\n- Usar sabão neutro<br />\r\n- Secar a sombra', 0, NULL, NULL, 7.00, 32.00, 15.00, '', ''),
	(536, 7, 0, '41294G', 'Fantasia', 'Fantasia Enfermeira Perséfone - Garota Veneno', '2014-12-12 14:23:10', NULL, 1, 98, NULL, 0, 1, 0.22, NULL, 'Tamanho: G<br />\r\n<br />\r\nFantasia Enfermeira Perséfone<br />\r\n<br />\r\nComposto por:<br />\r\n- Cap<br />\r\n- Calcinha Fio<br />\r\n- Luvas<br />\r\n- Mini Vestido<br />\r\n<br />\r\nNão acompanha meia...<br />\r\n<br />\r\nConfeccionado com:<br />\r\nCalcinha Fio: 100% Poliamida<br />\r\n<br />\r\nLuvas/Vestido: 82% Poliamida<br />\r\n18% Elastano<br />\r\n<br />\r\nImagem meramente ilustrativa. <br />\r\n<br />\r\nRecomendações: <br />\r\n<br />\r\n- Lavar a mão<br />\r\n- Usar sabão neutro<br />\r\n- Secar a sombra<br />\r\n', NULL, NULL, 1, 6.00, 33.00, 14.00, NULL, NULL),
	(537, 7, 0, '41294GG', 'Fantasia', 'Fantasia Enfermeira Perséfone - Garota Veneno', '2014-12-12 14:25:20', NULL, 1, 98, NULL, 1, 1, 0.23, 1, 'Tamanho: GG<br />\r\n<br />\r\nFantasia Enfermeira Perséfone<br />\r\n<br />\r\nComposto por:<br />\r\n- Cap<br />\r\n- Calcinha Fio<br />\r\n- Luvas<br />\r\n- Mini Vestido<br />\r\n<br />\r\nNão acompanha meia...<br />\r\n<br />\r\nConfeccionado com:<br />\r\nCalcinha Fio: 100% Poliamida<br />\r\n<br />\r\nLuvas/Vestido: 82% Poliamida<br />\r\n18% Elastano<br />\r\n<br />\r\nImagem meramente ilustrativa. <br />\r\n<br />\r\nRecomendações: <br />\r\n<br />\r\n- Lavar a mão<br />\r\n- Usar sabão neutro<br />\r\n- Secar a sombra<br />\r\n', 0, NULL, 1, 6.00, 32.00, 16.00, 'GG', ''),
	(538, 7, 0, '41318M', 'Fantasia', 'Fantasia Noiva - Tope - Garota Vendeno', '2014-12-12 14:33:26', NULL, 1, 81, NULL, 0, 1, 0.11, NULL, 'TAMANHO: M<br />\r\n<br />\r\nFantasia Noiva - Tope.<br />\r\n<br />\r\nComposto por Tope, calcinha e Luva.<br />\r\n<br />\r\nProduto de alta qualidade! <br />\r\n<br />\r\n“Imagem meramente ilustrativa”.<br />\r\nBuquê não incluso.<br />\r\n<br />\r\nTam.: M<br />\r\n<br />\r\nConfeccionado em:<br />\r\nTope 100% Poliamida <br />\r\nCalcinha <br />\r\n100% Renda<br />\r\nRenda<br />\r\n67% Poliamida<br />\r\n25% Poliester<br />\r\n8% Elastano<br />\r\n<br />\r\nRecomendações:<br />\r\n- Lavar a mão<br />\r\n- Usar sabão neutro<br />\r\n- Secar a sombra', 0, NULL, NULL, 8.00, 29.00, 15.00, '', ''),
	(539, 7, 0, '84601BM', 'Conjunto em Cetim', 'Conjunto em Cetim e Tuli - Marinho - Garota Veneno', '2014-12-12 14:53:32', NULL, 1, 61, NULL, 2, 1, 0.10, NULL, 'Conjunto em Cetim e Tuli.<br />\r\n<br />\r\nUm produto de alta qualidade! <br />\r\n<br />\r\nCor: Marinho<br />\r\nTam.: M<br />\r\n<br />\r\nConfeccionado em: <br />\r\n82% Poliamida<br />\r\n18% Elastano<br />\r\nCalcinha, forro 100% algodão<br />\r\n<br />\r\nRecomendações: <br />\r\n- Lavar a mão<br />\r\n- Usar sabão neutro<br />\r\n- Secar a sombra<br />\r\n', 0, NULL, NULL, 6.00, 30.00, 15.00, '', ''),
	(540, 7, 0, '84601BG', 'Conjunto em Cetim', 'Conjunto em Cetim e Tuli - Marinho - Garota Veneno', '2014-12-12 14:56:04', NULL, 1, 61, NULL, 2, 1, 0.10, 1, 'Conjunto em Cetim e Tuli.<br />\r\n<br />\r\nUm produto de alta qualidade! <br />\r\n<br />\r\nCor: Marinho<br />\r\nTam.: G<br />\r\n<br />\r\nConfeccionado em: <br />\r\n82% Poliamida<br />\r\n18% Elastano<br />\r\nCalcinha, forro 100% algodão<br />\r\n<br />\r\nRecomendações: <br />\r\n- Lavar a mão<br />\r\n- Usar sabão neutro<br />\r\n- Secar a sombra<br />\r\n', 0, NULL, NULL, 7.00, 32.00, 17.00, '', ''),
	(541, 7, 0, '84601BGG', 'Conjunto em Cetim', 'Conjunto em Cetim e Tuli - Marinho - Garota Veneno', '2014-12-12 14:58:21', NULL, 1, 61, NULL, 1, 1, 0.11, NULL, 'Conjunto em Cetim e Tuli.<br />\r\n<br />\r\nUm produto de alta qualidade! <br />\r\n<br />\r\nCor: Marinho<br />\r\nTam.: GG<br />\r\n<br />\r\nConfeccionado em: <br />\r\n82% Poliamida<br />\r\n18% Elastano<br />\r\nCalcinha, forro 100% algodão<br />\r\n<br />\r\nRecomendações: <br />\r\n- Lavar a mão<br />\r\n- Usar sabão neutro<br />\r\n- Secar a sombra<br />\r\n', 0, NULL, 1, 6.00, 34.00, 18.00, '', ''),
	(542, 7, 0, '87609AG', 'Espartilho', 'Espartilho em Microfibra e Cetim - Preto', '2014-12-12 15:04:04', NULL, 1, 92, NULL, 1, 1, 0.20, NULL, 'TAMANHO: G<br />\r\n<br />\r\nEspartilho em Microfibra e Cetim, com bojo, laterais drapeado e ligas destacáveis. <br />\r\n<br />\r\nAcompanha calcinha fio. <br />\r\n<br />\r\nProduto de alta qualidade! <br />\r\n<br />\r\nNão acompanha meia<br />\r\n<br />\r\nCor: Preto<br />\r\n<br />\r\nTam.: G<br />\r\n<br />\r\nConfeccionado em:<br />\r\n82% Poliamida<br />\r\n18% Elastano<br />\r\n<br />\r\nCalcinha, forro 100% algodão<br />\r\n<br />\r\nRecomendações:<br />\r\n- Lavar a mão<br />\r\n- Usar sabão neutro<br />\r\n- Secar a sombra<br />\r\n', 0, NULL, NULL, 13.00, 32.00, 22.00, '', ''),
	(543, 7, 0, '87609AGG', 'Espartilho', 'Espartilho em Microfibra e Cetim - Preto', '2014-12-12 15:08:29', NULL, 1, 92, NULL, 0, 1, 0.20, NULL, '<br />\r\nTAMANHO: GG<br />\r\n<br />\r\nEspartilho em Microfibra e Cetim, com bojo, laterais drapeado e ligas destacáveis. <br />\r\n<br />\r\nAcompanha calcinha fio. <br />\r\n<br />\r\nProduto de alta qualidade! <br />\r\n<br />\r\nNão acompanha meia<br />\r\n<br />\r\nCor: Preto<br />\r\n<br />\r\nTam.: GG<br />\r\n<br />\r\nConfeccionado em:<br />\r\n82% Poliamida<br />\r\n18% Elastano<br />\r\n<br />\r\nCalcinha, forro 100% algodão<br />\r\n<br />\r\nRecomendações:<br />\r\n- Lavar a mão<br />\r\n- Usar sabão neutro<br />\r\n- Secar a sombra<br />\r\n', NULL, NULL, NULL, 20.00, 30.00, 23.00, NULL, NULL),
	(544, 7, 0, '84596BGG', 'Conjunto', 'Conjunto em Microfibra - Branco - Garota Veneno', '2014-12-12 15:16:01', NULL, 1, 61, NULL, 2, 1, 0.14, NULL, 'TAMANHO: GG<br />\r\n<br />\r\nConjunto em Microfibra, Sutien com base, nadador com fecho frontal e com calcinha com rendinha.<br />\r\n<br />\r\nUm produto de alta qualidade! <br />\r\n<br />\r\n“Imagem meramente Ilustrativa”<br />\r\n<br />\r\nCor: Branco<br />\r\n<br />\r\nTam.: GG<br />\r\n<br />\r\nConfeccionado em: <br />\r\n<br />\r\n82% Poliamida<br />\r\n18% Elastano<br />\r\n<br />\r\nCalcinha, forro 100% algodão<br />\r\n<br />\r\nRecomendações: <br />\r\n<br />\r\n- Lavar a mão<br />\r\n- Usar sabão neutro<br />\r\n- Secar a sombra<br />\r\n', 0, NULL, NULL, 7.00, 31.00, 20.00, '', ''),
	(545, 7, 0, '84618BM', 'Conjunto', 'Conjunto em Microfibra e Tuli - Sensuale - Garota Veneno', '2014-12-12 15:24:20', NULL, 1, 73, NULL, 1, 1, 0.09, NULL, 'TAMANHO: M<br />\r\n<br />\r\nConjunto em Microfibra e Tuli.<br />\r\n<br />\r\nUm produto de alta qualidade! <br />\r\n<br />\r\n“Imagem meramente Ilustrativa”<br />\r\n<br />\r\nCor: Sensuale<br />\r\nTam.: M<br />\r\n<br />\r\nConfeccionado em: <br />\r\n<br />\r\n82% Poliamida<br />\r\n18% Elastano<br />\r\n<br />\r\nCalcinha, forro 100% algodão<br />\r\n<br />\r\nRecomendações: <br />\r\n<br />\r\n- Lavar a mão<br />\r\n- Usar sabão neutro<br />\r\n- Secar a sombra<br />\r\n', 0, NULL, 1, 5.00, 33.00, 15.00, '', ''),
	(546, 7, 0, '84618BG', 'Conjunto', 'Conjunto em Microfibra e Tuli - Sensuale - Garota Veneno', '2014-12-12 15:26:24', NULL, 1, 73, NULL, 1, 1, 0.10, 1, 'TAMANHO: G<br />\r\n<br />\r\nConjunto em Microfibra e Tuli.<br />\r\n<br />\r\nUm produto de alta qualidade! <br />\r\n<br />\r\n“Imagem meramente Ilustrativa”<br />\r\n<br />\r\nCor: Sensuale<br />\r\nTam.: G<br />\r\n<br />\r\nConfeccionado em: <br />\r\n<br />\r\n82% Poliamida<br />\r\n18% Elastano<br />\r\n<br />\r\nCalcinha, forro 100% algodão<br />\r\n<br />\r\nRecomendações: <br />\r\n<br />\r\n- Lavar a mão<br />\r\n- Usar sabão neutro<br />\r\n- Secar a sombra<br />\r\n', 0, NULL, NULL, 7.00, 33.00, 15.00, '', ''),
	(547, 7, 0, '84618BGG', 'Conjunto', 'Conjunto em Microfibra e Tuli - Sensuale - Garota Veneno', '2014-12-12 15:28:13', NULL, 1, 73, NULL, 2, 1, 0.12, NULL, 'TAMANHO: GG<br />\r\n<br />\r\nConjunto em Microfibra e Tuli.<br />\r\n<br />\r\nUm produto de alta qualidade! <br />\r\n<br />\r\n“Imagem meramente Ilustrativa”<br />\r\n<br />\r\nCor: Sensuale<br />\r\nTam.: GG<br />\r\n<br />\r\nConfeccionado em: <br />\r\n<br />\r\n82% Poliamida<br />\r\n18% Elastano<br />\r\n<br />\r\nCalcinha, forro 100% algodão<br />\r\n<br />\r\nRecomendações: <br />\r\n<br />\r\n- Lavar a mão<br />\r\n- Usar sabão neutro<br />\r\n- Secar a sombra<br />\r\n', 0, NULL, NULL, 8.00, 40.00, 20.00, '', ''),
	(548, 7, 0, '84602BM', 'Conjunto', 'Conjunto em Cetim e Renda - Castanho - Garota Veneno', '2014-12-12 15:33:51', NULL, 1, 71, NULL, 3, 1, 0.09, NULL, 'TAMANHO: M<br />\r\n<br />\r\nConjunto em Cetim e Renda<br />\r\n<br />\r\nUm produto de alta qualidade! <br />\r\n<br />\r\nCor: Castanho<br />\r\n<br />\r\nTam.: M<br />\r\n<br />\r\nConfeccionado em: <br />\r\n82% Poliamida<br />\r\n18% Elastano<br />\r\nCalcinha, forro 100% algodão<br />\r\n<br />\r\nRecomendações: <br />\r\n- Lavar a mão<br />\r\n- Usar sabão neutro<br />\r\n- Secar a sombra<br />\r\n', 0, NULL, NULL, 5.00, 31.00, 18.00, '', ''),
	(549, 7, 0, '84602BG', 'Conjunto', 'Conjunto em Cetim e Renda - Castanho - Garota Veneno', '2014-12-12 15:36:30', NULL, 1, 71, NULL, 1, 1, 0.10, NULL, 'TAMANHO: G<br />\r\n<br />\r\nConjunto em Cetim e Renda<br />\r\n<br />\r\nUm produto de alta qualidade! <br />\r\n<br />\r\nCor: Castanho<br />\r\n<br />\r\nTam.: G<br />\r\n<br />\r\nConfeccionado em: <br />\r\n82% Poliamida<br />\r\n18% Elastano<br />\r\nCalcinha, forro 100% algodão<br />\r\n<br />\r\nRecomendações: <br />\r\n- Lavar a mão<br />\r\n- Usar sabão neutro<br />\r\n- Secar a sombra<br />\r\n', 0, NULL, 1, 7.00, 33.00, 18.00, '', ''),
	(550, 7, 0, '84602BGG', 'Conjunto', 'Conjunto em Cetim e Renda - Castanho - Garota Veneno', '2014-12-12 15:39:16', NULL, 1, 71, NULL, 2, 1, 0.10, 1, 'TAMANHO: GG<br />\r\n<br />\r\nConjunto em Cetim e Renda<br />\r\n<br />\r\nUm produto de alta qualidade! <br />\r\n<br />\r\nCor: Castanho<br />\r\n<br />\r\nTam.: GG<br />\r\n<br />\r\nConfeccionado em: <br />\r\n82% Poliamida<br />\r\n18% Elastano<br />\r\nCalcinha, forro 100% algodão<br />\r\n<br />\r\nRecomendações: <br />\r\n- Lavar a mão<br />\r\n- Usar sabão neutro<br />\r\n- Secar a sombra<br />\r\n', 0, NULL, NULL, 6.00, 33.00, 21.00, '', ''),
	(551, 45, 0, '38SLFFPG4', 'Gel de Massagem', 'Power Guido - Provocador de Ereção', '2014-12-16 09:42:28', NULL, 1, 15.5, NULL, 5, 2, 0.02, NULL, 'Power Guido - Provocador de ereção<br />\r\n<br />\r\nContém 2 sachês<br />\r\n<br />\r\nPower Guido é um provocador de ereção prático e fácil de usar.<br />\r\nSua embalagem pode ser facilmente guardada na carteira e para uma performance prazerosa e segura, torna-se tão indispensável quanto o uso de preservativo. <br />\r\nAlém da arginina e mentol que intensificam e refrescam a região onde é aplicado, vibra e aquece.﻿', 0, NULL, 1, 0.05, 6.50, 8.50, '', ''),
	(552, 53, 0, '81674519G', 'Maiô', 'Maiô com Bojo Removível com Jóia na alça - Malu Macedo', '2014-12-16 10:10:58', NULL, 1, 187, NULL, 1, 1, 0.17, 1, 'Maiô com Bojo Removível com Jóia na alça, com as costas aberta<br />\r\n<br />\r\nTam: G<br />\r\nTecido de alta qualidade, toque macio, confortável e de secagem rápida. <br />\r\n<br />\r\nComposição: <br />\r\n90% Poliamida<br />\r\n10% Elastano<br />\r\nForro: 100% Poliamida<br />\r\n', 0, NULL, NULL, 4.50, 36.00, 17.00, '', ''),
	(553, 53, 0, '81674519M', 'Maiô', 'Maiô com Bojo Removível com Jóia na alça - Malu Macedo', '2014-12-16 10:15:27', NULL, 1, 187, NULL, 1, 1, 0.16, NULL, 'Maiô com Bojo Removível com Jóia na alça, com as costas aberta<br />\r\n<br />\r\nTam: M<br />\r\n<br />\r\nTecido de alta qualidade, toque macio, confortável e de secagem rápida. <br />\r\n<br />\r\nComposição: <br />\r\n90% Poliamida<br />\r\n10% Elastano<br />\r\nForro: 100% Poliamida', 0, NULL, 1, 4.50, 36.00, 17.00, '', ''),
	(554, 53, 0, '81674519P', 'Maiô', 'Maiô com Bojo Removível com Jóia na alça - Malu Macedo', '2014-12-16 10:19:39', NULL, 1, 187, NULL, 1, 1, 0.15, NULL, 'Maiô com Bojo Removível com Jóia na alça, com as costas aberta<br />\r\n<br />\r\nTam: P<br />\r\n<br />\r\nTecido de alta qualidade, toque macio, confortável e de secagem rápida. <br />\r\n<br />\r\nComposição: <br />\r\n90% Poliamida<br />\r\n10% Elastano<br />\r\nForro: 100% Poliamida', 0, NULL, NULL, 4.50, 36.00, 17.00, '', ''),
	(555, 53, 0, '81674537G', 'Maiô', 'Maiô com Bojo Drapeado, Jóia e fecho Traseiro - Malu Macedo', '2014-12-16 10:38:28', NULL, 1, 155.8, NULL, 1, 1, 0.18, NULL, 'Maiô com Bojo Drapeado Jóia e Fecho Traseiro - Malu Macedo<br />\r\n<br />\r\nTam: G<br />\r\n<br />\r\nTecido de alta qualidade, toque macio, confortável e de secagem rápida. <br />\r\n<br />\r\nComposição: <br />\r\n90% Poliamida<br />\r\n10% Elastano<br />\r\nForro: 100% Poliamida<br />\r\n', 0, NULL, 1, 6.50, 37.00, 17.00, '', ''),
	(556, 53, 0, '81674537M', 'Maiô', 'Maiô com Bojo Drapeado, Jóia e fecho Traseiro - Malu Macedo', '2014-12-16 10:40:31', NULL, 1, 155.8, NULL, 1, 1, 0.17, 1, 'Maiô com Bojo Drapeado Jóia e Fecho Traseiro - Malu Macedo<br />\r\n<br />\r\nTam: M<br />\r\n<br />\r\nTecido de alta qualidade, toque macio, confortável e de secagem rápida. <br />\r\n<br />\r\nComposição: <br />\r\n90% Poliamida<br />\r\n10% Elastano<br />\r\nForro: 100% Poliamida<br />\r\n', 0, NULL, NULL, 5.50, 27.00, 24.00, '', ''),
	(557, 53, 0, '81674535M', 'Saída de Praia', 'Saída de Praia Kaftan com Detalhe Drapeado - Malu Macedo', '2014-12-16 10:49:31', NULL, 1, 233.8, NULL, 1, 1, 0.15, 1, 'Saída de Praia Kaftan com Detalhe Drapeado - Malu Macedo<br />\r\n<br />\r\nTam: M<br />\r\n<br />\r\nKaftan com pala, franzido frontal e tecido chifon<br />\r\n<br />\r\nTecido de alta qualidade, toque macio, confortável. <br />\r\n<br />\r\nComposição: <br />\r\n<br />\r\n100% Poliéster<br />\r\n', 0, NULL, NULL, 5.50, 27.00, 24.00, '', ''),
	(558, 53, 0, '81674535P', 'Saída de Praia', 'Saída de Praia Kaftan com Detalhe Drapeado - Malu Macedo', '2014-12-16 11:00:27', NULL, 1, 233.8, NULL, 1, 1, 0.15, NULL, 'Saída de Praia Kaftan com Detalhe Drapeado - Malu Macedo<br />\r\n<br />\r\nTam: P<br />\r\n<br />\r\nKaftan com pala, franzido frontal e tecido chifon<br />\r\n<br />\r\nTecido de alta qualidade, toque macio, confortável. <br />\r\n<br />\r\nComposição: <br />\r\n<br />\r\n100% Poliéster<br />\r\n', 0, NULL, 1, 3.50, 30.00, 25.00, '', ''),
	(559, 53, 0, '81674533G', 'Biquini', 'Biquini com Jóia e Arco de Sustentação, Calcinha Tanga - Malu Macedo', '2014-12-16 11:16:28', NULL, 1, 202.6, NULL, 1, 1, 0.18, 1, 'Biquini com Jóia e Arco de Sustentação, Calcinha Tanga - Malu Macedo<br />\r\n<br />\r\nSutiã frente única com jóia e arco de sustentação. Possui bojo.<br />\r\n<br />\r\nCalcinha tanga simples estampada.<br />\r\n<br />\r\nTam: G<br />\r\n<br />\r\nTecido de alta qualidade, toque macio, confortável e de secagem rápida. <br />\r\n<br />\r\nComposição: <br />\r\n90% Poliamida<br />\r\n10% Elastano<br />\r\nForro: 100% Poliamida<br />\r\n', 0, NULL, NULL, 7.50, 37.00, 18.00, '', ''),
	(560, 53, 0, '81674533M', 'Biquini', 'Biquini com Jóia e Arco de Sustentação, Calcinha Tanga - Malu Macedo', '2014-12-16 11:20:41', NULL, 1, 202.6, NULL, 1, 1, 0.16, NULL, 'Biquini com Jóia e Arco de Sustentação, Calcinha Tanga - Malu Macedo<br />\r\n<br />\r\nSutiã frente única com jóia e arco de sustentação. Possui bojo.<br />\r\n<br />\r\nCalcinha tanga simples estampada.<br />\r\n<br />\r\nTam: M<br />\r\n<br />\r\nTecido de alta qualidade, toque macio, confortável e de secagem rápida. <br />\r\n<br />\r\nComposição: <br />\r\n90% Poliamida<br />\r\n10% Elastano<br />\r\nForro: 100% Poliamida<br />\r\n', 0, NULL, 1, 7.50, 37.00, 18.00, '', ''),
	(561, 53, 0, '81674533P', 'Biquini', 'Biquini com Jóia e Arco de Sustentação, Calcinha Tanga - Malu Macedo', '2014-12-16 11:29:38', NULL, 1, 202.6, NULL, 1, 1, 0.16, NULL, 'Biquini com Jóia e Arco de Sustentação, Calcinha Tanga - Malu Macedo<br />\r\n<br />\r\nSutiã frente única com jóia e arco de sustentação. Possui bojo.<br />\r\n<br />\r\nCalcinha tanga simples estampada.<br />\r\n<br />\r\nTam: P<br />\r\n<br />\r\nTecido de alta qualidade, toque macio, confortável e de secagem rápida. <br />\r\n<br />\r\nComposição: <br />\r\n90% Poliamida<br />\r\n10% Elastano<br />\r\nForro: 100% Poliamida<br />\r\n', 0, NULL, NULL, 5.50, 37.00, 18.00, 'P', ''),
	(562, 53, 0, '81674518G', 'Biquini', 'Biquini Frente Unica Cortininha com Pedras de Ambar, Calcinha Tanga - Malu Macedo', '2014-12-16 11:45:35', NULL, 1, 179.2, NULL, 1, 1, 0.11, NULL, 'Biquini Frente Unica Cortininha com Pedras Ambar, Calcinha Tanga - Malu Macedo<br />\r\n<br />\r\nSutiã Frente Unica cortininha com pedras ambar. Possui bojo.<br />\r\n<br />\r\nCalcinha tanga com cós.<br />\r\n<br />\r\nTam: G<br />\r\n<br />\r\nTecido de alta qualidade, toque macio, confortável e de secagem rápida. <br />\r\n<br />\r\nComposição: <br />\r\n90% Poliamida<br />\r\n10% Elastano<br />\r\nForro: 100% Poliamida<br />\r\n', 0, NULL, 1, 4.50, 25.00, 20.00, '', ''),
	(563, 53, 0, '81674518M', 'Biquini', 'Biquini Frente Unica Cortininha com Pedras de Ambar, Calcinha Tanga - Malu Macedo', '2014-12-16 11:51:03', NULL, 1, 179.2, NULL, 1, 1, 0.10, 1, 'Biquini Frente Unica Cortininha com Pedras Ambar, Calcinha Tanga - Malu Macedo<br />\r\n<br />\r\nSutiã Frente Unica cortininha com pedras ambar. Possui bojo.<br />\r\n<br />\r\nCalcinha tanga com cós.<br />\r\n<br />\r\nTam: M<br />\r\n<br />\r\nTecido de alta qualidade, toque macio, confortável e de secagem rápida. <br />\r\n<br />\r\nComposição: <br />\r\n90% Poliamida<br />\r\n10% Elastano<br />\r\nForro: 100% Poliamida<br />\r\n', 0, NULL, NULL, 4.50, 25.00, 20.00, 'M', ''),
	(564, 54, 0, '816MS2245G', 'Biquini', 'Biquini Tomara que Caia, Com Detalhes Drapeado, Calcinha Tanga - Mar e Sol', '2014-12-16 12:06:02', NULL, 0, 88.8, NULL, 1, 1, 0.14, NULL, 'Biquini tomara que caia , com detalhe drapeado , Calcinha tanga - Mar e Sol<br />\r\n<br />\r\nComposto de duas peças é completamente forrado, e desta forma não terá que se preocupar com transparências.<br />\r\nSoutien : tomara que caia com detalhes frontal.<br />\r\n<br />\r\nCalcinha : tanga<br />\r\n<br />\r\nTam: G<br />\r\n<br />\r\nTecido de alta qualidade, toque macio, confortável e de secagem rápida. <br />\r\nEstampas variadas sem opção de escolha. <br />\r\n<br />\r\n<br />\r\nComposição: <br />\r\n84% Poliamida<br />\r\n16% Elastano<br />\r\nForro: 100% Poliamida<br />\r\n', NULL, NULL, 1, 6.50, 35.00, 17.00, NULL, NULL),
	(565, 54, 0, '816MS2245M', 'Biquini', 'Biquini Tomara que Caia, Com Detalhes Drapeado, Calcinha Tanga - Mar e Sol', '2014-12-16 12:09:11', NULL, 0, 88.8, NULL, 1, 1, 0.12, NULL, 'Biquini tomara que caia , com detalhe drapeado , Calcinha tanga - Mar e Sol<br />\r\n<br />\r\nComposto de duas peças é completamente forrado, e desta forma não terá que se preocupar com transparências.<br />\r\nSoutien : tomara que caia com detalhes frontal.<br />\r\n<br />\r\nCalcinha : tanga<br />\r\n<br />\r\nTam: M<br />\r\n<br />\r\nTecido de alta qualidade, toque macio, confortável e de secagem rápida. <br />\r\nEstampas variadas sem opção de escolha. <br />\r\n<br />\r\n<br />\r\nComposição: <br />\r\n84% Poliamida<br />\r\n16% Elastano<br />\r\nForro: 100% Poliamida<br />\r\n', NULL, NULL, 1, 5.50, 35.00, 19.00, NULL, NULL),
	(566, 53, 0, '81674541G', 'Biquini', 'Biquini Tomara que Caia com Jóia, Calcinha Tanga com Cós Larga - Malu Macedo', '2014-12-16 13:49:38', NULL, 1, 179.2, NULL, 1, 1, 0.17, NULL, 'Biquini Tomara que Caia com Jóia, Calcinha Tanga com Cós Larga - Malu Macedo<br />\r\n<br />\r\nSutiã tomara que caia ou frente única com jóia removível e jóia. Possui bojo.<br />\r\n<br />\r\nCalcinha tanga com cós largo e jóia.<br />\r\n<br />\r\nTam: G<br />\r\n<br />\r\nTecido de alta qualidade, toque macio, confortável e de secagem rápida. <br />\r\n<br />\r\nComposição: <br />\r\n90% Poliamida<br />\r\n10% Elastano<br />\r\nForro: 100% Poliamida<br />\r\n', NULL, NULL, 1, 5.50, 37.00, 17.00, NULL, NULL),
	(567, 53, 0, '81674541M', 'Biquini', 'Biquini Tomara que Caia com Jóia, Calcinha Tanga com Cós Larga - Malu Macedo', '2014-12-16 13:52:00', NULL, 1, 179.2, NULL, 1, 1, 0.16, 1, 'Biquini Tomara que Caia com Jóia, Calcinha Tanga com Cós Larga - Malu Macedo<br />\r\n<br />\r\nSutiã tomara que caia ou frente única com jóia removível e jóia. Possui bojo.<br />\r\n<br />\r\nCalcinha tanga com cós largo e jóia.<br />\r\n<br />\r\nTam: M<br />\r\n<br />\r\nTecido de alta qualidade, toque macio, confortável e de secagem rápida. <br />\r\n<br />\r\nComposição: <br />\r\n90% Poliamida<br />\r\n10% Elastano<br />\r\nForro: 100% Poliamida<br />\r\n', 0, NULL, NULL, 5.50, 37.00, 17.00, 'M', ''),
	(568, 53, 0, '81674527G', 'Biquini', 'Biquini Estampado com Detalhe Drapeado com Bojo e Arco - Malu Macedo', '2014-12-16 13:57:34', NULL, 1, 176, NULL, 1, 1, 0.14, 1, 'Biquini Estampado com Detalhe Drapeado com Bojo e Arco, Calcinha Boneca - Malu Macedo<br />\r\n<br />\r\nSutiã estampado com design drapeado e detalhe frontal com fecho traseiro. Possui bojo e arco.<br />\r\n<br />\r\nCalcinha estilo boneca com detalhe macramê.<br />\r\n<br />\r\nTam: G<br />\r\n<br />\r\nTecido de alta qualidade, toque macio, confortável e de secagem rápida. <br />\r\n<br />\r\nComposição: <br />\r\n90% Poliamida<br />\r\n10% Elastano<br />\r\nForro: 100% Poliamida<br />\r\n', 0, NULL, NULL, 7.50, 37.00, 18.00, 'G', ''),
	(569, 53, 0, '81674527M', 'Biquini', 'Biquini Estampado com Detalhe Drapeado com Bojo e Arco - Malu Macedo', '2014-12-16 14:00:45', NULL, 1, 176, NULL, 1, 1, 0.13, NULL, 'Biquini Estampado com Detalhe Drapeado com Bojo e Arco, Calcinha Boneca - Malu Macedo<br />\r\n<br />\r\nSutiã estampado com design drapeado e detalhe frontal com fecho traseiro. Possui bojo e arco.<br />\r\n<br />\r\nCalcinha estilo boneca com detalhe macramê.<br />\r\n<br />\r\nTam: M<br />\r\n<br />\r\nTecido de alta qualidade, toque macio, confortável e de secagem rápida. <br />\r\n<br />\r\nComposição: <br />\r\n90% Poliamida<br />\r\n10% Elastano<br />\r\nForro: 100% Poliamida<br />\r\n', 0, NULL, NULL, 6.50, 37.00, 18.00, '', ''),
	(570, 53, 0, '81674527P', 'Biquini', 'Biquini Estampado com Detalhe Drapeado com Bojo e Arco - Malu Macedo', '2014-12-16 14:05:52', NULL, 1, 176, NULL, 1, 1, 0.12, NULL, 'Biquini Estampado com Detalhe Drapeado com Bojo e Arco, Calcinha Boneca - Malu Macedo<br />\r\n<br />\r\nSutiã estampado com design drapeado e detalhe frontal com fecho traseiro. Possui bojo e arco.<br />\r\n<br />\r\nCalcinha estilo boneca com detalhe macramê.<br />\r\n<br />\r\nTam: P<br />\r\n<br />\r\nTecido de alta qualidade, toque macio, confortável e de secagem rápida. <br />\r\n<br />\r\nComposição: <br />\r\n90% Poliamida<br />\r\n10% Elastano<br />\r\nForro: 100% Poliamida<br />\r\n', NULL, NULL, 1, 6.50, 37.00, 18.00, NULL, NULL),
	(571, 53, 0, '81674520G', 'Saída de Praia', 'Saída de Praia Chemisie com Botões Dourados e Amarras Ajustáveis - Malu Macedo', '2014-12-16 14:11:18', NULL, 1, 233.8, NULL, 1, 1, 0.18, NULL, 'Saída de Praia Chemisie com Botões Dourados e Amarras Ajustaveis no Quadril - Malu Macedo<br />\r\n<br />\r\nChemisie com botões dourados e amarras ajustáveis no quadril.<br />\r\n<br />\r\nTam: G<br />\r\n<br />\r\nTecido de alta qualidade, toque macio, confortável. <br />\r\n<br />\r\nComposição: <br />\r\n<br />\r\n100% Poliéster<br />\r\n', 0, NULL, 1, 2.50, 30.00, 25.00, '', ''),
	(572, 53, 0, '81674520M', 'Saída de Praia', 'Saída de Praia Chemisie com Botões Dourados e Amarras Ajustáveis - Malu Macedo', '2014-12-16 14:14:22', NULL, 1, 233.8, NULL, 1, 1, 0.17, NULL, 'Saída de Praia Chemisie com Botões Dourados e Amarras Ajustaveis no Quadril - Malu Macedo<br />\r\n<br />\r\nChemisie com botões dourados e amarras ajustáveis no quadril.<br />\r\n<br />\r\nTam: M<br />\r\n<br />\r\nTecido de alta qualidade, toque macio, confortável. <br />\r\n<br />\r\nComposição: <br />\r\n<br />\r\n100% Poliéster<br />\r\n', 0, NULL, NULL, 2.50, 30.00, 25.00, '', ''),
	(573, 53, 0, '81674520P', 'Saída de Praia', 'Saída de Praia Chemisie com Botões Dourados e Amarras Ajustáveis - Malu Macedo', '2014-12-16 14:16:39', NULL, 1, 233.8, NULL, 1, 1, 0.17, 1, 'Saída de Praia Chemisie com Botões Dourados e Amarras Ajustaveis no Quadril - Malu Macedo<br />\r\n<br />\r\nChemisie com botões dourados e amarras ajustáveis no quadril.<br />\r\n<br />\r\nTam: P<br />\r\n<br />\r\nTecido de alta qualidade, toque macio, confortável. <br />\r\n<br />\r\nComposição: <br />\r\n<br />\r\n100% Poliéster<br />\r\n', 0, NULL, NULL, 2.50, 30.00, 25.00, '', ''),
	(574, 55, 0, '83NAS520G', 'Calcinha', 'Calcinha Conforto sem Costura - Nassama', '2014-12-16 15:33:09', NULL, 1, 21, NULL, 1, 1, 0.03, NULL, 'Calcinha Conforto sem Costura – Nassama<br />\r\n<br />\r\nCor: Branco<br />\r\n<br />\r\nTam: G<br />\r\n<br />\r\nComposição:<br />\r\n74 % Poliamida<br />\r\n26 % Elastano<br />\r\n<br />\r\nForro 100 % Algodão<br />\r\n', 0, NULL, NULL, 1.50, 14.00, 12.00, '', ''),
	(575, 55, 0, '83NAS520M', 'Calcinha', 'Calcinha Conforto sem Costura - Nassama', '2014-12-16 15:35:17', NULL, 1, 21, NULL, 2, 1, 0.03, NULL, 'Calcinha Conforto sem Costura – Nassama<br />\r\n<br />\r\nCor: Branco<br />\r\n<br />\r\nTam: M<br />\r\n<br />\r\nComposição:<br />\r\n74 % Poliamida<br />\r\n26 % Elastano<br />\r\n<br />\r\nForro 100 % Algodão<br />\r\n', 0, NULL, NULL, 1.50, 14.00, 12.00, '', ''),
	(576, 55, 0, '83NAS520P', 'Calcinha', 'Calcinha Conforto sem Costura - Nassama', '2014-12-16 15:40:40', NULL, 1, 21, NULL, 1, 1, 0.03, NULL, 'Calcinha Conforto sem Costura – Nassama<br />\r\n<br />\r\nCor: Branco<br />\r\n<br />\r\nTam: P<br />\r\n<br />\r\nComposição:<br />\r\n74 % Poliamida<br />\r\n26 % Elastano<br />\r\n<br />\r\nForro 100 % Algodão<br />\r\n', 0, NULL, NULL, 1.50, 14.00, 12.00, '', ''),
	(577, 56, 0, '83074G', 'Calcinha', 'Calcinha Tanga Devore com Renda e Laço - Vermelho', '2014-12-16 15:50:34', NULL, 1, 12.3, NULL, 2, 1, 0.03, 1, 'Tanga Devore com renda e detalhe laço - Sempre Bella<br />\r\n<br />\r\nCor: Vermelho<br />\r\n<br />\r\nTam: G<br />\r\n<br />\r\nComposição:<br />\r\n82 % Poliamida <br />\r\n18 % Elastano<br />\r\n<br />\r\nForro 100 % Algodão<br />\r\n', 0, NULL, NULL, 1.20, 13.00, 10.00, 'G', ''),
	(578, 56, 0, '83074M', 'Calcinha', 'Calcinha Tanga Devore com Renda e Laço - Vermelho', '2014-12-16 15:52:22', NULL, 1, 12.3, NULL, 2, 1, 0.03, NULL, 'Tanga Devore com renda e detalhe laço - Sempre Bella<br />\r\n<br />\r\nCor: Vermelho<br />\r\n<br />\r\nTam: M<br />\r\n<br />\r\nComposição:<br />\r\n82 % Poliamida <br />\r\n18 % Elastano<br />\r\n<br />\r\nForro 100 % Algodão<br />\r\n', NULL, NULL, NULL, 1.50, 13.00, 10.00, NULL, NULL),
	(579, 56, 0, '83074P', 'Calcinha', 'Calcinha Tanga Devore com Renda e Laço - Vermelho', '2014-12-16 15:54:00', NULL, 1, 12.3, NULL, 1, 1, 0.03, NULL, 'Tanga Devore com renda e detalhe laço - Sempre Bella<br />\r\n<br />\r\nCor: Vermelho<br />\r\n<br />\r\nTam: P<br />\r\n<br />\r\nComposição:<br />\r\n82 % Poliamida <br />\r\n18 % Elastano<br />\r\n<br />\r\nForro 100 % Algodão<br />\r\n', 0, NULL, NULL, 1.50, 11.00, 10.00, '', ''),
	(580, 57, 0, '834521M', 'Calcinha', 'Calcinha Fio Dental Clean sem Costura Lateral Larga - Liebe - Rubi', '2014-12-16 16:08:24', NULL, 1, 25, NULL, 1, 1, 0.03, NULL, 'Calcinha Fio Dental Lateral Larga Liebe, coleção Clean. <br />\r\n<br />\r\nCor: Rubi<br />\r\n<br />\r\nTam: M<br />\r\n<br />\r\nCalça Tecnológica a Laser. Não Marca sob a roupa.<br />\r\nCalcinha modelagem fio dental confeccionada em microfibra elástica super confortável. <br />\r\nTem lateral Larga, bastante confortável. Para todos os quadris e bumbuns.Linha Clean é casual e sofisticada, com cortes anatômicos que proporcionam conforto e bem estar. <br />\r\n<br />\r\nComposição: <br />\r\n76% Poliamida<br />\r\n24% Elastano / Forro<br />\r\n100% Algodão<br />\r\n<br />\r\nTamanhos: P=40 | M=42 | G=44 | GG=46<br />\r\n', NULL, NULL, NULL, 1.50, 12.00, 12.00, NULL, NULL),
	(581, 56, 0, '83SEMP019M', 'Calcinha', 'Calcinha Tanga com Renda, Cinta Dupla - Sempre Bella', '2014-12-16 16:18:32', NULL, 1, 11.9, NULL, 1, 1, 0.02, 1, 'Tanga com Renda, Cinta Dupla, Abertura Atrás e Laços em Cetim<br />\r\n<br />\r\nCor: Preto<br />\r\n<br />\r\nTam: M<br />\r\n<br />\r\nComposição:<br />\r\n90 % Poliéster<br />\r\n10 % Elastano<br />\r\n<br />\r\nForro 100 % Algodão<br />\r\n', 0, NULL, NULL, 1.50, 11.00, 10.00, 'M', '');
/*!40000 ALTER TABLE `produto` ENABLE KEYS */;


-- Copiando estrutura para tabela sedaerot_loja.produtocategoria
CREATE TABLE IF NOT EXISTS `produtocategoria` (
  `produtocategoriaID` int(11) NOT NULL AUTO_INCREMENT,
  `mCategoriaId` int(11) DEFAULT NULL,
  `mSubcategoriaId` int(11) DEFAULT NULL,
  `mProdutoId` int(11) DEFAULT NULL,
  PRIMARY KEY (`produtocategoriaID`),
  KEY `FK_produto_categoria_categoria` (`mCategoriaId`),
  KEY `FK_produto_categoria_subcategoria` (`mSubcategoriaId`),
  KEY `FK_produto_categoria_produto` (`mProdutoId`),
  CONSTRAINT `FK_produto_categoria_categoria` FOREIGN KEY (`mCategoriaId`) REFERENCES `categoria` (`categoriaId`) ON DELETE CASCADE ON UPDATE CASCADE,
  CONSTRAINT `FK_produto_categoria_produto` FOREIGN KEY (`mProdutoId`) REFERENCES `produto` (`produtoId`) ON DELETE CASCADE ON UPDATE CASCADE,
  CONSTRAINT `FK_produto_categoria_subcategoria` FOREIGN KEY (`mSubcategoriaId`) REFERENCES `subcategoria` (`subcategoriaId`) ON DELETE CASCADE ON UPDATE CASCADE
) ENGINE=InnoDB AUTO_INCREMENT=3395 DEFAULT CHARSET=utf8 COMMENT='relacionamento N:N de produtos com categorias/subcategorias';

-- Copiando dados para a tabela sedaerot_loja.produtocategoria: ~849 rows (aproximadamente)
/*!40000 ALTER TABLE `produtocategoria` DISABLE KEYS */;
INSERT INTO `produtocategoria` (`produtocategoriaID`, `mCategoriaId`, `mSubcategoriaId`, `mProdutoId`) VALUES
	(169, 10, 52, 91),
	(305, 1, 4, 28),
	(307, 1, 4, 30),
	(312, 2, 13, 35),
	(313, 2, 13, 36),
	(392, 3, 18, 78),
	(416, 1, 1, 97),
	(417, 1, 7, 97),
	(432, 5, 34, 112),
	(463, 6, 39, 89),
	(464, 1, 10, 132),
	(465, 6, 39, 132),
	(602, 2, 12, 122),
	(603, 1, 10, 122),
	(614, 3, 18, 164),
	(615, 3, 18, 163),
	(627, 8, 76, 172),
	(628, 8, 68, 172),
	(637, 6, 35, 6),
	(666, 6, 36, 38),
	(710, 3, 19, 95),
	(711, 5, 34, 113),
	(712, 5, 34, 114),
	(713, 5, 34, 115),
	(714, 5, 34, 116),
	(715, 5, 34, 117),
	(716, 5, 34, 118),
	(719, 5, 33, 120),
	(728, 2, 12, 186),
	(746, 3, 18, 192),
	(747, 3, 19, 192),
	(754, 3, 16, 183),
	(756, 3, 19, 195),
	(758, 3, 19, 191),
	(775, 1, 4, 29),
	(780, 4, 27, 56),
	(781, 1, 10, 56),
	(792, 6, 35, 5),
	(793, 4, 27, 57),
	(794, 1, 10, 57),
	(824, 5, 31, 121),
	(827, 1, 1, 137),
	(828, 1, 7, 137),
	(829, 7, 42, 137),
	(830, 7, 40, 136),
	(842, 8, 44, 17),
	(843, 8, 68, 17),
	(844, 8, 44, 18),
	(866, 1, 7, 139),
	(867, 7, 41, 139),
	(868, 7, 40, 139),
	(869, 1, 6, 200),
	(882, 3, 16, 32),
	(887, 8, 45, 150),
	(888, 11, 70, 150),
	(889, 8, 67, 150),
	(913, 3, 64, 128),
	(914, 3, 21, 128),
	(921, 8, 76, 173),
	(922, 8, 67, 173),
	(923, 1, 8, 201),
	(928, 2, 12, 204),
	(930, 2, 12, 202),
	(933, 2, 12, 203),
	(948, 3, 19, 208),
	(955, 3, 18, 211),
	(956, 3, 19, 211),
	(958, 3, 19, 74),
	(985, 3, 19, 222),
	(990, 3, 19, 224),
	(993, 3, 77, 227),
	(1008, 11, 58, 140),
	(1009, 4, 28, 140),
	(1010, 11, 58, 141),
	(1011, 4, 28, 141),
	(1026, 8, 45, 40),
	(1040, 8, 48, 50),
	(1084, 3, 18, 60),
	(1085, 3, 24, 60),
	(1086, 3, 18, 59),
	(1087, 3, 24, 59),
	(1098, 10, 53, 235),
	(1099, 10, 53, 236),
	(1102, 10, 53, 239),
	(1109, 8, 72, 243),
	(1118, 8, 46, 46),
	(1119, 8, 48, 55),
	(1120, 8, 66, 55),
	(1138, 8, 74, 250),
	(1139, 8, 74, 251),
	(1140, 8, 74, 252),
	(1147, 8, 74, 253),
	(1148, 8, 76, 254),
	(1149, 8, 67, 254),
	(1184, 4, 27, 260),
	(1185, 11, 57, 260),
	(1245, 8, 45, 147),
	(1246, 11, 70, 147),
	(1247, 8, 66, 147),
	(1275, 11, 70, 285),
	(1276, 8, 45, 285),
	(1277, 8, 68, 285),
	(1288, 11, 57, 291),
	(1289, 4, 27, 291),
	(1298, 11, 57, 292),
	(1299, 4, 27, 292),
	(1303, 3, 16, 188),
	(1316, 3, 21, 298),
	(1317, 3, 19, 298),
	(1322, 3, 21, 92),
	(1328, 3, 19, 79),
	(1329, 3, 21, 79),
	(1330, 3, 23, 79),
	(1349, 8, 46, 47),
	(1350, 8, 66, 47),
	(1351, 8, 46, 45),
	(1352, 8, 68, 45),
	(1361, 3, 77, 307),
	(1366, 1, 1, 317),
	(1367, 7, 42, 317),
	(1368, 1, 1, 311),
	(1369, 7, 42, 311),
	(1374, 1, 1, 318),
	(1375, 7, 42, 318),
	(1378, 6, 35, 7),
	(1382, 3, 19, 193),
	(1383, 3, 18, 193),
	(1384, 3, 19, 197),
	(1428, 8, 76, 327),
	(1429, 8, 68, 327),
	(1444, 10, 52, 332),
	(1446, 10, 52, 335),
	(1451, 3, 18, 174),
	(1452, 3, 26, 174),
	(1461, 3, 19, 338),
	(1464, 1, 1, 340),
	(1465, 7, 42, 340),
	(1467, 3, 24, 218),
	(1468, 10, 56, 218),
	(1469, 3, 18, 218),
	(1470, 3, 24, 219),
	(1471, 10, 56, 219),
	(1472, 3, 18, 219),
	(1473, 3, 24, 220),
	(1474, 10, 56, 220),
	(1475, 3, 18, 220),
	(1480, 8, 49, 342),
	(1481, 3, 19, 129),
	(1482, 3, 21, 129),
	(1486, 3, 19, 345),
	(1489, 3, 18, 347),
	(1492, 3, 18, 349),
	(1504, 3, 18, 309),
	(1505, 2, 12, 309),
	(1518, 1, 2, 353),
	(1519, 1, 2, 354),
	(1531, 5, 33, 111),
	(1556, 8, 46, 44),
	(1557, 8, 66, 44),
	(1558, 8, 46, 370),
	(1559, 8, 67, 370),
	(1560, 8, 46, 371),
	(1561, 8, 67, 371),
	(1567, 3, 24, 85),
	(1568, 3, 24, 377),
	(1606, 1, 1, 23),
	(1607, 1, 7, 23),
	(1625, 1, 8, 381),
	(1626, 1, 8, 382),
	(1627, 1, 8, 383),
	(1636, 1, 8, 385),
	(1641, 11, 70, 271),
	(1642, 8, 45, 271),
	(1643, 8, 68, 271),
	(1690, 8, 48, 51),
	(1691, 8, 69, 51),
	(1727, 3, 18, 392),
	(1749, 8, 74, 255),
	(1771, 8, 48, 53),
	(1772, 8, 69, 53),
	(1775, 8, 48, 54),
	(1776, 8, 67, 54),
	(1792, 3, 23, 294),
	(1794, 6, 35, 393),
	(1795, 1, 10, 393),
	(1838, 11, 57, 401),
	(1839, 4, 27, 401),
	(1860, 11, 70, 409),
	(1861, 8, 45, 409),
	(1862, 8, 66, 409),
	(1872, 11, 70, 413),
	(1873, 8, 45, 413),
	(1874, 8, 68, 413),
	(1946, 11, 57, 426),
	(1947, 4, 27, 426),
	(1948, 11, 57, 427),
	(1949, 4, 27, 427),
	(1950, 11, 57, 428),
	(1951, 4, 27, 428),
	(1952, 11, 70, 429),
	(1953, 8, 45, 429),
	(1954, 8, 69, 429),
	(1955, 8, 45, 430),
	(1956, 11, 70, 430),
	(1957, 8, 66, 430),
	(1961, 11, 70, 432),
	(1962, 8, 45, 432),
	(1963, 8, 69, 432),
	(1973, 11, 70, 434),
	(1974, 8, 45, 434),
	(1975, 8, 69, 434),
	(2005, 8, 45, 41),
	(2006, 8, 68, 41),
	(2009, 3, 77, 448),
	(2011, 1, 10, 449),
	(2012, 3, 77, 449),
	(2015, 3, 17, 451),
	(2016, 3, 18, 451),
	(2020, 3, 16, 453),
	(2021, 3, 16, 454),
	(2023, 3, 16, 455),
	(2024, 3, 16, 456),
	(2030, 3, 77, 446),
	(2051, 1, 10, 460),
	(2052, 2, 12, 460),
	(2053, 8, 49, 461),
	(2057, 1, 2, 465),
	(2058, 1, 1, 465),
	(2062, 1, 1, 466),
	(2065, 1, 1, 468),
	(2066, 5, 33, 469),
	(2071, 5, 32, 474),
	(2072, 5, 32, 475),
	(2073, 5, 32, 476),
	(2074, 5, 32, 477),
	(2076, 2, 12, 48),
	(2077, 1, 10, 48),
	(2113, 8, 49, 462),
	(2142, 8, 44, 16),
	(2143, 8, 44, 14),
	(2144, 8, 66, 14),
	(2145, 8, 44, 15),
	(2146, 8, 68, 15),
	(2147, 4, 27, 58),
	(2148, 1, 10, 58),
	(2151, 11, 70, 278),
	(2152, 8, 45, 278),
	(2153, 8, 68, 278),
	(2157, 11, 70, 418),
	(2158, 8, 45, 418),
	(2159, 8, 68, 418),
	(2168, 7, 40, 364),
	(2169, 7, 42, 364),
	(2172, 3, 22, 105),
	(2185, 3, 77, 480),
	(2188, 3, 24, 481),
	(2189, 3, 18, 481),
	(2200, 1, 3, 484),
	(2201, 7, 42, 484),
	(2217, 1, 10, 216),
	(2218, 3, 20, 216),
	(2311, 8, 74, 167),
	(2312, 8, 75, 167),
	(2331, 8, 75, 302),
	(2332, 8, 67, 302),
	(2336, 1, 3, 395),
	(2337, 1, 3, 178),
	(2338, 1, 3, 179),
	(2343, 1, 10, 130),
	(2344, 3, 18, 130),
	(2345, 1, 10, 131),
	(2346, 3, 18, 131),
	(2348, 1, 3, 181),
	(2349, 1, 8, 380),
	(2352, 1, 8, 39),
	(2361, 1, 10, 473),
	(2362, 10, 56, 473),
	(2365, 1, 7, 138),
	(2366, 7, 42, 138),
	(2367, 1, 1, 22),
	(2368, 1, 7, 22),
	(2378, 1, 2, 463),
	(2382, 3, 77, 486),
	(2387, 6, 35, 478),
	(2388, 1, 10, 478),
	(2390, 1, 1, 467),
	(2391, 1, 2, 464),
	(2406, 3, 16, 66),
	(2418, 3, 16, 33),
	(2420, 3, 60, 1),
	(2426, 3, 19, 165),
	(2429, 3, 16, 189),
	(2430, 3, 16, 187),
	(2432, 3, 16, 482),
	(2433, 3, 18, 482),
	(2435, 3, 18, 176),
	(2436, 3, 26, 176),
	(2437, 3, 18, 337),
	(2438, 3, 26, 337),
	(2443, 3, 18, 213),
	(2444, 3, 19, 213),
	(2451, 3, 24, 80),
	(2452, 3, 19, 127),
	(2454, 3, 19, 207),
	(2455, 3, 18, 75),
	(2456, 3, 24, 75),
	(2463, 3, 19, 339),
	(2464, 3, 19, 344),
	(2466, 3, 21, 343),
	(2469, 3, 21, 299),
	(2470, 3, 19, 299),
	(2471, 3, 18, 206),
	(2472, 3, 24, 206),
	(2473, 3, 19, 215),
	(2474, 3, 24, 479),
	(2475, 3, 18, 479),
	(2476, 3, 20, 88),
	(2477, 3, 21, 221),
	(2478, 3, 19, 221),
	(2479, 3, 23, 196),
	(2480, 3, 17, 24),
	(2482, 3, 21, 296),
	(2483, 3, 19, 297),
	(2485, 3, 18, 450),
	(2486, 3, 17, 450),
	(2487, 3, 18, 348),
	(2489, 3, 17, 26),
	(2490, 3, 22, 346),
	(2491, 3, 22, 439),
	(2492, 3, 22, 441),
	(2493, 4, 28, 142),
	(2494, 11, 58, 142),
	(2495, 11, 58, 143),
	(2496, 4, 28, 143),
	(2497, 4, 28, 145),
	(2498, 11, 58, 145),
	(2499, 4, 28, 144),
	(2500, 11, 58, 144),
	(2501, 4, 27, 263),
	(2502, 11, 57, 263),
	(2503, 11, 57, 403),
	(2504, 4, 27, 403),
	(2505, 11, 57, 404),
	(2506, 4, 27, 404),
	(2507, 11, 57, 289),
	(2508, 4, 27, 289),
	(2509, 4, 27, 261),
	(2510, 11, 57, 261),
	(2511, 11, 57, 233),
	(2512, 4, 27, 233),
	(2513, 4, 27, 264),
	(2514, 11, 57, 264),
	(2515, 11, 57, 288),
	(2516, 4, 27, 288),
	(2517, 11, 57, 290),
	(2518, 4, 27, 290),
	(2519, 11, 57, 405),
	(2520, 4, 27, 405),
	(2521, 11, 57, 406),
	(2522, 4, 27, 406),
	(2523, 11, 57, 407),
	(2524, 4, 27, 407),
	(2525, 4, 27, 262),
	(2526, 11, 57, 262),
	(2527, 11, 57, 286),
	(2528, 4, 27, 286),
	(2529, 11, 57, 259),
	(2530, 4, 27, 259),
	(2533, 11, 57, 266),
	(2534, 4, 27, 266),
	(2535, 11, 57, 267),
	(2536, 4, 27, 267),
	(2537, 11, 57, 398),
	(2538, 4, 27, 398),
	(2539, 11, 57, 399),
	(2540, 4, 27, 399),
	(2541, 11, 57, 287),
	(2542, 4, 27, 287),
	(2543, 11, 57, 435),
	(2544, 4, 27, 435),
	(2545, 11, 57, 436),
	(2546, 4, 27, 436),
	(2547, 11, 57, 437),
	(2548, 4, 27, 437),
	(2586, 5, 33, 110),
	(2587, 7, 42, 341),
	(2588, 5, 33, 341),
	(2589, 6, 35, 319),
	(2590, 7, 40, 334),
	(2594, 7, 42, 231),
	(2595, 8, 78, 234),
	(2596, 8, 76, 326),
	(2597, 8, 67, 326),
	(2598, 8, 76, 328),
	(2599, 8, 67, 328),
	(2600, 8, 76, 329),
	(2601, 8, 66, 329),
	(2604, 8, 76, 330),
	(2605, 8, 67, 330),
	(2606, 11, 79, 330),
	(2607, 8, 49, 240),
	(2608, 8, 49, 241),
	(2609, 8, 74, 256),
	(2610, 8, 74, 257),
	(2613, 8, 76, 322),
	(2614, 8, 67, 322),
	(2619, 8, 76, 324),
	(2620, 8, 68, 324),
	(2621, 8, 75, 244),
	(2622, 8, 69, 244),
	(2625, 8, 66, 246),
	(2626, 8, 75, 246),
	(2635, 11, 70, 273),
	(2636, 8, 45, 273),
	(2637, 8, 68, 273),
	(2638, 11, 70, 275),
	(2639, 8, 66, 275),
	(2640, 8, 45, 275),
	(2641, 11, 70, 276),
	(2642, 8, 45, 276),
	(2643, 8, 68, 276),
	(2644, 11, 70, 280),
	(2645, 8, 45, 280),
	(2646, 8, 66, 280),
	(2647, 11, 70, 281),
	(2648, 8, 45, 281),
	(2649, 8, 68, 281),
	(2653, 8, 45, 149),
	(2654, 11, 70, 149),
	(2655, 8, 66, 149),
	(2656, 11, 70, 279),
	(2657, 8, 45, 279),
	(2658, 8, 66, 279),
	(2662, 11, 70, 284),
	(2663, 8, 45, 284),
	(2664, 8, 66, 284),
	(2665, 11, 70, 272),
	(2666, 8, 45, 272),
	(2667, 8, 69, 272),
	(2668, 11, 70, 270),
	(2669, 8, 45, 270),
	(2670, 8, 66, 270),
	(2674, 11, 70, 232),
	(2675, 8, 45, 232),
	(2676, 8, 68, 232),
	(2680, 11, 70, 433),
	(2681, 8, 45, 433),
	(2682, 8, 66, 433),
	(2683, 11, 70, 420),
	(2684, 8, 66, 420),
	(2685, 8, 45, 420),
	(2689, 11, 70, 422),
	(2690, 8, 45, 422),
	(2691, 8, 69, 422),
	(2698, 11, 71, 414),
	(2699, 8, 72, 414),
	(2700, 8, 66, 414),
	(2701, 11, 71, 415),
	(2702, 8, 72, 415),
	(2703, 8, 66, 415),
	(2713, 8, 74, 166),
	(2714, 8, 75, 166),
	(2715, 8, 74, 168),
	(2716, 8, 75, 168),
	(2717, 8, 74, 169),
	(2718, 8, 75, 169),
	(2719, 11, 73, 157),
	(2720, 8, 48, 157),
	(2721, 8, 67, 157),
	(2725, 8, 48, 154),
	(2726, 8, 68, 154),
	(2727, 11, 73, 154),
	(2728, 11, 73, 423),
	(2729, 8, 48, 423),
	(2730, 8, 66, 423),
	(2731, 11, 73, 425),
	(2732, 8, 48, 425),
	(2733, 8, 69, 425),
	(2734, 11, 73, 424),
	(2735, 8, 48, 424),
	(2736, 8, 68, 424),
	(2737, 8, 46, 304),
	(2738, 8, 68, 304),
	(2739, 8, 46, 305),
	(2740, 8, 67, 305),
	(2747, 8, 48, 49),
	(2748, 8, 69, 49),
	(2749, 8, 48, 52),
	(2750, 8, 68, 52),
	(2758, 10, 53, 238),
	(2762, 10, 52, 90),
	(2763, 3, 21, 93),
	(2773, 3, 16, 64),
	(2781, 3, 16, 331),
	(2788, 10, 52, 333),
	(2789, 10, 52, 336),
	(2795, 1, 8, 19),
	(2796, 1, 8, 384),
	(2797, 1, 3, 10),
	(2799, 1, 3, 180),
	(2802, 6, 35, 4),
	(2803, 1, 15, 4),
	(2805, 1, 3, 483),
	(2806, 7, 42, 483),
	(2807, 1, 10, 61),
	(2808, 6, 39, 61),
	(2811, 3, 19, 226),
	(2814, 3, 16, 184),
	(2817, 3, 18, 175),
	(2818, 3, 26, 175),
	(2819, 3, 16, 20),
	(2825, 3, 24, 125),
	(2827, 3, 18, 109),
	(2828, 3, 17, 27),
	(2829, 6, 37, 99),
	(2830, 9, 63, 70),
	(2831, 9, 63, 71),
	(2832, 9, 63, 72),
	(2841, 1, 1, 217),
	(2842, 1, 10, 217),
	(2843, 3, 19, 306),
	(2844, 3, 22, 104),
	(2845, 1, 3, 9),
	(2846, 1, 4, 62),
	(2847, 1, 7, 103),
	(2848, 7, 42, 103),
	(2851, 1, 59, 472),
	(2852, 1, 59, 107),
	(2853, 1, 10, 107),
	(2854, 1, 59, 108),
	(2855, 1, 10, 108),
	(2856, 2, 12, 357),
	(2857, 2, 12, 362),
	(2858, 2, 12, 363),
	(2859, 3, 18, 159),
	(2860, 2, 12, 159),
	(2871, 3, 16, 365),
	(2872, 3, 16, 373),
	(2873, 3, 16, 374),
	(2875, 3, 16, 375),
	(2876, 3, 16, 366),
	(2879, 3, 18, 86),
	(2880, 3, 24, 124),
	(2884, 3, 22, 452),
	(2886, 3, 22, 76),
	(2887, 3, 22, 77),
	(2888, 3, 24, 443),
	(2889, 3, 18, 443),
	(2893, 6, 36, 68),
	(2894, 6, 36, 69),
	(2895, 10, 55, 21),
	(2896, 1, 6, 190),
	(2897, 3, 21, 82),
	(2898, 3, 21, 83),
	(2899, 7, 42, 470),
	(2900, 7, 42, 471),
	(2901, 1, 10, 445),
	(2902, 2, 12, 445),
	(2906, 1, 3, 485),
	(2910, 3, 19, 447),
	(2911, 1, 10, 447),
	(2912, 10, 56, 447),
	(2913, 3, 80, 447),
	(2914, 3, 19, 444),
	(2915, 3, 80, 444),
	(2916, 3, 21, 94),
	(2917, 3, 80, 94),
	(2918, 3, 19, 194),
	(2919, 3, 16, 67),
	(2920, 3, 16, 3),
	(2921, 3, 16, 182),
	(2923, 3, 19, 225),
	(2924, 2, 11, 98),
	(2925, 1, 10, 106),
	(2926, 2, 12, 106),
	(2927, 3, 18, 101),
	(2932, 2, 12, 492),
	(2933, 2, 12, 491),
	(2935, 2, 12, 490),
	(2937, 3, 16, 34),
	(2941, 1, 8, 42),
	(2942, 8, 46, 43),
	(2943, 8, 68, 43),
	(2944, 7, 42, 493),
	(2945, 7, 42, 494),
	(2946, 1, 1, 495),
	(2948, 3, 16, 199),
	(2949, 3, 16, 63),
	(2950, 3, 16, 65),
	(2951, 3, 19, 214),
	(2952, 2, 11, 12),
	(2953, 2, 11, 13),
	(2954, 1, 10, 13),
	(2961, 1, 1, 497),
	(2962, 1, 7, 497),
	(2963, 1, 7, 498),
	(2964, 1, 1, 498),
	(2965, 1, 1, 458),
	(2966, 7, 42, 458),
	(2967, 1, 1, 457),
	(2968, 1, 10, 25),
	(2969, 1, 1, 25),
	(2970, 1, 10, 355),
	(2971, 2, 12, 355),
	(2975, 5, 33, 500),
	(2977, 5, 33, 501),
	(2978, 5, 33, 499),
	(2979, 5, 33, 502),
	(2982, 7, 42, 102),
	(2983, 7, 42, 504),
	(2984, 7, 42, 505),
	(2994, 7, 42, 379),
	(2997, 1, 59, 503),
	(2998, 5, 34, 119),
	(2999, 1, 59, 119),
	(3000, 1, 59, 510),
	(3001, 1, 59, 512),
	(3002, 1, 4, 513),
	(3003, 2, 12, 514),
	(3004, 1, 1, 515),
	(3005, 7, 42, 515),
	(3006, 2, 12, 516),
	(3009, 3, 24, 519),
	(3010, 3, 18, 519),
	(3016, 3, 26, 134),
	(3017, 2, 14, 134),
	(3018, 3, 26, 228),
	(3019, 2, 14, 228),
	(3020, 3, 26, 229),
	(3021, 2, 14, 229),
	(3022, 2, 14, 135),
	(3023, 3, 77, 521),
	(3024, 5, 34, 522),
	(3026, 3, 18, 523),
	(3027, 3, 19, 523),
	(3032, 3, 18, 100),
	(3033, 3, 19, 100),
	(3034, 3, 18, 242),
	(3035, 3, 19, 242),
	(3038, 3, 19, 524),
	(3039, 7, 42, 525),
	(3040, 3, 18, 526),
	(3041, 10, 56, 526),
	(3042, 3, 19, 527),
	(3043, 3, 18, 527),
	(3044, 3, 18, 528),
	(3045, 11, 71, 153),
	(3046, 8, 72, 153),
	(3047, 8, 68, 153),
	(3048, 7, 42, 530),
	(3049, 3, 77, 517),
	(3050, 3, 77, 518),
	(3051, 3, 77, 126),
	(3052, 3, 19, 223),
	(3058, 11, 57, 531),
	(3059, 4, 27, 531),
	(3068, 11, 57, 534),
	(3069, 4, 27, 534),
	(3072, 11, 57, 536),
	(3073, 4, 27, 536),
	(3080, 11, 57, 538),
	(3081, 4, 27, 538),
	(3082, 11, 70, 282),
	(3083, 8, 69, 282),
	(3084, 8, 45, 282),
	(3093, 11, 73, 156),
	(3094, 8, 48, 156),
	(3095, 8, 66, 156),
	(3096, 11, 73, 542),
	(3097, 8, 48, 542),
	(3098, 11, 73, 543),
	(3099, 8, 48, 543),
	(3125, 1, 4, 31),
	(3126, 3, 18, 81),
	(3127, 3, 19, 81),
	(3128, 3, 18, 210),
	(3129, 3, 19, 210),
	(3130, 3, 18, 160),
	(3131, 2, 12, 160),
	(3132, 3, 18, 161),
	(3133, 2, 12, 161),
	(3134, 3, 18, 162),
	(3135, 2, 12, 162),
	(3136, 3, 18, 308),
	(3137, 2, 12, 308),
	(3138, 3, 18, 388),
	(3139, 2, 12, 388),
	(3140, 3, 18, 389),
	(3141, 2, 12, 389),
	(3142, 3, 26, 133),
	(3143, 2, 14, 133),
	(3144, 7, 42, 506),
	(3145, 7, 42, 507),
	(3146, 7, 42, 508),
	(3147, 7, 42, 509),
	(3148, 1, 7, 496),
	(3149, 3, 26, 520),
	(3150, 2, 14, 520),
	(3164, 8, 81, 555),
	(3175, 8, 81, 564),
	(3176, 8, 81, 565),
	(3177, 8, 81, 566),
	(3181, 8, 81, 570),
	(3189, 8, 76, 575),
	(3190, 8, 66, 575),
	(3195, 8, 76, 578),
	(3196, 8, 66, 578),
	(3199, 8, 76, 580),
	(3200, 8, 66, 580),
	(3203, 8, 81, 571),
	(3206, 8, 81, 552),
	(3207, 8, 81, 553),
	(3208, 8, 81, 554),
	(3209, 8, 81, 556),
	(3210, 8, 81, 557),
	(3211, 8, 81, 558),
	(3212, 8, 81, 573),
	(3213, 8, 81, 572),
	(3214, 8, 81, 559),
	(3215, 8, 81, 560),
	(3219, 8, 81, 562),
	(3220, 8, 81, 561),
	(3221, 8, 81, 563),
	(3222, 8, 81, 567),
	(3223, 8, 81, 568),
	(3226, 8, 76, 577),
	(3227, 8, 68, 577),
	(3228, 6, 35, 8),
	(3229, 1, 10, 8),
	(3230, 3, 18, 489),
	(3231, 2, 12, 489),
	(3232, 10, 56, 489),
	(3233, 1, 3, 11),
	(3234, 3, 21, 487),
	(3235, 3, 21, 488),
	(3236, 10, 53, 237),
	(3237, 2, 12, 123),
	(3238, 6, 36, 37),
	(3239, 3, 19, 73),
	(3240, 3, 19, 96),
	(3241, 7, 42, 230),
	(3242, 1, 1, 230),
	(3245, 11, 57, 537),
	(3246, 4, 27, 537),
	(3247, 11, 57, 533),
	(3248, 4, 27, 533),
	(3249, 3, 19, 84),
	(3250, 3, 21, 84),
	(3259, 8, 45, 152),
	(3260, 11, 70, 152),
	(3261, 8, 67, 152),
	(3262, 11, 70, 411),
	(3263, 8, 45, 411),
	(3264, 8, 69, 411),
	(3265, 8, 81, 569),
	(3268, 3, 23, 551),
	(3269, 3, 19, 551),
	(3272, 11, 70, 539),
	(3273, 8, 45, 539),
	(3274, 11, 57, 535),
	(3275, 4, 27, 535),
	(3276, 11, 71, 269),
	(3277, 8, 72, 269),
	(3278, 8, 66, 269),
	(3279, 8, 72, 268),
	(3280, 11, 71, 268),
	(3281, 8, 67, 268),
	(3282, 11, 70, 410),
	(3283, 8, 45, 410),
	(3284, 8, 68, 410),
	(3285, 11, 70, 274),
	(3286, 8, 45, 274),
	(3287, 8, 66, 274),
	(3288, 11, 70, 277),
	(3289, 8, 69, 277),
	(3290, 8, 45, 277),
	(3291, 8, 45, 151),
	(3292, 11, 70, 151),
	(3293, 8, 66, 151),
	(3294, 11, 70, 283),
	(3295, 8, 45, 283),
	(3296, 8, 69, 283),
	(3300, 8, 75, 301),
	(3301, 8, 66, 301),
	(3302, 8, 69, 247),
	(3303, 8, 75, 247),
	(3304, 8, 68, 245),
	(3305, 8, 75, 245),
	(3306, 11, 70, 417),
	(3307, 8, 45, 417),
	(3308, 8, 66, 417),
	(3309, 8, 76, 171),
	(3310, 8, 66, 171),
	(3311, 8, 76, 323),
	(3312, 8, 66, 323),
	(3313, 11, 71, 416),
	(3314, 8, 72, 416),
	(3315, 8, 68, 416),
	(3316, 8, 76, 581),
	(3317, 8, 66, 581),
	(3318, 8, 76, 579),
	(3319, 8, 67, 579),
	(3320, 8, 76, 576),
	(3321, 8, 67, 576),
	(3322, 8, 76, 574),
	(3323, 8, 68, 574),
	(3324, 8, 75, 300),
	(3325, 8, 68, 300),
	(3326, 8, 75, 248),
	(3327, 8, 66, 248),
	(3328, 11, 70, 412),
	(3329, 8, 45, 412),
	(3330, 8, 66, 412),
	(3331, 11, 70, 419),
	(3332, 8, 45, 419),
	(3333, 8, 69, 419),
	(3334, 11, 70, 421),
	(3335, 8, 45, 421),
	(3336, 8, 68, 421),
	(3339, 11, 70, 431),
	(3340, 8, 45, 431),
	(3341, 8, 68, 431),
	(3344, 3, 19, 293),
	(3345, 3, 18, 87),
	(3346, 3, 18, 368),
	(3353, 4, 28, 146),
	(3354, 11, 58, 146),
	(3362, 11, 70, 548),
	(3363, 8, 45, 548),
	(3364, 8, 66, 548),
	(3365, 11, 70, 546),
	(3366, 8, 45, 546),
	(3367, 8, 68, 546),
	(3368, 11, 70, 544),
	(3369, 8, 45, 544),
	(3370, 8, 69, 544),
	(3371, 11, 70, 540),
	(3372, 8, 45, 540),
	(3373, 8, 68, 540),
	(3374, 11, 70, 549),
	(3375, 8, 45, 549),
	(3376, 8, 68, 549),
	(3377, 11, 70, 545),
	(3378, 8, 45, 545),
	(3379, 8, 66, 545),
	(3380, 11, 70, 547),
	(3381, 8, 45, 547),
	(3382, 8, 69, 547),
	(3383, 11, 70, 541),
	(3384, 8, 45, 541),
	(3385, 8, 69, 541),
	(3386, 11, 70, 550),
	(3387, 8, 45, 550),
	(3388, 8, 69, 550),
	(3391, 3, 19, 438),
	(3392, 3, 19, 442),
	(3393, 4, 27, 532),
	(3394, 11, 57, 532);
/*!40000 ALTER TABLE `produtocategoria` ENABLE KEYS */;


-- Copiando estrutura para tabela sedaerot_loja.produtosequence
CREATE TABLE IF NOT EXISTS `produtosequence` (
  `sequence` int(11) NOT NULL,
  PRIMARY KEY (`sequence`),
  UNIQUE KEY `sequence_UNIQUE` (`sequence`)
) ENGINE=InnoDB DEFAULT CHARSET=utf8;

-- Copiando dados para a tabela sedaerot_loja.produtosequence: ~1 rows (aproximadamente)
/*!40000 ALTER TABLE `produtosequence` DISABLE KEYS */;
INSERT INTO `produtosequence` (`sequence`) VALUES
	(582);
/*!40000 ALTER TABLE `produtosequence` ENABLE KEYS */;


-- Copiando estrutura para tabela sedaerot_loja.referenciasequence
CREATE TABLE IF NOT EXISTS `referenciasequence` (
  `sequence` bigint(20) unsigned DEFAULT NULL
) ENGINE=InnoDB DEFAULT CHARSET=utf8;

-- Copiando dados para a tabela sedaerot_loja.referenciasequence: ~1 rows (aproximadamente)
/*!40000 ALTER TABLE `referenciasequence` DISABLE KEYS */;
INSERT INTO `referenciasequence` (`sequence`) VALUES
	(20140000193);
/*!40000 ALTER TABLE `referenciasequence` ENABLE KEYS */;


-- Copiando estrutura para tabela sedaerot_loja.servicoect
CREATE TABLE IF NOT EXISTS `servicoect` (
  `servidoECTID` int(11) NOT NULL AUTO_INCREMENT,
  `idServico` int(11) DEFAULT NULL,
  `codigoServicoECT` varchar(5) NOT NULL DEFAULT '0',
  `descricaoServicoECT` varchar(50) NOT NULL DEFAULT '0',
  PRIMARY KEY (`servidoECTID`)
) ENGINE=InnoDB AUTO_INCREMENT=3 DEFAULT CHARSET=utf8;

-- Copiando dados para a tabela sedaerot_loja.servicoect: ~2 rows (aproximadamente)
/*!40000 ALTER TABLE `servicoect` DISABLE KEYS */;
INSERT INTO `servicoect` (`servidoECTID`, `idServico`, `codigoServicoECT`, `descricaoServicoECT`) VALUES
	(1, 104625, '40096', 'SEDEX - Contrato'),
	(2, 109819, '41068', 'PAC');
/*!40000 ALTER TABLE `servicoect` ENABLE KEYS */;


-- Copiando estrutura para tabela sedaerot_loja.subcategoria
CREATE TABLE IF NOT EXISTS `subcategoria` (
  `subcategoriaId` int(11) NOT NULL AUTO_INCREMENT,
  `descricao` varchar(45) NOT NULL,
  `dtCadastro` timestamp NOT NULL DEFAULT CURRENT_TIMESTAMP ON UPDATE CURRENT_TIMESTAMP,
  `mCategoriaId` int(11) NOT NULL,
  `status` int(11) DEFAULT '1',
  PRIMARY KEY (`subcategoriaId`,`mCategoriaId`),
  KEY `fk_subcategoria_categoria_idx` (`mCategoriaId`),
  CONSTRAINT `fk_subcategoria_categoria` FOREIGN KEY (`mCategoriaId`) REFERENCES `categoria` (`categoriaId`) ON DELETE NO ACTION ON UPDATE NO ACTION
) ENGINE=InnoDB AUTO_INCREMENT=82 DEFAULT CHARSET=utf8;

-- Copiando dados para a tabela sedaerot_loja.subcategoria: ~81 rows (aproximadamente)
/*!40000 ALTER TABLE `subcategoria` DISABLE KEYS */;
INSERT INTO `subcategoria` (`subcategoriaId`, `descricao`, `dtCadastro`, `mCategoriaId`, `status`) VALUES
	(1, 'Femininos', '2014-03-26 12:30:59', 1, 1),
	(2, 'Masculinos', '2014-03-25 17:11:00', 1, 1),
	(3, 'Anéis Penianos', '2014-06-25 09:44:20', 1, 1),
	(4, 'Capas Penianas', '2014-03-25 17:12:45', 1, 1),
	(5, 'Cintas Penianas', '2014-03-25 17:13:10', 1, 1),
	(6, 'Duchas Higiênicas', '2014-06-25 09:44:38', 1, 1),
	(7, 'Estimuladores', '2014-03-25 17:14:07', 1, 1),
	(8, 'Pompoarismo', '2014-03-25 17:14:28', 1, 1),
	(9, 'Tapa Mamilos', '2014-07-31 16:21:00', 1, 0),
	(10, 'Diversos', '2014-03-25 17:15:12', 1, 1),
	(11, 'Baralhos', '2014-03-25 17:15:38', 2, 1),
	(12, 'Brincadeiras Eróticas', '2014-06-25 09:44:51', 2, 1),
	(13, 'Cartões Animados', '2014-06-25 09:45:07', 2, 1),
	(14, 'Velas Eróticas', '2014-06-25 09:45:28', 2, 1),
	(15, 'Diversos', '2014-08-23 18:17:39', 2, 0),
	(16, 'Bolinhas do Prazer', '2014-03-26 14:19:03', 3, 1),
	(17, 'Calcinha Comestível', '2014-06-25 09:45:47', 3, 1),
	(18, 'Comestíveis', '2014-08-16 11:13:27', 3, 1),
	(19, 'Gel de Massagem', '2014-03-26 14:25:48', 3, 1),
	(20, 'Higienizador de Brinquedos', '2014-03-26 14:26:00', 3, 1),
	(21, 'Lubrificantes', '2014-03-26 14:29:44', 3, 1),
	(22, 'Perfumes Eróticos', '2014-06-25 09:46:15', 3, 1),
	(23, 'Retard e Prolong', '2014-03-26 14:30:31', 3, 1),
	(24, 'Sexo Oral', '2014-03-26 14:30:40', 3, 1),
	(25, 'Sexy Hot', '2014-07-04 16:09:30', 3, 0),
	(26, 'Velas Beijáveis', '2014-06-25 09:46:33', 3, 1),
	(27, 'Fantasias Femininas', '2014-03-26 16:59:49', 4, 1),
	(28, 'Fantasias Masculinas', '2014-03-26 17:19:40', 4, 1),
	(29, 'Meias Sensuais', '2014-03-26 17:19:58', 4, 1),
	(30, 'Diversos', '2014-08-23 18:18:13', 4, 0),
	(31, 'Pênis Duplo', '2014-06-25 09:46:50', 5, 1),
	(32, 'Pênis Realístico', '2014-06-25 09:47:13', 5, 1),
	(33, 'Pênis c/ vibro', '2014-06-25 09:47:29', 5, 1),
	(34, 'Pênis s/ vibro', '2014-06-25 09:47:40', 5, 1),
	(35, 'Algemas', '2014-03-26 17:23:14', 6, 1),
	(36, 'Chicote e Chibata', '2014-03-26 17:23:27', 6, 1),
	(37, 'Mordaça', '2014-06-25 09:47:52', 6, 1),
	(38, 'Terapia Choque', '2014-08-14 10:42:40', 6, 0),
	(39, 'Diversos', '2014-08-23 18:18:46', 6, 0),
	(40, 'Ponto G ', '2014-08-23 18:44:36', 7, 1),
	(41, 'Rotativo', '2014-03-26 17:31:01', 7, 1),
	(42, 'Massageadores', '2014-03-26 17:31:21', 7, 1),
	(43, 'Baby Doll', '2014-08-23 18:36:37', 8, 0),
	(44, 'Body', '2014-03-26 17:33:05', 8, 1),
	(45, 'Conjuntos', '2014-03-26 17:34:03', 8, 1),
	(46, 'Corset', '2014-03-26 17:34:24', 8, 1),
	(47, 'Cuecas', '2014-08-23 18:38:02', 8, 0),
	(48, 'Espartilhos', '2014-03-26 17:35:07', 8, 1),
	(49, 'Meias  ', '2014-03-26 17:39:39', 8, 1),
	(50, 'Tangas', '2014-08-18 12:14:24', 8, 0),
	(51, 'Diversos', '2014-08-15 18:55:19', 8, 0),
	(52, 'Livros', '2014-03-26 17:45:08', 10, 1),
	(53, 'Preservativos', '2014-03-26 17:45:41', 10, 1),
	(54, 'Pilhas', '2014-08-15 18:59:29', 10, 0),
	(55, 'Bonecas Infláveis', '2014-06-25 09:48:22', 10, 1),
	(56, 'Outros', '2014-03-26 17:47:11', 10, 1),
	(57, 'Fantasia Feminina', '2014-07-31 12:16:28', 11, 1),
	(58, 'Fantasia Masculina', '2014-07-31 12:16:53', 11, 1),
	(59, 'Plugs', '2014-07-31 16:19:15', 1, 1),
	(60, 'Diversos', '2014-08-23 18:22:00', 3, 0),
	(61, 'SADO', '2014-08-13 11:12:27', 2, 0),
	(62, 'FETICHE', '2014-08-13 11:12:30', 2, 0),
	(63, 'Filmes', '2014-08-12 14:03:52', 9, 1),
	(64, 'ESTIMULANTE', '2014-08-13 11:13:27', 3, 0),
	(65, 'GEL DE MASSAGEM COMESTIVEL', '2014-08-13 11:36:55', 3, 0),
	(66, 'Tamanho M', '2014-08-12 12:37:55', 8, 1),
	(67, 'Tamanho P', '2014-08-12 12:38:24', 8, 1),
	(68, 'Tamanho G', '2014-08-12 12:50:01', 8, 1),
	(69, 'Tamanho GG', '2014-08-12 12:58:15', 8, 1),
	(70, 'Conjunto  ', '2014-08-14 15:17:24', 11, 1),
	(71, 'Camisola', '2014-08-14 15:17:44', 11, 1),
	(72, 'Camisolas / Robes', '2014-08-29 11:42:54', 8, 1),
	(73, 'Espartilho', '2014-08-14 16:47:36', 11, 1),
	(74, 'Plus Size', '2014-08-14 19:30:58', 8, 1),
	(75, 'Sutiã', '2014-11-11 16:51:47', 8, 1),
	(76, 'Calcinhas', '2014-08-18 12:13:56', 8, 1),
	(77, 'Banho', '2014-08-23 18:32:42', 3, 1),
	(78, 'Persex', '2014-08-28 20:22:55', 8, 1),
	(79, 'Calcinha', '2014-10-08 15:51:10', 11, 1),
	(80, 'Massagem', '2014-12-02 11:41:43', 3, 1),
	(81, 'Moda Praia', '2014-12-16 09:59:29', 8, 1);
/*!40000 ALTER TABLE `subcategoria` ENABLE KEYS */;


-- Copiando estrutura para tabela sedaerot_loja.tipocliente
CREATE TABLE IF NOT EXISTS `tipocliente` (
  `tipoClienteId` int(11) NOT NULL,
  `descricao` varchar(45) DEFAULT NULL,
  `status` int(11) DEFAULT '1',
  PRIMARY KEY (`tipoClienteId`)
) ENGINE=InnoDB DEFAULT CHARSET=utf8;

-- Copiando dados para a tabela sedaerot_loja.tipocliente: ~2 rows (aproximadamente)
/*!40000 ALTER TABLE `tipocliente` DISABLE KEYS */;
INSERT INTO `tipocliente` (`tipoClienteId`, `descricao`, `status`) VALUES
	(1, 'Fisica', 1),
	(2, 'Juridica', 1);
/*!40000 ALTER TABLE `tipocliente` ENABLE KEYS */;


-- Copiando estrutura para tabela sedaerot_loja.tipoendereco
CREATE TABLE IF NOT EXISTS `tipoendereco` (
  `tipoEnderecoId` int(11) NOT NULL,
  `descricao` varchar(45) DEFAULT NULL,
  `status` int(11) DEFAULT NULL,
  PRIMARY KEY (`tipoEnderecoId`)
) ENGINE=InnoDB DEFAULT CHARSET=utf8;

-- Copiando dados para a tabela sedaerot_loja.tipoendereco: ~2 rows (aproximadamente)
/*!40000 ALTER TABLE `tipoendereco` DISABLE KEYS */;
INSERT INTO `tipoendereco` (`tipoEnderecoId`, `descricao`, `status`) VALUES
	(1, 'Fatura', 1),
	(2, 'Entrega', 1);
/*!40000 ALTER TABLE `tipoendereco` ENABLE KEYS */;


-- Copiando estrutura para tabela sedaerot_loja.tipopagamento
CREATE TABLE IF NOT EXISTS `tipopagamento` (
  `tipoPagamentoId` int(11) NOT NULL AUTO_INCREMENT,
  `descricao` varchar(45) DEFAULT NULL,
  `status` varchar(45) DEFAULT NULL,
  `dtCadastro` timestamp NULL DEFAULT NULL,
  PRIMARY KEY (`tipoPagamentoId`)
) ENGINE=InnoDB AUTO_INCREMENT=4 DEFAULT CHARSET=utf8;

-- Copiando dados para a tabela sedaerot_loja.tipopagamento: ~3 rows (aproximadamente)
/*!40000 ALTER TABLE `tipopagamento` DISABLE KEYS */;
INSERT INTO `tipopagamento` (`tipoPagamentoId`, `descricao`, `status`, `dtCadastro`) VALUES
	(1, 'pagseguro', '1', '2014-04-21 21:20:57'),
	(2, 'boleto', '1', '2014-04-21 21:35:09'),
	(3, 'transferencia', '1', '2014-04-21 21:35:37');
/*!40000 ALTER TABLE `tipopagamento` ENABLE KEYS */;


-- Copiando estrutura para tabela sedaerot_loja.venda
CREATE TABLE IF NOT EXISTS `venda` (
  `vendaId` int(11) NOT NULL AUTO_INCREMENT,
  `mCarrinhoId` int(11) NOT NULL,
  `mClienteId` int(11) NOT NULL,
  `mTipoPagamentoId` int(11) NOT NULL,
  `mEmbalagemId` int(11) NOT NULL,
  `referencia` varchar(50) DEFAULT NULL,
  `status` int(11) DEFAULT NULL,
  `valorTotalProduto` float DEFAULT NULL,
  `valorFrete` float DEFAULT NULL,
  `valorDesconto` float DEFAULT NULL,
  `dtCadastro` timestamp NULL DEFAULT CURRENT_TIMESTAMP,
  `pagseguroId` varchar(100) DEFAULT NULL,
  `rastreamento` text,
  `notaFiscal` varchar(50) NOT NULL,
  `tipoEntrega` varchar(50) NOT NULL,
  PRIMARY KEY (`vendaId`),
  KEY `fk_venda_carrinho1_idx` (`mCarrinhoId`,`mClienteId`),
  KEY `fk_venda_tipoPagamento1_idx` (`mTipoPagamentoId`),
  KEY `fk_venda_embalagem1_idx` (`mEmbalagemId`),
  CONSTRAINT `fk_venda_carrinho1` FOREIGN KEY (`mCarrinhoId`, `mClienteId`) REFERENCES `carrinho` (`carrinhoId`, `mClienteId`) ON DELETE CASCADE ON UPDATE NO ACTION,
  CONSTRAINT `fk_venda_embalagem1` FOREIGN KEY (`mEmbalagemId`) REFERENCES `embalagem` (`embalagemId`) ON DELETE CASCADE ON UPDATE NO ACTION,
  CONSTRAINT `fk_venda_tipoPagamento1` FOREIGN KEY (`mTipoPagamentoId`) REFERENCES `tipopagamento` (`tipoPagamentoId`) ON DELETE CASCADE ON UPDATE NO ACTION
) ENGINE=InnoDB AUTO_INCREMENT=238 DEFAULT CHARSET=utf8;

-- Copiando dados para a tabela sedaerot_loja.venda: ~154 rows (aproximadamente)
/*!40000 ALTER TABLE `venda` DISABLE KEYS */;
INSERT INTO `venda` (`vendaId`, `mCarrinhoId`, `mClienteId`, `mTipoPagamentoId`, `mEmbalagemId`, `referencia`, `status`, `valorTotalProduto`, `valorFrete`, `valorDesconto`, `dtCadastro`, `pagseguroId`, `rastreamento`, `notaFiscal`, `tipoEntrega`) VALUES
	(46, 53, 33, 2, 1, '2014000000001', 3, 5.9, 14, NULL, '2014-08-01 17:01:42', NULL, NULL, '', ''),
	(47, 54, 33, 1, 1, '2014000000002', 3, 3.3, 13.7, NULL, '2014-08-01 17:53:14', 'E44DC65D-34BB-4D7A-9E52-555880A96E61', NULL, '', ''),
	(48, 55, 33, 2, 1, '2014000000003', 4, 9.2, 13.7, NULL, '2014-08-06 11:51:23', NULL, NULL, '', ''),
	(49, 56, 33, 2, 1, '2014000000004', 4, 3.8, 13.7, NULL, '2014-08-19 11:57:58', NULL, NULL, '', 'PAC'),
	(50, 57, 33, 3, 1, '2014000000005', 3, 11.16, 13.7, NULL, '2014-08-19 12:05:30', NULL, NULL, '', 'PAC'),
	(51, 58, 33, 3, 1, '2014000000006', 3, 12.87, 14, NULL, '2014-08-20 13:51:24', NULL, NULL, '', 'SEDEX'),
	(52, 59, 33, 3, 1, '2014000000007', 3, 7.11, 13.7, NULL, '2014-08-20 13:54:27', NULL, NULL, '', 'PAC'),
	(53, 60, 33, 2, 1, '2014000000008', 3, 9.405, 13.7, NULL, '2014-08-20 14:29:15', NULL, NULL, '', 'PAC'),
	(54, 61, 33, 2, 1, '2014000000009', 3, 6.0325, 13.7, NULL, '2014-08-21 11:27:05', NULL, NULL, '', 'PAC'),
	(55, 62, 32, 2, 1, '2014000000010', 3, 13.585, 13.7, NULL, '2014-08-21 14:30:26', NULL, NULL, '', 'PAC'),
	(56, 63, 33, 2, 1, '20140000011', 3, 13.87, 13.7, NULL, '2014-08-21 15:03:27', NULL, NULL, '', 'PAC'),
	(57, 64, 33, 2, 1, '20140000012', 3, 14.535, 14, NULL, '2014-08-21 15:12:19', NULL, NULL, '', 'SEDEX'),
	(58, 65, 33, 3, 1, '20140000013', 3, 54.9, 13.7, NULL, '2014-08-21 15:37:42', NULL, NULL, '', 'PAC'),
	(59, 66, 33, 3, 1, '20140000014', 3, 13.14, 13.7, NULL, '2014-08-22 10:29:36', NULL, NULL, '', 'PAC'),
	(60, 67, 33, 3, 1, '20140000015', 4, 8.91, 13.7, NULL, '2014-08-22 10:35:25', NULL, NULL, '', 'PAC'),
	(61, 68, 33, 3, 1, '20140000016', 4, 8.64, 13.7, NULL, '2014-08-22 12:15:52', NULL, NULL, '', 'PAC'),
	(62, 69, 33, 1, 1, '20140000017', 3, 6.6, 13.7, NULL, '2014-08-22 16:38:58', NULL, NULL, '', 'PAC'),
	(63, 70, 33, 3, 1, '20140000018', 3, 58.41, 13.7, NULL, '2014-08-25 10:06:51', NULL, NULL, '', 'PAC'),
	(64, 71, 33, 3, 1, '20140000019', 3, 26.1, 13.7, NULL, '2014-08-25 10:12:13', NULL, NULL, '', 'PAC'),
	(65, 72, 33, 3, 1, '20140000020', 3, 21.42, 13.7, NULL, '2014-08-27 11:44:52', NULL, NULL, '', 'PAC'),
	(66, 73, 33, 3, 1, '20140000021', 3, 10.35, 13.7, NULL, '2014-08-28 17:34:31', NULL, NULL, '', 'PAC'),
	(67, 74, 33, 3, 1, '20140000022', 4, 49.77, 13.7, NULL, '2014-08-28 17:40:08', NULL, NULL, '', 'PAC'),
	(68, 75, 33, 3, 1, '20140000023', 3, 18.63, 13.7, NULL, '2014-08-29 12:45:41', NULL, NULL, '', 'PAC'),
	(69, 76, 33, 3, 1, '20140000024', 1, 39.78, 13.7, NULL, '2014-08-29 17:27:43', NULL, NULL, '', 'PAC'),
	(70, 77, 33, 3, 1, '20140000025', 3, 316.8, 13.7, NULL, '2014-09-01 14:53:48', NULL, NULL, '', 'PAC'),
	(71, 78, 33, 3, 1, '20140000026', 3, 5.31, 13.7, NULL, '2014-09-01 16:37:10', NULL, NULL, '', 'PAC'),
	(72, 79, 33, 3, 1, '20140000027', 3, 192.105, 13.7, NULL, '2014-09-02 10:32:18', NULL, NULL, '', 'PAC'),
	(73, 80, 33, 3, 1, '20140000028', 3, 248.4, 13.7, NULL, '2014-09-03 12:38:00', NULL, NULL, '', 'PAC'),
	(74, 81, 33, 3, 1, '20140000029', 3, 14.715, 13.7, NULL, '2014-09-03 17:26:01', NULL, NULL, '', 'PAC'),
	(75, 82, 33, 3, 1, '20140000030', 1, 37.215, 13.7, NULL, '2014-09-04 09:22:34', NULL, NULL, '', 'PAC'),
	(76, 83, 34, 3, 1, '20140000031', 1, 1022.49, 16, NULL, '2014-09-04 18:34:12', NULL, NULL, '', 'PAC'),
	(77, 84, 33, 3, 1, '20140000032', 3, 159.84, 13.7, NULL, '2014-09-05 16:42:02', NULL, NULL, '', 'PAC'),
	(78, 85, 34, 3, 1, '20140000033', 1, 64.53, 13.7, NULL, '2014-09-07 11:03:00', NULL, NULL, '', 'PAC'),
	(79, 86, 34, 3, 1, '20140000034', 3, 70.2, 13.7, NULL, '2014-09-07 11:26:25', NULL, NULL, '', 'PAC'),
	(80, 87, 34, 3, 1, '20140000035', 1, 320.76, 13.7, NULL, '2014-09-08 17:39:32', NULL, NULL, '', 'PAC'),
	(81, 88, 33, 3, 1, '20140000036', 4, 405.72, 13.7, NULL, '2014-09-10 10:31:19', NULL, NULL, '', 'PAC'),
	(82, 89, 34, 3, 1, '20140000037', 1, 207.45, 14.9, NULL, '2014-09-10 10:51:44', NULL, NULL, '', 'PAC'),
	(83, 90, 33, 3, 1, '20140000038', 3, 27.55, 13.7, NULL, '2014-09-11 12:13:28', NULL, NULL, '', 'PAC'),
	(84, 91, 33, 3, 1, '20140000039', 3, 18.6675, 13.7, NULL, '2014-09-11 17:44:08', NULL, NULL, '', 'PAC'),
	(85, 92, 33, 3, 1, '20140000040', 1, 181.735, 14.9, NULL, '2014-09-11 18:04:02', NULL, NULL, '', 'PAC'),
	(86, 93, 34, 3, 1, '20140000041', 1, 389.927, 14.9, NULL, '2014-09-14 15:11:55', NULL, NULL, '', 'PAC'),
	(87, 94, 34, 3, 1, '20140000042', 3, 74.5275, 13.7, NULL, '2014-09-15 14:08:31', NULL, NULL, '', 'PAC'),
	(88, 95, 34, 3, 1, '20140000043', 1, 81.035, 13.7, NULL, '2014-09-15 18:05:29', NULL, NULL, '', 'PAC'),
	(89, 96, 33, 3, 1, '20140000044', 3, 44.27, 13.7, NULL, '2014-09-16 10:40:58', NULL, NULL, '', 'PAC'),
	(90, 97, 34, 3, 1, '20140000045', 1, 604.01, 14.9, NULL, '2014-09-16 18:13:15', NULL, NULL, '', 'PAC'),
	(91, 98, 33, 3, 1, '20140000046', 3, 16.53, 13.7, NULL, '2014-09-19 09:20:55', NULL, NULL, '', 'PAC'),
	(92, 99, 34, 3, 1, '20140000047', 3, 13.3, 13.7, NULL, '2014-09-23 09:44:00', NULL, NULL, '', 'PAC'),
	(93, 100, 39, 2, 1, '20140000048', 4, 15.675, 17.6, NULL, '2014-09-23 16:18:29', NULL, NULL, '', 'PAC'),
	(94, 101, 33, 3, 1, '20140000049', 4, 115.9, 13.7, NULL, '2014-09-24 13:07:24', NULL, NULL, '', 'PAC'),
	(95, 102, 34, 3, 1, '20140000050', 1, 230.518, 13.7, NULL, '2014-09-24 18:06:20', NULL, NULL, '', 'PAC'),
	(96, 103, 33, 2, 1, '20140000051', 3, 42.465, 13.7, NULL, '2014-09-26 13:52:27', NULL, NULL, '', 'PAC'),
	(97, 104, 33, 3, 1, '20140000052', 3, 111.435, 13.7, NULL, '2014-09-29 13:40:57', NULL, NULL, '', 'PAC'),
	(98, 105, 34, 3, 1, '20140000053', 1, 222.404, 13.7, NULL, '2014-09-29 16:24:18', NULL, NULL, '', 'SEDEX'),
	(99, 106, 40, 2, 1, '20140000054', 4, 13.585, 16.5, NULL, '2014-09-29 21:28:43', NULL, NULL, '', 'PAC'),
	(100, 107, 33, 3, 1, '20140000055', 4, 484.69, 13.7, NULL, '2014-10-03 16:39:35', NULL, NULL, '', 'PAC'),
	(101, 108, 44, 2, 1, '20140000056', 4, 6.08, 13.7, NULL, '2014-10-07 10:44:57', NULL, NULL, '', 'PAC'),
	(102, 109, 47, 3, 1, '20140000057', 3, 204.402, 13.7, NULL, '2014-10-07 14:01:25', NULL, NULL, '', 'PAC'),
	(103, 110, 34, 3, 1, '20140000058', 3, 27.17, 13.7, NULL, '2014-10-07 15:15:18', NULL, NULL, '', 'PAC'),
	(104, 111, 34, 3, 1, '20140000059', 1, 209.95, 13.7, NULL, '2014-10-07 16:29:28', NULL, NULL, '', 'PAC'),
	(105, 112, 34, 3, 1, '20140000060', 4, 281.96, 13.7, NULL, '2014-10-07 17:14:47', NULL, NULL, '', 'PAC'),
	(106, 113, 37, 2, 1, '20140000061', 3, 10.925, 13.7, NULL, '2014-10-08 13:17:40', NULL, NULL, '', 'PAC'),
	(107, 114, 34, 3, 1, '20140000062', 3, 96.9, 13.7, NULL, '2014-10-08 17:06:37', NULL, NULL, '', 'PAC'),
	(108, 115, 34, 3, 1, '20140000063', 3, 64.8375, 13.7, NULL, '2014-10-08 17:10:04', NULL, NULL, '', 'PAC'),
	(109, 116, 34, 3, 1, '20140000064', 1, 152.285, 13.7, NULL, '2014-10-08 17:43:36', NULL, NULL, '', 'PAC'),
	(110, 117, 34, 3, 1, '20140000065', 3, 18.43, 13.7, NULL, '2014-10-08 17:52:48', NULL, NULL, '', 'PAC'),
	(111, 118, 50, 3, 1, '20140000066', 1, 223.25, 13.7, NULL, '2014-10-09 17:34:59', NULL, NULL, '', 'PAC'),
	(112, 119, 51, 3, 1, '20140000067', 1, 105.754, 13.7, NULL, '2014-10-09 17:49:55', NULL, NULL, '', 'PAC'),
	(116, 123, 53, 3, 1, '20140000071', 4, 117.23, 13.7, NULL, '2014-10-13 10:38:53', NULL, NULL, '', 'PAC'),
	(122, 129, 33, 2, 1, '20140000077', 4, 11.4, 13.7, NULL, '2014-10-13 16:59:52', NULL, NULL, '', 'PAC'),
	(123, 130, 54, 2, 1, '20140000078', 4, 22.99, 24.3, NULL, '2014-10-14 14:20:01', NULL, NULL, '', 'PAC'),
	(124, 131, 54, 2, 1, '20140000079', 3, 30.495, 24.3, NULL, '2014-10-14 14:55:00', NULL, 'DG756195987BR', '', 'PAC'),
	(125, 132, 33, 3, 1, '20140000080', 4, 113.62, 13.7, NULL, '2014-10-14 16:01:22', NULL, NULL, '', 'PAC'),
	(126, 133, 51, 3, 1, '20140000081', 1, 142.196, 13.7, NULL, '2014-10-15 17:39:33', NULL, NULL, '', 'PAC'),
	(127, 134, 50, 3, 1, '20140000082', 4, 103.55, 13.7, NULL, '2014-10-16 16:45:27', NULL, NULL, '', 'PAC'),
	(128, 135, 52, 3, 1, '20140000083', 4, 323.95, 13.7, NULL, '2014-10-16 16:56:40', NULL, NULL, '', 'PAC'),
	(129, 136, 34, 3, 1, '20140000084', 1, 356.25, 13.7, NULL, '2014-10-16 17:29:01', NULL, NULL, '', 'PAC'),
	(130, 137, 55, 3, 1, '20140000085', 3, 36.005, 13.7, NULL, '2014-10-16 17:38:41', NULL, NULL, '', 'PAC'),
	(131, 138, 51, 3, 1, '20140000086', 1, 9.31, 13.7, NULL, '2014-10-16 17:46:22', NULL, NULL, '', 'PAC'),
	(132, 162, 31, 2, 1, '20140000087', 4, 20.14, NULL, NULL, '2014-10-17 21:58:02', NULL, NULL, '', 'PAC'),
	(133, 167, 31, 2, 1, '20140000088', 4, 11.4, NULL, NULL, '2014-10-17 22:36:21', NULL, NULL, '', 'PAC'),
	(134, 168, 31, 2, 1, '20140000089', 4, 0.665, NULL, NULL, '2014-10-17 22:45:20', NULL, NULL, '', 'PAC'),
	(135, 169, 31, 2, 1, '20140000090', 4, 0.665, 137, NULL, '2014-10-17 22:47:39', NULL, NULL, '', 'PAC'),
	(136, 170, 34, 3, 1, '20140000091', 1, 229.52, 137, NULL, '2014-10-18 10:59:07', NULL, NULL, '', 'PAC'),
	(138, 172, 33, 2, 1, '20140000093', 3, 4.18, 137, NULL, '2014-10-18 13:30:21', NULL, NULL, '', 'PAC'),
	(139, 173, 57, 2, 1, '20140000094', 4, 39.33, 137, NULL, '2014-10-18 14:42:45', NULL, NULL, '', 'PAC'),
	(141, 175, 33, 2, 1, '20140000096', 3, 39.805, 137, NULL, '2014-10-20 10:36:18', NULL, NULL, '', 'PAC'),
	(142, 176, 33, 3, 1, '20140000097', 3, 392.73, 137, NULL, '2014-10-20 14:23:15', NULL, NULL, '', 'PAC'),
	(144, 178, 31, 1, 1, '20140000099', 4, 12, 13.7, NULL, '2014-10-20 22:39:23', NULL, NULL, '', 'PAC'),
	(145, 179, 34, 3, 1, '20140000100', 3, 76.665, 13.7, NULL, '2014-10-21 09:11:58', NULL, NULL, '', 'PAC'),
	(146, 180, 33, 1, 1, '20140000101', 3, 16.4, 13.7, NULL, '2014-10-22 09:52:58', NULL, 'DG756195987BR', '', 'PAC'),
	(147, 181, 33, 2, 1, '20140000102', 3, 13.965, 13.7, NULL, '2014-10-22 09:58:48', NULL, NULL, '', 'SEDEX'),
	(148, 182, 50, 3, 1, '20140000103', 3, 57.95, 13.7, NULL, '2014-10-22 17:03:28', NULL, NULL, '', 'PAC'),
	(149, 183, 33, 1, 1, '20140000104', 3, 34.2, 13.7, NULL, '2014-10-24 14:12:57', NULL, NULL, '', 'PAC'),
	(150, 184, 55, 3, 1, '20140000105', 1, 20.805, 13.7, NULL, '2014-10-24 14:56:43', NULL, NULL, '', 'PAC'),
	(151, 185, 34, 3, 1, '20140000106', 3, 57.95, 13.7, NULL, '2014-10-24 17:13:57', NULL, NULL, '', 'PAC'),
	(152, 186, 53, 1, 1, '20140000107', 4, 105.4, 13.7, NULL, '2014-10-28 14:54:51', NULL, NULL, '', 'PAC'),
	(153, 187, 33, 1, 1, '20140000108', 3, 9.8, 13.7, NULL, '2014-10-29 10:57:03', NULL, NULL, '', 'PAC'),
	(154, 188, 61, 3, 1, '20140000109', 4, 15.485, 13.7, NULL, '2014-10-31 15:00:52', NULL, NULL, '', 'SEDEX'),
	(156, 190, 51, 3, 1, '20140000111', 1, 190.912, 13.7, NULL, '2014-10-31 17:21:01', NULL, NULL, '', 'PAC'),
	(157, 191, 55, 3, 1, '20140000112', 1, 130.292, 13.7, NULL, '2014-10-31 17:52:37', NULL, NULL, '', 'PAC'),
	(158, 192, 55, 3, 1, '20140000113', 3, 69.35, 13.7, NULL, '2014-11-03 14:31:43', NULL, NULL, '', 'PAC'),
	(159, 193, 33, 1, 1, '20140000114', 3, 18.1, 13.7, NULL, '2014-11-03 16:26:35', 'E704A65B-C6A1-4093-878E-A6D5D6BB3FE1', NULL, '', 'SEDEX'),
	(160, 194, 34, 3, 1, '20140000115', 3, 28.405, 13.7, NULL, '2014-11-03 17:59:33', NULL, NULL, '', 'PAC'),
	(161, 195, 55, 3, 1, '20140000116', 1, 67.45, 13.7, NULL, '2014-11-04 16:57:47', NULL, NULL, '', 'PAC'),
	(162, 196, 33, 3, 1, '20140000117', 1, 29.45, 13.7, NULL, '2014-11-05 19:47:52', NULL, NULL, '', 'PAC'),
	(163, 197, 33, 1, 1, '20140000118', 4, 12, 13.7, NULL, '2014-11-06 12:30:50', NULL, NULL, '', 'PAC'),
	(164, 198, 33, 3, 1, '20140000119', 3, 19.95, 13.7, NULL, '2014-11-07 17:39:34', NULL, NULL, '', 'PAC'),
	(165, 199, 34, 3, 1, '20140000120', 3, 115.9, 13.7, NULL, '2014-11-10 17:56:04', NULL, NULL, '', 'PAC'),
	(166, 200, 55, 3, 1, '20140000121', 1, 6.27, 13.7, NULL, '2014-11-19 16:07:53', NULL, NULL, '', 'PAC'),
	(169, 203, 68, 2, 1, '20140000124', 3, 56.43, 13.7, NULL, '2014-11-20 14:38:41', NULL, 'SF018483119BR', '', 'SEDEX'),
	(170, 204, 33, 3, 1, '20140000125', 3, 120.08, 13.7, NULL, '2014-11-23 19:41:21', NULL, NULL, '', 'PAC'),
	(171, 205, 33, 3, 1, '20140000126', 3, 249.85, 13.7, NULL, '2014-11-23 19:55:59', NULL, NULL, '', 'PAC'),
	(172, 206, 51, 3, 1, '20140000127', 3, 26.106, 13.7, NULL, '2014-11-24 18:06:52', NULL, NULL, '', 'PAC'),
	(173, 207, 55, 3, 1, '20140000128', 3, 19.95, 13.7, NULL, '2014-11-25 11:01:10', NULL, NULL, '', 'PAC'),
	(174, 208, 34, 3, 1, '20140000129', 1, 455.05, 13.7, NULL, '2014-11-26 09:26:44', NULL, NULL, '', 'PAC'),
	(175, 209, 34, 3, 1, '20140000130', 3, 43.795, 13.7, NULL, '2014-11-26 17:52:48', NULL, NULL, '', 'PAC'),
	(176, 210, 55, 3, 1, '20140000131', 3, 180.049, 13.7, NULL, '2014-11-27 10:02:05', NULL, NULL, '', 'PAC'),
	(177, 211, 34, 3, 1, '20140000132', 1, 58.9475, 13.7, NULL, '2014-11-27 13:10:57', NULL, NULL, '', 'PAC'),
	(178, 212, 34, 3, 1, '20140000133', 3, 13.6325, 13.7, NULL, '2014-11-27 13:46:53', NULL, NULL, '', 'PAC'),
	(179, 213, 53, 2, 1, '20140000134', 3, 103.265, 13.7, NULL, '2014-12-03 12:21:36', NULL, 'PI171236838BR', '', 'PAC'),
	(180, 214, 55, 3, 1, '20140000135', 3, 7.505, 0, NULL, '2014-12-03 13:23:46', NULL, NULL, '', 'PAC'),
	(181, 215, 33, 3, 1, '20140000136', 3, 19.95, 0, NULL, '2014-12-03 17:31:49', NULL, NULL, '', 'SEDEX'),
	(182, 216, 51, 3, 1, '20140000137', 1, 49.476, 0, NULL, '2014-12-05 10:44:58', NULL, NULL, '', 'PAC'),
	(183, 217, 70, 3, 1, '20140000138', 1, 84.645, 13.7, NULL, '2014-12-06 14:37:23', NULL, NULL, '', 'PAC'),
	(184, 218, 70, 3, 1, '20140000139', 1, 346.228, 14.9, NULL, '2014-12-06 15:17:30', NULL, NULL, '', 'PAC'),
	(185, 219, 71, 2, 1, '20140000140', 3, 76.95, 15.5, NULL, '2014-12-07 01:36:55', NULL, 'PI183666335BR', '', 'PAC'),
	(186, 220, 55, 3, 1, '20140000141', 1, 13.585, 13.7, NULL, '2014-12-08 13:46:56', NULL, NULL, '', 'PAC'),
	(187, 221, 70, 3, 1, '20140000142', 1, 280.174, 13.7, NULL, '2014-12-09 23:28:02', NULL, NULL, '', 'PAC'),
	(188, 222, 70, 3, 1, '20140000143', 1, 32.87, 13.7, NULL, '2014-12-09 23:34:37', NULL, NULL, '', 'PAC'),
	(189, 223, 33, 3, 1, '20140000144', 3, 19.57, 22.7, NULL, '2014-12-09 23:42:28', NULL, NULL, '', 'PAC'),
	(190, 224, 34, 3, 1, '20140000145', 1, 69.35, 13.7, NULL, '2014-12-10 11:21:05', NULL, NULL, '', 'PAC'),
	(191, 225, 34, 3, 1, '20140000146', 3, 6.84, 13.7, NULL, '2014-12-11 17:47:18', NULL, NULL, '', 'PAC'),
	(192, 226, 74, 2, 1, '20140000147', 3, 39.14, 32.7, NULL, '2014-12-12 11:59:18', NULL, 'DG884031355BR', '', 'SEDEX'),
	(193, 227, 75, 1, 1, '20140000148', 4, 31.5, 16.5, NULL, '2014-12-12 13:13:35', NULL, NULL, '', 'PAC'),
	(194, 228, 75, 1, 1, '20140000149', 4, 31.5, 16.5, NULL, '2014-12-12 13:17:17', 'D456056C-E7F3-4102-B2A5-B9219265F6E6', NULL, '', 'PAC'),
	(195, 229, 50, 3, 1, '20140000150', 4, 76.95, 13.7, NULL, '2014-12-12 13:35:56', NULL, NULL, '', 'PAC'),
	(196, 230, 75, 1, 1, '20140000151', 4, 31.5, 16.5, NULL, '2014-12-12 13:58:47', '6F41D67C-D2C4-4173-BD31-0EBCE431EDCD', NULL, '', 'PAC'),
	(197, 231, 55, 3, 1, '20140000152', 1, 267.9, 13.7, NULL, '2014-12-12 15:49:51', NULL, NULL, '', 'PAC'),
	(198, 232, 34, 3, 1, '20140000153', 1, 57.95, 13.7, NULL, '2014-12-12 15:58:21', NULL, NULL, '', 'PAC'),
	(199, 233, 70, 3, 1, '20140000154', 1, 235.106, 13.7, NULL, '2014-12-12 23:00:25', NULL, NULL, '', 'PAC'),
	(200, 234, 70, 3, 1, '20140000155', 1, 159.125, 13.7, NULL, '2014-12-12 23:11:40', NULL, NULL, '', 'PAC'),
	(201, 235, 76, 2, 1, '20140000156', 4, 9.405, 13.7, NULL, '2014-12-13 13:57:00', NULL, NULL, '', 'PAC'),
	(202, 236, 70, 3, 1, '20140000157', 1, 159.125, 13.7, NULL, '2014-12-13 23:56:58', NULL, NULL, '', 'PAC'),
	(203, 237, 77, 2, 1, '20140000158', 4, 68.02, 17.6, NULL, '2014-12-14 23:09:25', NULL, NULL, '', 'PAC'),
	(204, 238, 50, 3, 1, '20140000159', 1, 208.43, 13.7, NULL, '2014-12-15 15:53:59', NULL, NULL, '', 'PAC'),
	(205, 239, 78, 2, 1, '20140000160', 4, 15.39, 13.7, NULL, '2014-12-15 16:20:29', NULL, NULL, '', 'SEDEX'),
	(206, 240, 79, 2, 1, '20140000161', 3, 55.1, 17.6, NULL, '2014-12-15 18:23:09', NULL, 'PI196954432BR', '', 'PAC'),
	(207, 241, 34, 3, 1, '20140000162', 1, 69.35, 13.7, NULL, '2014-12-16 17:57:46', NULL, NULL, '', 'PAC'),
	(208, 242, 34, 3, 1, '20140000163', 1, 162.45, 13.7, NULL, '2014-12-18 17:41:03', NULL, NULL, '', 'PAC'),
	(209, 243, 34, 3, 1, '20140000164', 1, 32.68, 0, NULL, '2014-12-19 18:02:56', NULL, NULL, '', 'PAC'),
	(210, 244, 83, 1, 1, '20140000165', 3, 90, 22.6, NULL, '2014-12-22 10:52:56', NULL, 'DJ337309782BR', '', 'SEDEX'),
	(211, 245, 70, 3, 1, '20140000166', 1, 93.955, 0, NULL, '2014-12-22 23:17:41', NULL, NULL, '', 'SEDEX'),
	(212, 246, 70, 3, 1, '20140000167', 1, 173.185, 13.7, NULL, '2014-12-22 23:28:25', NULL, NULL, '', 'PAC'),
	(213, 247, 79, 2, 1, '20140000168', 4, 76.95, 17.6, NULL, '2014-12-29 13:00:12', NULL, NULL, '', 'PAC'),
	(214, 248, 70, 3, 1, '20140000169', 1, 52.25, 0, NULL, '2015-01-03 21:44:21', NULL, NULL, '', 'PAC'),
	(215, 249, 89, 2, 1, '20140000170', 3, 14.06, 15, NULL, '2015-01-08 14:33:19', NULL, 'PE115145945BR', '', 'PAC'),
	(216, 250, 37, 2, 1, '20140000171', 1, 151.05, 13.7, NULL, '2015-01-09 09:41:27', NULL, NULL, '', 'PAC'),
	(217, 251, 33, 3, 1, '20140000172', 1, 17.29, 22.7, NULL, '2015-01-09 11:30:51', NULL, NULL, '', 'PAC'),
	(221, 255, 33, 3, 1, '20140000176', 3, 76.95, 17.6, NULL, '2015-01-12 12:35:15', NULL, NULL, '', 'PAC'),
	(222, 256, 92, 2, 1, '20140000177', 4, 28.69, 16.5, NULL, '2015-01-12 22:16:31', NULL, NULL, '', 'PAC'),
	(223, 257, 93, 1, 1, '20140000178', 4, 52, 15, NULL, '2015-01-13 23:59:21', NULL, NULL, '', 'PAC'),
	(229, 263, 96, 3, 1, '20140000184', 4, 93.1, 32.7, NULL, '2015-01-19 15:47:39', NULL, NULL, '', 'SEDEX'),
	(230, 264, 33, 3, 1, '20140000185', 1, 20.33, 13.7, NULL, '2015-01-20 12:09:14', NULL, NULL, '', 'PAC'),
	(231, 265, 33, 2, 1, '20140000186', 1, 7.79, 13.7, NULL, '2015-01-20 12:11:15', NULL, NULL, '', 'PAC'),
	(232, 266, 97, 2, 1, '20140000187', 3, 8.17, 14, NULL, '2015-01-21 10:13:18', NULL, 'DG920548816BR', '', 'SEDEX'),
	(233, 267, 55, 3, 1, '20140000188', 1, 13.585, 0, NULL, '2015-01-22 11:55:36', NULL, NULL, '', 'PAC'),
	(234, 268, 34, 3, 1, '20140000189', 1, 57.95, 13.7, NULL, '2015-01-24 17:09:20', NULL, NULL, '', 'PAC'),
	(235, 269, 34, 3, 1, '20140000190', 2, 59.28, 13.7, NULL, '2015-01-27 11:52:18', NULL, NULL, '', 'PAC'),
	(236, 270, 98, 1, 1, '20140000191', 4, 98, 13.7, NULL, '2015-01-27 12:49:18', NULL, NULL, '', 'PAC'),
	(237, 271, 55, 3, 1, '20140000192', 1, 142.5, 13.7, NULL, '2015-01-30 18:37:56', NULL, NULL, '', 'PAC');
/*!40000 ALTER TABLE `venda` ENABLE KEYS */;


-- Copiando estrutura para tabela sedaerot_loja.vendahistorico
CREATE TABLE IF NOT EXISTS `vendahistorico` (
  `vendaHistoricoId` int(11) NOT NULL AUTO_INCREMENT,
  `dtCadastro` timestamp NULL DEFAULT CURRENT_TIMESTAMP,
  `mVendaId` int(11) NOT NULL,
  PRIMARY KEY (`vendaHistoricoId`,`mVendaId`),
  KEY `fk_vendaHistorico_venda1_idx` (`mVendaId`),
  CONSTRAINT `fk_vendaHistorico_venda1` FOREIGN KEY (`mVendaId`) REFERENCES `venda` (`vendaId`) ON DELETE CASCADE ON UPDATE NO ACTION
) ENGINE=InnoDB AUTO_INCREMENT=193 DEFAULT CHARSET=utf8;

-- Copiando dados para a tabela sedaerot_loja.vendahistorico: ~154 rows (aproximadamente)
/*!40000 ALTER TABLE `vendahistorico` DISABLE KEYS */;
INSERT INTO `vendahistorico` (`vendaHistoricoId`, `dtCadastro`, `mVendaId`) VALUES
	(1, '2014-08-01 17:01:42', 46),
	(2, '2014-08-01 17:53:14', 47),
	(3, '2014-08-06 11:51:23', 48),
	(4, '2014-08-19 11:57:58', 49),
	(5, '2014-08-19 12:05:30', 50),
	(6, '2014-08-20 13:51:24', 51),
	(7, '2014-08-20 13:54:27', 52),
	(8, '2014-08-20 14:29:15', 53),
	(9, '2014-08-21 11:27:05', 54),
	(10, '2014-08-21 14:30:26', 55),
	(11, '2014-08-21 15:03:27', 56),
	(12, '2014-08-21 15:12:19', 57),
	(13, '2014-08-21 15:37:42', 58),
	(14, '2014-08-22 10:29:36', 59),
	(15, '2014-08-22 10:35:25', 60),
	(16, '2014-08-22 12:15:52', 61),
	(17, '2014-08-22 16:38:58', 62),
	(18, '2014-08-25 10:06:51', 63),
	(19, '2014-08-25 10:12:13', 64),
	(20, '2014-08-27 11:44:52', 65),
	(21, '2014-08-28 17:34:31', 66),
	(22, '2014-08-28 17:40:08', 67),
	(23, '2014-08-29 12:45:41', 68),
	(24, '2014-08-29 17:27:43', 69),
	(25, '2014-09-01 14:53:48', 70),
	(26, '2014-09-01 16:37:10', 71),
	(27, '2014-09-02 10:32:18', 72),
	(28, '2014-09-03 12:38:00', 73),
	(29, '2014-09-03 17:26:01', 74),
	(30, '2014-09-04 09:22:34', 75),
	(31, '2014-09-04 18:34:12', 76),
	(32, '2014-09-05 16:42:02', 77),
	(33, '2014-09-07 11:03:00', 78),
	(34, '2014-09-07 11:26:25', 79),
	(35, '2014-09-08 17:39:32', 80),
	(36, '2014-09-10 10:31:19', 81),
	(37, '2014-09-10 10:51:44', 82),
	(38, '2014-09-11 12:13:28', 83),
	(39, '2014-09-11 17:44:08', 84),
	(40, '2014-09-11 18:04:02', 85),
	(41, '2014-09-14 15:11:55', 86),
	(42, '2014-09-15 14:08:31', 87),
	(43, '2014-09-15 18:05:29', 88),
	(44, '2014-09-16 10:40:58', 89),
	(45, '2014-09-16 18:13:15', 90),
	(46, '2014-09-19 09:20:55', 91),
	(47, '2014-09-23 09:44:00', 92),
	(48, '2014-09-23 16:18:29', 93),
	(49, '2014-09-24 13:07:24', 94),
	(50, '2014-09-24 18:06:20', 95),
	(51, '2014-09-26 13:52:27', 96),
	(52, '2014-09-29 13:40:57', 97),
	(53, '2014-09-29 16:24:18', 98),
	(54, '2014-09-29 21:28:43', 99),
	(55, '2014-10-03 16:39:35', 100),
	(56, '2014-10-07 10:44:57', 101),
	(57, '2014-10-07 14:01:25', 102),
	(58, '2014-10-07 15:15:18', 103),
	(59, '2014-10-07 16:29:28', 104),
	(60, '2014-10-07 17:14:47', 105),
	(61, '2014-10-08 13:17:40', 106),
	(62, '2014-10-08 17:06:37', 107),
	(63, '2014-10-08 17:10:04', 108),
	(64, '2014-10-08 17:43:36', 109),
	(65, '2014-10-08 17:52:48', 110),
	(66, '2014-10-09 17:34:59', 111),
	(67, '2014-10-09 17:49:55', 112),
	(71, '2014-10-13 10:38:53', 116),
	(77, '2014-10-13 16:59:52', 122),
	(78, '2014-10-14 14:20:01', 123),
	(79, '2014-10-14 14:55:00', 124),
	(80, '2014-10-14 16:01:22', 125),
	(81, '2014-10-15 17:39:33', 126),
	(82, '2014-10-16 16:45:27', 127),
	(83, '2014-10-16 16:56:40', 128),
	(84, '2014-10-16 17:29:01', 129),
	(85, '2014-10-16 17:38:41', 130),
	(86, '2014-10-16 17:46:22', 131),
	(87, '2014-10-17 21:58:02', 132),
	(88, '2014-10-17 22:36:21', 133),
	(89, '2014-10-17 22:45:20', 134),
	(90, '2014-10-17 22:47:39', 135),
	(91, '2014-10-18 10:59:07', 136),
	(93, '2014-10-18 13:30:21', 138),
	(94, '2014-10-18 14:42:45', 139),
	(96, '2014-10-20 10:36:18', 141),
	(97, '2014-10-20 14:23:15', 142),
	(99, '2014-10-20 22:39:23', 144),
	(100, '2014-10-21 09:11:58', 145),
	(101, '2014-10-22 09:52:58', 146),
	(102, '2014-10-22 09:58:48', 147),
	(103, '2014-10-22 17:03:28', 148),
	(104, '2014-10-24 14:12:57', 149),
	(105, '2014-10-24 14:56:43', 150),
	(106, '2014-10-24 17:13:57', 151),
	(107, '2014-10-28 14:54:51', 152),
	(108, '2014-10-29 10:57:03', 153),
	(109, '2014-10-31 15:00:52', 154),
	(111, '2014-10-31 17:21:01', 156),
	(112, '2014-10-31 17:52:37', 157),
	(113, '2014-11-03 14:31:43', 158),
	(114, '2014-11-03 16:26:35', 159),
	(115, '2014-11-03 17:59:33', 160),
	(116, '2014-11-04 16:57:47', 161),
	(117, '2014-11-05 19:47:52', 162),
	(118, '2014-11-06 12:30:50', 163),
	(119, '2014-11-07 17:39:34', 164),
	(120, '2014-11-10 17:56:04', 165),
	(121, '2014-11-19 16:07:53', 166),
	(124, '2014-11-20 14:38:41', 169),
	(125, '2014-11-23 19:41:21', 170),
	(126, '2014-11-23 19:55:59', 171),
	(127, '2014-11-24 18:06:52', 172),
	(128, '2014-11-25 11:01:10', 173),
	(129, '2014-11-26 09:26:44', 174),
	(130, '2014-11-26 17:52:48', 175),
	(131, '2014-11-27 10:02:05', 176),
	(132, '2014-11-27 13:10:57', 177),
	(133, '2014-11-27 13:46:53', 178),
	(134, '2014-12-03 12:21:36', 179),
	(135, '2014-12-03 13:23:46', 180),
	(136, '2014-12-03 17:31:49', 181),
	(137, '2014-12-05 10:44:58', 182),
	(138, '2014-12-06 14:37:23', 183),
	(139, '2014-12-06 15:17:30', 184),
	(140, '2014-12-07 01:36:55', 185),
	(141, '2014-12-08 13:46:56', 186),
	(142, '2014-12-09 23:28:02', 187),
	(143, '2014-12-09 23:34:37', 188),
	(144, '2014-12-09 23:42:28', 189),
	(145, '2014-12-10 11:21:05', 190),
	(146, '2014-12-11 17:47:18', 191),
	(147, '2014-12-12 11:59:18', 192),
	(148, '2014-12-12 13:13:35', 193),
	(149, '2014-12-12 13:17:17', 194),
	(150, '2014-12-12 13:35:56', 195),
	(151, '2014-12-12 13:58:47', 196),
	(152, '2014-12-12 15:49:51', 197),
	(153, '2014-12-12 15:58:21', 198),
	(154, '2014-12-12 23:00:25', 199),
	(155, '2014-12-12 23:11:40', 200),
	(156, '2014-12-13 13:57:00', 201),
	(157, '2014-12-13 23:56:58', 202),
	(158, '2014-12-14 23:09:25', 203),
	(159, '2014-12-15 15:53:59', 204),
	(160, '2014-12-15 16:20:29', 205),
	(161, '2014-12-15 18:23:09', 206),
	(162, '2014-12-16 17:57:46', 207),
	(163, '2014-12-18 17:41:03', 208),
	(164, '2014-12-19 18:02:56', 209),
	(165, '2014-12-22 10:52:56', 210),
	(166, '2014-12-22 23:17:41', 211),
	(167, '2014-12-22 23:28:25', 212),
	(168, '2014-12-29 13:00:12', 213),
	(169, '2015-01-03 21:44:21', 214),
	(170, '2015-01-08 14:33:19', 215),
	(171, '2015-01-09 09:41:27', 216),
	(172, '2015-01-09 11:30:51', 217),
	(176, '2015-01-12 12:35:15', 221),
	(177, '2015-01-12 22:16:31', 222),
	(178, '2015-01-13 23:59:21', 223),
	(184, '2015-01-19 15:47:39', 229),
	(185, '2015-01-20 12:09:14', 230),
	(186, '2015-01-20 12:11:15', 231),
	(187, '2015-01-21 10:13:18', 232),
	(188, '2015-01-22 11:55:36', 233),
	(189, '2015-01-24 17:09:20', 234),
	(190, '2015-01-27 11:52:18', 235),
	(191, '2015-01-27 12:49:18', 236),
	(192, '2015-01-30 18:37:56', 237);
/*!40000 ALTER TABLE `vendahistorico` ENABLE KEYS */;


-- Copiando estrutura para tabela sedaerot_loja.vendaservicoect
CREATE TABLE IF NOT EXISTS `vendaservicoect` (
  `vendaServicoECTID` int(11) NOT NULL AUTO_INCREMENT,
  `mVendaId` int(11) NOT NULL,
  `mServicoETCID` int(11) NOT NULL,
  `codigoObjetoECT` varchar(13) NOT NULL,
  PRIMARY KEY (`vendaServicoECTID`),
  KEY `FK__venda` (`mVendaId`),
  KEY `FK__servicoect` (`mServicoETCID`),
  CONSTRAINT `FK__servicoect` FOREIGN KEY (`mServicoETCID`) REFERENCES `servicoect` (`servidoECTID`) ON DELETE NO ACTION ON UPDATE NO ACTION,
  CONSTRAINT `FK__venda` FOREIGN KEY (`mVendaId`) REFERENCES `venda` (`vendaId`) ON DELETE NO ACTION ON UPDATE NO ACTION
) ENGINE=InnoDB DEFAULT CHARSET=utf8;

-- Copiando dados para a tabela sedaerot_loja.vendaservicoect: ~0 rows (aproximadamente)
/*!40000 ALTER TABLE `vendaservicoect` DISABLE KEYS */;
/*!40000 ALTER TABLE `vendaservicoect` ENABLE KEYS */;


-- Copiando estrutura para trigger sedaerot_loja.carrinhoproduto_after_insert
SET @OLDTMP_SQL_MODE=@@SQL_MODE, SQL_MODE='';
DELIMITER //
CREATE TRIGGER `carrinhoproduto_after_insert` AFTER INSERT ON `carrinhoproduto` FOR EACH ROW BEGIN
	UPDATE 
		produto 
	SET 
		quantidade = (quantidade - NEW.quantidade)
	WHERE 
		produtoId = NEW.mProdutoId;
END//
DELIMITER ;
SET SQL_MODE=@OLDTMP_SQL_MODE;


-- Copiando estrutura para trigger sedaerot_loja.venda_after_insert
SET @OLDTMP_SQL_MODE=@@SQL_MODE, SQL_MODE='';
DELIMITER //
CREATE TRIGGER `venda_after_insert` AFTER INSERT ON `venda` FOR EACH ROW BEGIN
	INSERT INTO vendahistorico(mVendaId) VALUE(NEW.vendaId);
END//
DELIMITER ;
SET SQL_MODE=@OLDTMP_SQL_MODE;
/*!40101 SET SQL_MODE=IFNULL(@OLD_SQL_MODE, '') */;
/*!40014 SET FOREIGN_KEY_CHECKS=IF(@OLD_FOREIGN_KEY_CHECKS IS NULL, 1, @OLD_FOREIGN_KEY_CHECKS) */;
/*!40101 SET CHARACTER_SET_CLIENT=@OLD_CHARACTER_SET_CLIENT */;
